mask_path,split,weather,has_bicycle,bicycle_pixels,valid_pixels,total_pixels,bicycle_pixel_ratio_valid
dissertation/data/processed/iddaw_masks/val/FOG/gtSeg/69/00000002_mask.png,val,fog,False,0,3145685,3145728,0.0
dissertation/data/processed/iddaw_masks/val/FOG/gtSeg/69/00000013_mask.png,val,fog,False,0,3145726,3145728,0.0
dissertation/data/processed/iddaw_masks/val/FOG/gtSeg/69/00000018_mask.png,val,fog,False,0,3145728,3145728,0.0
dissertation/data/processed/iddaw_masks/val/FOG/gtSeg/69/00000029_mask.png,val,fog,False,0,3141534,3145728,0.0
dissertation/data/processed/iddaw_masks/val/FOG/gtSeg/69/00000017_mask.png,val,fog,False,0,3145702,3145728,0.0
dissertation/data/processed/iddaw_masks/val/FOG/gtSeg/69/00000024_mask.png,val,fog,False,0,3143882,3145728,0.0
dissertation/data/processed/iddaw_masks/val/FOG/gtSeg/69/00000021_mask.png,val,fog,False,0,3145509,3145728,0.0
dissertation/data/processed/iddaw_masks/val/FOG/gtSeg/69/00000011_mask.png,val,fog,False,0,3145676,3145728,0.0
dissertation/data/processed/iddaw_masks/val/FOG/gtSeg/69/00000000_mask.png,val,fog,False,0,3145644,3145728,0.0
dissertation/data/processed/iddaw_masks/val/FOG/gtSeg/69/00000010_mask.png,val,fog,False,0,3145728,3145728,0.0
dissertation/data/processed/iddaw_masks/val/FOG/gtSeg/69/00000019_mask.png,val,fog,False,0,3145714,3145728,0.0
dissertation/data/processed/iddaw_masks/val/FOG/gtSeg/69/00000005_mask.png,val,fog,False,0,3145699,3145728,0.0
dissertation/data/processed/iddaw_masks/val/FOG/gtSeg/69/00000007_mask.png,val,fog,False,0,3145728,3145728,0.0
dissertation/data/processed/iddaw_masks/val/FOG/gtSeg/69/00000027_mask.png,val,fog,False,0,3145647,3145728,0.0
dissertation/data/processed/iddaw_masks/val/FOG/gtSeg/69/00000023_mask.png,val,fog,False,0,3145728,3145728,0.0
dissertation/data/processed/iddaw_masks/val/FOG/gtSeg/69/00000022_mask.png,val,fog,False,0,3145648,3145728,0.0
dissertation/data/processed/iddaw_masks/val/FOG/gtSeg/69/00000015_mask.png,val,fog,False,0,3145728,3145728,0.0
dissertation/data/processed/iddaw_masks/val/FOG/gtSeg/69/00000012_mask.png,val,fog,False,0,3140657,3145728,0.0
dissertation/data/processed/iddaw_masks/val/FOG/gtSeg/69/00000001_mask.png,val,fog,False,0,3145728,3145728,0.0
dissertation/data/processed/iddaw_masks/val/FOG/gtSeg/69/00000006_mask.png,val,fog,False,0,3145728,3145728,0.0
dissertation/data/processed/iddaw_masks/val/FOG/gtSeg/69/00000030_mask.png,val,fog,False,0,3145728,3145728,0.0
dissertation/data/processed/iddaw_masks/val/FOG/gtSeg/69/00000031_mask.png,val,fog,False,0,3145426,3145728,0.0
dissertation/data/processed/iddaw_masks/val/FOG/gtSeg/69/00000028_mask.png,val,fog,False,0,3145725,3145728,0.0
dissertation/data/processed/iddaw_masks/val/FOG/gtSeg/69/00000009_mask.png,val,fog,False,0,3145728,3145728,0.0
dissertation/data/processed/iddaw_masks/val/FOG/gtSeg/69/00000020_mask.png,val,fog,False,0,3145728,3145728,0.0
dissertation/data/processed/iddaw_masks/val/FOG/gtSeg/69/00000016_mask.png,val,fog,False,0,3145728,3145728,0.0
dissertation/data/processed/iddaw_masks/val/FOG/gtSeg/69/00000026_mask.png,val,fog,False,0,3145728,3145728,0.0
dissertation/data/processed/iddaw_masks/val/FOG/gtSeg/69/00000004_mask.png,val,fog,False,0,3145728,3145728,0.0
dissertation/data/processed/iddaw_masks/val/FOG/gtSeg/69/00000025_mask.png,val,fog,False,0,3145728,3145728,0.0
dissertation/data/processed/iddaw_masks/val/FOG/gtSeg/69/00000008_mask.png,val,fog,False,0,3145631,3145728,0.0
dissertation/data/processed/iddaw_masks/val/FOG/gtSeg/69/00000014_mask.png,val,fog,False,0,3145713,3145728,0.0
dissertation/data/processed/iddaw_masks/val/FOG/gtSeg/69/00000032_mask.png,val,fog,False,0,3145728,3145728,0.0
dissertation/data/processed/iddaw_masks/val/FOG/gtSeg/69/00000003_mask.png,val,fog,False,0,3145728,3145728,0.0
dissertation/data/processed/iddaw_masks/val/FOG/gtSeg/105/00000002_mask.png,val,fog,False,0,3145657,3145728,0.0
dissertation/data/processed/iddaw_masks/val/FOG/gtSeg/105/00000013_mask.png,val,fog,False,0,3145658,3145728,0.0
dissertation/data/processed/iddaw_masks/val/FOG/gtSeg/105/00000018_mask.png,val,fog,False,0,3145728,3145728,0.0
dissertation/data/processed/iddaw_masks/val/FOG/gtSeg/105/00000029_mask.png,val,fog,False,0,3145728,3145728,0.0
dissertation/data/processed/iddaw_masks/val/FOG/gtSeg/105/00000017_mask.png,val,fog,False,0,3145728,3145728,0.0
dissertation/data/processed/iddaw_masks/val/FOG/gtSeg/105/00000024_mask.png,val,fog,False,0,3145136,3145728,0.0
dissertation/data/processed/iddaw_masks/val/FOG/gtSeg/105/00000021_mask.png,val,fog,False,0,3145728,3145728,0.0
dissertation/data/processed/iddaw_masks/val/FOG/gtSeg/105/00000011_mask.png,val,fog,False,0,3145594,3145728,0.0
dissertation/data/processed/iddaw_masks/val/FOG/gtSeg/105/00000000_mask.png,val,fog,False,0,3145674,3145728,0.0
dissertation/data/processed/iddaw_masks/val/FOG/gtSeg/105/00000010_mask.png,val,fog,False,0,3145724,3145728,0.0
dissertation/data/processed/iddaw_masks/val/FOG/gtSeg/105/00000019_mask.png,val,fog,False,0,3145728,3145728,0.0
dissertation/data/processed/iddaw_masks/val/FOG/gtSeg/105/00000005_mask.png,val,fog,False,0,3145728,3145728,0.0
dissertation/data/processed/iddaw_masks/val/FOG/gtSeg/105/00000007_mask.png,val,fog,False,0,3145728,3145728,0.0
dissertation/data/processed/iddaw_masks/val/FOG/gtSeg/105/00000027_mask.png,val,fog,False,0,3144523,3145728,0.0
dissertation/data/processed/iddaw_masks/val/FOG/gtSeg/105/00000023_mask.png,val,fog,False,0,3145505,3145728,0.0
dissertation/data/processed/iddaw_masks/val/FOG/gtSeg/105/00000022_mask.png,val,fog,False,0,3145728,3145728,0.0
dissertation/data/processed/iddaw_masks/val/FOG/gtSeg/105/00000015_mask.png,val,fog,False,0,3145728,3145728,0.0
dissertation/data/processed/iddaw_masks/val/FOG/gtSeg/105/00000012_mask.png,val,fog,False,0,3145728,3145728,0.0
dissertation/data/processed/iddaw_masks/val/FOG/gtSeg/105/00000001_mask.png,val,fog,False,0,3145675,3145728,0.0
dissertation/data/processed/iddaw_masks/val/FOG/gtSeg/105/00000006_mask.png,val,fog,False,0,3145576,3145728,0.0
dissertation/data/processed/iddaw_masks/val/FOG/gtSeg/105/00000030_mask.png,val,fog,False,0,3145406,3145728,0.0
dissertation/data/processed/iddaw_masks/val/FOG/gtSeg/105/00000028_mask.png,val,fog,False,0,3145713,3145728,0.0
dissertation/data/processed/iddaw_masks/val/FOG/gtSeg/105/00000009_mask.png,val,fog,False,0,3145726,3145728,0.0
dissertation/data/processed/iddaw_masks/val/FOG/gtSeg/105/00000020_mask.png,val,fog,False,0,3145728,3145728,0.0
dissertation/data/processed/iddaw_masks/val/FOG/gtSeg/105/00000016_mask.png,val,fog,False,0,3145728,3145728,0.0
dissertation/data/processed/iddaw_masks/val/FOG/gtSeg/105/00000026_mask.png,val,fog,False,0,3145443,3145728,0.0
dissertation/data/processed/iddaw_masks/val/FOG/gtSeg/105/00000004_mask.png,val,fog,False,0,3145728,3145728,0.0
dissertation/data/processed/iddaw_masks/val/FOG/gtSeg/105/00000025_mask.png,val,fog,False,0,3145723,3145728,0.0
dissertation/data/processed/iddaw_masks/val/FOG/gtSeg/105/00000008_mask.png,val,fog,False,0,3145728,3145728,0.0
dissertation/data/processed/iddaw_masks/val/FOG/gtSeg/105/00000014_mask.png,val,fog,False,0,3145728,3145728,0.0
dissertation/data/processed/iddaw_masks/val/FOG/gtSeg/105/00000003_mask.png,val,fog,False,0,3145679,3145728,0.0
dissertation/data/processed/iddaw_masks/val/FOG/gtSeg/56/00000002_mask.png,val,fog,False,0,3145728,3145728,0.0
dissertation/data/processed/iddaw_masks/val/FOG/gtSeg/56/00000034_mask.png,val,fog,False,0,3145728,3145728,0.0
dissertation/data/processed/iddaw_masks/val/FOG/gtSeg/56/00000013_mask.png,val,fog,False,0,3145728,3145728,0.0
dissertation/data/processed/iddaw_masks/val/FOG/gtSeg/56/00000018_mask.png,val,fog,False,0,3145728,3145728,0.0
dissertation/data/processed/iddaw_masks/val/FOG/gtSeg/56/00000029_mask.png,val,fog,False,0,3145728,3145728,0.0
dissertation/data/processed/iddaw_masks/val/FOG/gtSeg/56/00000017_mask.png,val,fog,False,0,3145728,3145728,0.0
dissertation/data/processed/iddaw_masks/val/FOG/gtSeg/56/00000024_mask.png,val,fog,False,0,3145728,3145728,0.0
dissertation/data/processed/iddaw_masks/val/FOG/gtSeg/56/00000021_mask.png,val,fog,False,0,3143952,3145728,0.0
dissertation/data/processed/iddaw_masks/val/FOG/gtSeg/56/00000035_mask.png,val,fog,False,0,3145728,3145728,0.0
dissertation/data/processed/iddaw_masks/val/FOG/gtSeg/56/00000011_mask.png,val,fog,False,0,3145728,3145728,0.0
dissertation/data/processed/iddaw_masks/val/FOG/gtSeg/56/00000000_mask.png,val,fog,False,0,3145728,3145728,0.0
dissertation/data/processed/iddaw_masks/val/FOG/gtSeg/56/00000010_mask.png,val,fog,False,0,3145728,3145728,0.0
dissertation/data/processed/iddaw_masks/val/FOG/gtSeg/56/00000019_mask.png,val,fog,False,0,3145728,3145728,0.0
dissertation/data/processed/iddaw_masks/val/FOG/gtSeg/56/00000005_mask.png,val,fog,False,0,3145728,3145728,0.0
dissertation/data/processed/iddaw_masks/val/FOG/gtSeg/56/00000043_mask.png,val,fog,False,0,3145374,3145728,0.0
dissertation/data/processed/iddaw_masks/val/FOG/gtSeg/56/00000007_mask.png,val,fog,False,0,3145716,3145728,0.0
dissertation/data/processed/iddaw_masks/val/FOG/gtSeg/56/00000047_mask.png,val,fog,False,0,3145664,3145728,0.0
dissertation/data/processed/iddaw_masks/val/FOG/gtSeg/56/00000027_mask.png,val,fog,False,0,3145728,3145728,0.0
dissertation/data/processed/iddaw_masks/val/FOG/gtSeg/56/00000023_mask.png,val,fog,False,0,3145728,3145728,0.0
dissertation/data/processed/iddaw_masks/val/FOG/gtSeg/56/00000040_mask.png,val,fog,False,0,3145728,3145728,0.0
dissertation/data/processed/iddaw_masks/val/FOG/gtSeg/56/00000022_mask.png,val,fog,False,0,3145727,3145728,0.0
dissertation/data/processed/iddaw_masks/val/FOG/gtSeg/56/00000015_mask.png,val,fog,False,0,3145728,3145728,0.0
dissertation/data/processed/iddaw_masks/val/FOG/gtSeg/56/00000044_mask.png,val,fog,False,0,3145728,3145728,0.0
dissertation/data/processed/iddaw_masks/val/FOG/gtSeg/56/00000012_mask.png,val,fog,False,0,3145728,3145728,0.0
dissertation/data/processed/iddaw_masks/val/FOG/gtSeg/56/00000001_mask.png,val,fog,False,0,3145728,3145728,0.0
dissertation/data/processed/iddaw_masks/val/FOG/gtSeg/56/00000006_mask.png,val,fog,False,0,3145558,3145728,0.0
dissertation/data/processed/iddaw_masks/val/FOG/gtSeg/56/00000048_mask.png,val,fog,False,0,3145728,3145728,0.0
dissertation/data/processed/iddaw_masks/val/FOG/gtSeg/56/00000030_mask.png,val,fog,False,0,3145728,3145728,0.0
dissertation/data/processed/iddaw_masks/val/FOG/gtSeg/56/00000031_mask.png,val,fog,False,0,3145186,3145728,0.0
dissertation/data/processed/iddaw_masks/val/FOG/gtSeg/56/00000033_mask.png,val,fog,False,0,3145728,3145728,0.0
dissertation/data/processed/iddaw_masks/val/FOG/gtSeg/56/00000028_mask.png,val,fog,False,0,3145728,3145728,0.0
dissertation/data/processed/iddaw_masks/val/FOG/gtSeg/56/00000039_mask.png,val,fog,False,0,3145728,3145728,0.0
dissertation/data/processed/iddaw_masks/val/FOG/gtSeg/56/00000038_mask.png,val,fog,False,0,3145699,3145728,0.0
dissertation/data/processed/iddaw_masks/val/FOG/gtSeg/56/00000037_mask.png,val,fog,False,0,3145728,3145728,0.0
dissertation/data/processed/iddaw_masks/val/FOG/gtSeg/56/00000009_mask.png,val,fog,False,0,3145728,3145728,0.0
dissertation/data/processed/iddaw_masks/val/FOG/gtSeg/56/00000042_mask.png,val,fog,False,0,3145728,3145728,0.0
dissertation/data/processed/iddaw_masks/val/FOG/gtSeg/56/00000020_mask.png,val,fog,False,0,3145697,3145728,0.0
dissertation/data/processed/iddaw_masks/val/FOG/gtSeg/56/00000046_mask.png,val,fog,False,0,3145728,3145728,0.0
dissertation/data/processed/iddaw_masks/val/FOG/gtSeg/56/00000016_mask.png,val,fog,False,0,3145578,3145728,0.0
dissertation/data/processed/iddaw_masks/val/FOG/gtSeg/56/00000036_mask.png,val,fog,False,0,3143682,3145728,0.0
dissertation/data/processed/iddaw_masks/val/FOG/gtSeg/56/00000026_mask.png,val,fog,False,0,3141905,3145728,0.0
dissertation/data/processed/iddaw_masks/val/FOG/gtSeg/56/00000045_mask.png,val,fog,False,0,3131399,3145728,0.0
dissertation/data/processed/iddaw_masks/val/FOG/gtSeg/56/00000041_mask.png,val,fog,False,0,3145554,3145728,0.0
dissertation/data/processed/iddaw_masks/val/FOG/gtSeg/56/00000004_mask.png,val,fog,False,0,3145728,3145728,0.0
dissertation/data/processed/iddaw_masks/val/FOG/gtSeg/56/00000025_mask.png,val,fog,False,0,3145490,3145728,0.0
dissertation/data/processed/iddaw_masks/val/FOG/gtSeg/56/00000008_mask.png,val,fog,False,0,3145728,3145728,0.0
dissertation/data/processed/iddaw_masks/val/FOG/gtSeg/56/00000014_mask.png,val,fog,False,0,3143681,3145728,0.0
dissertation/data/processed/iddaw_masks/val/FOG/gtSeg/56/00000032_mask.png,val,fog,False,0,3145728,3145728,0.0
dissertation/data/processed/iddaw_masks/val/FOG/gtSeg/56/00000003_mask.png,val,fog,False,0,3145728,3145728,0.0
dissertation/data/processed/iddaw_masks/val/FOG/gtSeg/80/00000002_mask.png,val,fog,False,0,3145728,3145728,0.0
dissertation/data/processed/iddaw_masks/val/FOG/gtSeg/80/00000034_mask.png,val,fog,False,0,3145728,3145728,0.0
dissertation/data/processed/iddaw_masks/val/FOG/gtSeg/80/00000013_mask.png,val,fog,False,0,3145725,3145728,0.0
dissertation/data/processed/iddaw_masks/val/FOG/gtSeg/80/00000018_mask.png,val,fog,False,0,3145728,3145728,0.0
dissertation/data/processed/iddaw_masks/val/FOG/gtSeg/80/00000029_mask.png,val,fog,False,0,3145727,3145728,0.0
dissertation/data/processed/iddaw_masks/val/FOG/gtSeg/80/00000017_mask.png,val,fog,False,0,3145728,3145728,0.0
dissertation/data/processed/iddaw_masks/val/FOG/gtSeg/80/00000024_mask.png,val,fog,False,0,3145724,3145728,0.0
dissertation/data/processed/iddaw_masks/val/FOG/gtSeg/80/00000021_mask.png,val,fog,False,0,3143668,3145728,0.0
dissertation/data/processed/iddaw_masks/val/FOG/gtSeg/80/00000011_mask.png,val,fog,False,0,3145655,3145728,0.0
dissertation/data/processed/iddaw_masks/val/FOG/gtSeg/80/00000000_mask.png,val,fog,False,0,3145728,3145728,0.0
dissertation/data/processed/iddaw_masks/val/FOG/gtSeg/80/00000010_mask.png,val,fog,False,0,3145728,3145728,0.0
dissertation/data/processed/iddaw_masks/val/FOG/gtSeg/80/00000019_mask.png,val,fog,False,0,3145728,3145728,0.0
dissertation/data/processed/iddaw_masks/val/FOG/gtSeg/80/00000005_mask.png,val,fog,False,0,3145696,3145728,0.0
dissertation/data/processed/iddaw_masks/val/FOG/gtSeg/80/00000007_mask.png,val,fog,False,0,3145728,3145728,0.0
dissertation/data/processed/iddaw_masks/val/FOG/gtSeg/80/00000027_mask.png,val,fog,False,0,3145728,3145728,0.0
dissertation/data/processed/iddaw_masks/val/FOG/gtSeg/80/00000023_mask.png,val,fog,False,0,3145728,3145728,0.0
dissertation/data/processed/iddaw_masks/val/FOG/gtSeg/80/00000022_mask.png,val,fog,False,0,3145725,3145728,0.0
dissertation/data/processed/iddaw_masks/val/FOG/gtSeg/80/00000015_mask.png,val,fog,False,0,3145728,3145728,0.0
dissertation/data/processed/iddaw_masks/val/FOG/gtSeg/80/00000012_mask.png,val,fog,False,0,3145728,3145728,0.0
dissertation/data/processed/iddaw_masks/val/FOG/gtSeg/80/00000001_mask.png,val,fog,False,0,3145728,3145728,0.0
dissertation/data/processed/iddaw_masks/val/FOG/gtSeg/80/00000006_mask.png,val,fog,False,0,3145728,3145728,0.0
dissertation/data/processed/iddaw_masks/val/FOG/gtSeg/80/00000030_mask.png,val,fog,False,0,3145685,3145728,0.0
dissertation/data/processed/iddaw_masks/val/FOG/gtSeg/80/00000031_mask.png,val,fog,False,0,3145686,3145728,0.0
dissertation/data/processed/iddaw_masks/val/FOG/gtSeg/80/00000033_mask.png,val,fog,False,0,3145728,3145728,0.0
dissertation/data/processed/iddaw_masks/val/FOG/gtSeg/80/00000028_mask.png,val,fog,False,0,3145722,3145728,0.0
dissertation/data/processed/iddaw_masks/val/FOG/gtSeg/80/00000009_mask.png,val,fog,False,0,3145728,3145728,0.0
dissertation/data/processed/iddaw_masks/val/FOG/gtSeg/80/00000020_mask.png,val,fog,False,0,3145381,3145728,0.0
dissertation/data/processed/iddaw_masks/val/FOG/gtSeg/80/00000016_mask.png,val,fog,False,0,3145728,3145728,0.0
dissertation/data/processed/iddaw_masks/val/FOG/gtSeg/80/00000026_mask.png,val,fog,False,0,3144064,3145728,0.0
dissertation/data/processed/iddaw_masks/val/FOG/gtSeg/80/00000004_mask.png,val,fog,False,0,3145728,3145728,0.0
dissertation/data/processed/iddaw_masks/val/FOG/gtSeg/80/00000025_mask.png,val,fog,False,0,3145728,3145728,0.0
dissertation/data/processed/iddaw_masks/val/FOG/gtSeg/80/00000008_mask.png,val,fog,False,0,3145728,3145728,0.0
dissertation/data/processed/iddaw_masks/val/FOG/gtSeg/80/00000014_mask.png,val,fog,False,0,3145728,3145728,0.0
dissertation/data/processed/iddaw_masks/val/FOG/gtSeg/80/00000032_mask.png,val,fog,False,0,3145265,3145728,0.0
dissertation/data/processed/iddaw_masks/val/FOG/gtSeg/80/00000003_mask.png,val,fog,False,0,3145728,3145728,0.0
dissertation/data/processed/iddaw_masks/val/FOG/gtSeg/91/00000002_mask.png,val,fog,False,0,3145715,3145728,0.0
dissertation/data/processed/iddaw_masks/val/FOG/gtSeg/91/00000000_mask.png,val,fog,False,0,3145728,3145728,0.0
dissertation/data/processed/iddaw_masks/val/FOG/gtSeg/91/00000005_mask.png,val,fog,False,0,3145728,3145728,0.0
dissertation/data/processed/iddaw_masks/val/FOG/gtSeg/91/00000001_mask.png,val,fog,False,0,3145728,3145728,0.0
dissertation/data/processed/iddaw_masks/val/FOG/gtSeg/91/00000004_mask.png,val,fog,False,0,3145728,3145728,0.0
dissertation/data/processed/iddaw_masks/val/FOG/gtSeg/91/00000003_mask.png,val,fog,False,0,3145728,3145728,0.0
dissertation/data/processed/iddaw_masks/val/RAIN/gtSeg/41/00000002_mask.png,val,rain,False,0,3145728,3145728,0.0
dissertation/data/processed/iddaw_masks/val/RAIN/gtSeg/41/00000034_mask.png,val,rain,False,0,3145699,3145728,0.0
dissertation/data/processed/iddaw_masks/val/RAIN/gtSeg/41/00000013_mask.png,val,rain,False,0,3145721,3145728,0.0
dissertation/data/processed/iddaw_masks/val/RAIN/gtSeg/41/00000068_mask.png,val,rain,False,0,3145728,3145728,0.0
dissertation/data/processed/iddaw_masks/val/RAIN/gtSeg/41/00000049_mask.png,val,rain,False,0,3145676,3145728,0.0
dissertation/data/processed/iddaw_masks/val/RAIN/gtSeg/41/00000018_mask.png,val,rain,False,0,3145728,3145728,0.0
dissertation/data/processed/iddaw_masks/val/RAIN/gtSeg/41/00000050_mask.png,val,rain,False,0,3145357,3145728,0.0
dissertation/data/processed/iddaw_masks/val/RAIN/gtSeg/41/00000029_mask.png,val,rain,False,0,3145680,3145728,0.0
dissertation/data/processed/iddaw_masks/val/RAIN/gtSeg/41/00000075_mask.png,val,rain,False,0,3145728,3145728,0.0
dissertation/data/processed/iddaw_masks/val/RAIN/gtSeg/41/00000057_mask.png,val,rain,False,0,3145728,3145728,0.0
dissertation/data/processed/iddaw_masks/val/RAIN/gtSeg/41/00000017_mask.png,val,rain,False,0,3145728,3145728,0.0
dissertation/data/processed/iddaw_masks/val/RAIN/gtSeg/41/00000069_mask.png,val,rain,False,0,3145100,3145728,0.0
dissertation/data/processed/iddaw_masks/val/RAIN/gtSeg/41/00000024_mask.png,val,rain,False,0,3145716,3145728,0.0
dissertation/data/processed/iddaw_masks/val/RAIN/gtSeg/41/00000021_mask.png,val,rain,False,0,3145669,3145728,0.0
dissertation/data/processed/iddaw_masks/val/RAIN/gtSeg/41/00000079_mask.png,val,rain,False,0,3145509,3145728,0.0
dissertation/data/processed/iddaw_masks/val/RAIN/gtSeg/41/00000035_mask.png,val,rain,False,0,3145652,3145728,0.0
dissertation/data/processed/iddaw_masks/val/RAIN/gtSeg/41/00000011_mask.png,val,rain,False,0,3145720,3145728,0.0
dissertation/data/processed/iddaw_masks/val/RAIN/gtSeg/41/00000000_mask.png,val,rain,False,0,3145701,3145728,0.0
dissertation/data/processed/iddaw_masks/val/RAIN/gtSeg/41/00000072_mask.png,val,rain,False,0,3144909,3145728,0.0
dissertation/data/processed/iddaw_masks/val/RAIN/gtSeg/41/00000010_mask.png,val,rain,False,0,3145667,3145728,0.0
dissertation/data/processed/iddaw_masks/val/RAIN/gtSeg/41/00000019_mask.png,val,rain,False,0,3145728,3145728,0.0
dissertation/data/processed/iddaw_masks/val/RAIN/gtSeg/41/00000005_mask.png,val,rain,False,0,3145728,3145728,0.0
dissertation/data/processed/iddaw_masks/val/RAIN/gtSeg/41/00000077_mask.png,val,rain,False,0,3145724,3145728,0.0
dissertation/data/processed/iddaw_masks/val/RAIN/gtSeg/41/00000081_mask.png,val,rain,False,0,3145174,3145728,0.0
dissertation/data/processed/iddaw_masks/val/RAIN/gtSeg/41/00000065_mask.png,val,rain,False,0,3145728,3145728,0.0
dissertation/data/processed/iddaw_masks/val/RAIN/gtSeg/41/00000074_mask.png,val,rain,False,0,3145628,3145728,0.0
dissertation/data/processed/iddaw_masks/val/RAIN/gtSeg/41/00000043_mask.png,val,rain,False,0,3144909,3145728,0.0
dissertation/data/processed/iddaw_masks/val/RAIN/gtSeg/41/00000059_mask.png,val,rain,False,0,3145704,3145728,0.0
dissertation/data/processed/iddaw_masks/val/RAIN/gtSeg/41/00000007_mask.png,val,rain,False,0,3145728,3145728,0.0
dissertation/data/processed/iddaw_masks/val/RAIN/gtSeg/41/00000080_mask.png,val,rain,False,0,3145484,3145728,0.0
dissertation/data/processed/iddaw_masks/val/RAIN/gtSeg/41/00000066_mask.png,val,rain,False,0,3145702,3145728,0.0
dissertation/data/processed/iddaw_masks/val/RAIN/gtSeg/41/00000047_mask.png,val,rain,False,0,3145619,3145728,0.0
dissertation/data/processed/iddaw_masks/val/RAIN/gtSeg/41/00000027_mask.png,val,rain,False,0,3145724,3145728,0.0
dissertation/data/processed/iddaw_masks/val/RAIN/gtSeg/41/00000023_mask.png,val,rain,False,0,3145652,3145728,0.0
dissertation/data/processed/iddaw_masks/val/RAIN/gtSeg/41/00000040_mask.png,val,rain,False,0,3143755,3145728,0.0
dissertation/data/processed/iddaw_masks/val/RAIN/gtSeg/41/00000022_mask.png,val,rain,False,0,3145728,3145728,0.0
dissertation/data/processed/iddaw_masks/val/RAIN/gtSeg/41/00000015_mask.png,val,rain,False,0,3145728,3145728,0.0
dissertation/data/processed/iddaw_masks/val/RAIN/gtSeg/41/00000044_mask.png,val,rain,False,0,3145652,3145728,0.0
dissertation/data/processed/iddaw_masks/val/RAIN/gtSeg/41/00000012_mask.png,val,rain,False,0,3145728,3145728,0.0
dissertation/data/processed/iddaw_masks/val/RAIN/gtSeg/41/00000001_mask.png,val,rain,False,0,3145728,3145728,0.0
dissertation/data/processed/iddaw_masks/val/RAIN/gtSeg/41/00000006_mask.png,val,rain,False,0,3143681,3145728,0.0
dissertation/data/processed/iddaw_masks/val/RAIN/gtSeg/41/00000073_mask.png,val,rain,False,0,3145727,3145728,0.0
dissertation/data/processed/iddaw_masks/val/RAIN/gtSeg/41/00000048_mask.png,val,rain,False,0,3145304,3145728,0.0
dissertation/data/processed/iddaw_masks/val/RAIN/gtSeg/41/00000030_mask.png,val,rain,False,0,3145723,3145728,0.0
dissertation/data/processed/iddaw_masks/val/RAIN/gtSeg/41/00000031_mask.png,val,rain,False,0,3145401,3145728,0.0
dissertation/data/processed/iddaw_masks/val/RAIN/gtSeg/41/00000033_mask.png,val,rain,False,0,3145656,3145728,0.0
dissertation/data/processed/iddaw_masks/val/RAIN/gtSeg/41/00000076_mask.png,val,rain,False,0,3145724,3145728,0.0
dissertation/data/processed/iddaw_masks/val/RAIN/gtSeg/41/00000064_mask.png,val,rain,False,0,3145559,3145728,0.0
dissertation/data/processed/iddaw_masks/val/RAIN/gtSeg/41/00000055_mask.png,val,rain,False,0,3145612,3145728,0.0
dissertation/data/processed/iddaw_masks/val/RAIN/gtSeg/41/00000028_mask.png,val,rain,False,0,3145505,3145728,0.0
dissertation/data/processed/iddaw_masks/val/RAIN/gtSeg/41/00000039_mask.png,val,rain,False,0,3145211,3145728,0.0
dissertation/data/processed/iddaw_masks/val/RAIN/gtSeg/41/00000038_mask.png,val,rain,False,0,3144153,3145728,0.0
dissertation/data/processed/iddaw_masks/val/RAIN/gtSeg/41/00000062_mask.png,val,rain,False,0,3143845,3145728,0.0
dissertation/data/processed/iddaw_masks/val/RAIN/gtSeg/41/00000052_mask.png,val,rain,False,0,3145389,3145728,0.0
dissertation/data/processed/iddaw_masks/val/RAIN/gtSeg/41/00000051_mask.png,val,rain,False,0,3145728,3145728,0.0
dissertation/data/processed/iddaw_masks/val/RAIN/gtSeg/41/00000037_mask.png,val,rain,False,0,3145708,3145728,0.0
dissertation/data/processed/iddaw_masks/val/RAIN/gtSeg/41/00000009_mask.png,val,rain,False,0,3145728,3145728,0.0
dissertation/data/processed/iddaw_masks/val/RAIN/gtSeg/41/00000042_mask.png,val,rain,False,0,3145728,3145728,0.0
dissertation/data/processed/iddaw_masks/val/RAIN/gtSeg/41/00000054_mask.png,val,rain,False,0,3144685,3145728,0.0
dissertation/data/processed/iddaw_masks/val/RAIN/gtSeg/41/00000063_mask.png,val,rain,False,0,3145470,3145728,0.0
dissertation/data/processed/iddaw_masks/val/RAIN/gtSeg/41/00000071_mask.png,val,rain,False,0,3144664,3145728,0.0
dissertation/data/processed/iddaw_masks/val/RAIN/gtSeg/41/00000020_mask.png,val,rain,False,0,3145728,3145728,0.0
dissertation/data/processed/iddaw_masks/val/RAIN/gtSeg/41/00000058_mask.png,val,rain,False,0,3145710,3145728,0.0
dissertation/data/processed/iddaw_masks/val/RAIN/gtSeg/41/00000078_mask.png,val,rain,False,0,3145727,3145728,0.0
dissertation/data/processed/iddaw_masks/val/RAIN/gtSeg/41/00000056_mask.png,val,rain,False,0,3145418,3145728,0.0
dissertation/data/processed/iddaw_masks/val/RAIN/gtSeg/41/00000046_mask.png,val,rain,False,0,3144871,3145728,0.0
dissertation/data/processed/iddaw_masks/val/RAIN/gtSeg/41/00000067_mask.png,val,rain,False,0,3145679,3145728,0.0
dissertation/data/processed/iddaw_masks/val/RAIN/gtSeg/41/00000016_mask.png,val,rain,False,0,3145715,3145728,0.0
dissertation/data/processed/iddaw_masks/val/RAIN/gtSeg/41/00000061_mask.png,val,rain,False,0,3145672,3145728,0.0
dissertation/data/processed/iddaw_masks/val/RAIN/gtSeg/41/00000036_mask.png,val,rain,False,0,3145688,3145728,0.0
dissertation/data/processed/iddaw_masks/val/RAIN/gtSeg/41/00000026_mask.png,val,rain,False,0,3145663,3145728,0.0
dissertation/data/processed/iddaw_masks/val/RAIN/gtSeg/41/00000045_mask.png,val,rain,False,0,3145019,3145728,0.0
dissertation/data/processed/iddaw_masks/val/RAIN/gtSeg/41/00000041_mask.png,val,rain,False,0,3143755,3145728,0.0
dissertation/data/processed/iddaw_masks/val/RAIN/gtSeg/41/00000004_mask.png,val,rain,False,0,3145694,3145728,0.0
dissertation/data/processed/iddaw_masks/val/RAIN/gtSeg/41/00000025_mask.png,val,rain,False,0,3145648,3145728,0.0
dissertation/data/processed/iddaw_masks/val/RAIN/gtSeg/41/00000008_mask.png,val,rain,False,0,3145728,3145728,0.0
dissertation/data/processed/iddaw_masks/val/RAIN/gtSeg/41/00000070_mask.png,val,rain,False,0,3145726,3145728,0.0
dissertation/data/processed/iddaw_masks/val/RAIN/gtSeg/41/00000060_mask.png,val,rain,False,0,3145697,3145728,0.0
dissertation/data/processed/iddaw_masks/val/RAIN/gtSeg/41/00000014_mask.png,val,rain,False,0,3145709,3145728,0.0
dissertation/data/processed/iddaw_masks/val/RAIN/gtSeg/41/00000032_mask.png,val,rain,False,0,3145639,3145728,0.0
dissertation/data/processed/iddaw_masks/val/RAIN/gtSeg/41/00000053_mask.png,val,rain,False,0,3145658,3145728,0.0
dissertation/data/processed/iddaw_masks/val/RAIN/gtSeg/41/00000003_mask.png,val,rain,False,0,3145663,3145728,0.0
dissertation/data/processed/iddaw_masks/val/RAIN/gtSeg/26/00000002_mask.png,val,rain,False,0,3145664,3145728,0.0
dissertation/data/processed/iddaw_masks/val/RAIN/gtSeg/26/00000013_mask.png,val,rain,False,0,3145727,3145728,0.0
dissertation/data/processed/iddaw_masks/val/RAIN/gtSeg/26/00000011_mask.png,val,rain,False,0,3145460,3145728,0.0
dissertation/data/processed/iddaw_masks/val/RAIN/gtSeg/26/00000000_mask.png,val,rain,False,0,3145726,3145728,0.0
dissertation/data/processed/iddaw_masks/val/RAIN/gtSeg/26/00000010_mask.png,val,rain,False,0,3145401,3145728,0.0
dissertation/data/processed/iddaw_masks/val/RAIN/gtSeg/26/00000005_mask.png,val,rain,False,0,3145728,3145728,0.0
dissertation/data/processed/iddaw_masks/val/RAIN/gtSeg/26/00000007_mask.png,val,rain,False,0,3145726,3145728,0.0
dissertation/data/processed/iddaw_masks/val/RAIN/gtSeg/26/00000015_mask.png,val,rain,False,0,3145728,3145728,0.0
dissertation/data/processed/iddaw_masks/val/RAIN/gtSeg/26/00000012_mask.png,val,rain,False,0,3145667,3145728,0.0
dissertation/data/processed/iddaw_masks/val/RAIN/gtSeg/26/00000001_mask.png,val,rain,False,0,3144386,3145728,0.0
dissertation/data/processed/iddaw_masks/val/RAIN/gtSeg/26/00000006_mask.png,val,rain,False,0,3145702,3145728,0.0
dissertation/data/processed/iddaw_masks/val/RAIN/gtSeg/26/00000009_mask.png,val,rain,False,0,3145605,3145728,0.0
dissertation/data/processed/iddaw_masks/val/RAIN/gtSeg/26/00000004_mask.png,val,rain,False,0,3145728,3145728,0.0
dissertation/data/processed/iddaw_masks/val/RAIN/gtSeg/26/00000008_mask.png,val,rain,False,0,3145724,3145728,0.0
dissertation/data/processed/iddaw_masks/val/RAIN/gtSeg/26/00000014_mask.png,val,rain,False,0,3145695,3145728,0.0
dissertation/data/processed/iddaw_masks/val/RAIN/gtSeg/26/00000003_mask.png,val,rain,False,0,3143680,3145728,0.0
dissertation/data/processed/iddaw_masks/val/RAIN/gtSeg/8/00000002_mask.png,val,rain,False,0,3145504,3145728,0.0
dissertation/data/processed/iddaw_masks/val/RAIN/gtSeg/8/00000000_mask.png,val,rain,False,0,3145728,3145728,0.0
dissertation/data/processed/iddaw_masks/val/RAIN/gtSeg/8/00000005_mask.png,val,rain,False,0,3145699,3145728,0.0
dissertation/data/processed/iddaw_masks/val/RAIN/gtSeg/8/00000001_mask.png,val,rain,False,0,3145106,3145728,0.0
dissertation/data/processed/iddaw_masks/val/RAIN/gtSeg/8/00000006_mask.png,val,rain,False,0,3145695,3145728,0.0
dissertation/data/processed/iddaw_masks/val/RAIN/gtSeg/8/00000004_mask.png,val,rain,False,0,3145725,3145728,0.0
dissertation/data/processed/iddaw_masks/val/RAIN/gtSeg/8/00000003_mask.png,val,rain,False,0,3145715,3145728,0.0
dissertation/data/processed/iddaw_masks/val/RAIN/gtSeg/22/00000002_mask.png,val,rain,False,0,3145345,3145728,0.0
dissertation/data/processed/iddaw_masks/val/RAIN/gtSeg/22/00000013_mask.png,val,rain,False,0,3145728,3145728,0.0
dissertation/data/processed/iddaw_masks/val/RAIN/gtSeg/22/00000011_mask.png,val,rain,False,0,3145728,3145728,0.0
dissertation/data/processed/iddaw_masks/val/RAIN/gtSeg/22/00000000_mask.png,val,rain,False,0,3145706,3145728,0.0
dissertation/data/processed/iddaw_masks/val/RAIN/gtSeg/22/00000010_mask.png,val,rain,False,0,3145728,3145728,0.0
dissertation/data/processed/iddaw_masks/val/RAIN/gtSeg/22/00000005_mask.png,val,rain,False,0,3145726,3145728,0.0
dissertation/data/processed/iddaw_masks/val/RAIN/gtSeg/22/00000007_mask.png,val,rain,False,0,3145679,3145728,0.0
dissertation/data/processed/iddaw_masks/val/RAIN/gtSeg/22/00000012_mask.png,val,rain,False,0,3145728,3145728,0.0
dissertation/data/processed/iddaw_masks/val/RAIN/gtSeg/22/00000001_mask.png,val,rain,False,0,3144706,3145728,0.0
dissertation/data/processed/iddaw_masks/val/RAIN/gtSeg/22/00000006_mask.png,val,rain,False,0,3145397,3145728,0.0
dissertation/data/processed/iddaw_masks/val/RAIN/gtSeg/22/00000009_mask.png,val,rain,False,0,3145728,3145728,0.0
dissertation/data/processed/iddaw_masks/val/RAIN/gtSeg/22/00000004_mask.png,val,rain,False,0,3145133,3145728,0.0
dissertation/data/processed/iddaw_masks/val/RAIN/gtSeg/22/00000008_mask.png,val,rain,False,0,3145663,3145728,0.0
dissertation/data/processed/iddaw_masks/val/RAIN/gtSeg/22/00000014_mask.png,val,rain,False,0,3145654,3145728,0.0
dissertation/data/processed/iddaw_masks/val/RAIN/gtSeg/22/00000003_mask.png,val,rain,False,0,3145669,3145728,0.0
dissertation/data/processed/iddaw_masks/val/SNOW/gtSeg/192/00000002_mask.png,val,snow,False,0,3145305,3145728,0.0
dissertation/data/processed/iddaw_masks/val/SNOW/gtSeg/192/00000034_mask.png,val,snow,False,0,3145728,3145728,0.0
dissertation/data/processed/iddaw_masks/val/SNOW/gtSeg/192/00000013_mask.png,val,snow,False,0,3145722,3145728,0.0
dissertation/data/processed/iddaw_masks/val/SNOW/gtSeg/192/00000068_mask.png,val,snow,False,0,3145355,3145728,0.0
dissertation/data/processed/iddaw_masks/val/SNOW/gtSeg/192/00000049_mask.png,val,snow,False,0,3145728,3145728,0.0
dissertation/data/processed/iddaw_masks/val/SNOW/gtSeg/192/00000018_mask.png,val,snow,False,0,3145310,3145728,0.0
dissertation/data/processed/iddaw_masks/val/SNOW/gtSeg/192/00000050_mask.png,val,snow,False,0,3145728,3145728,0.0
dissertation/data/processed/iddaw_masks/val/SNOW/gtSeg/192/00000091_mask.png,val,snow,False,0,3145679,3145728,0.0
dissertation/data/processed/iddaw_masks/val/SNOW/gtSeg/192/00000082_mask.png,val,snow,False,0,3145728,3145728,0.0
dissertation/data/processed/iddaw_masks/val/SNOW/gtSeg/192/00000029_mask.png,val,snow,False,0,3145727,3145728,0.0
dissertation/data/processed/iddaw_masks/val/SNOW/gtSeg/192/00000075_mask.png,val,snow,False,0,3145560,3145728,0.0
dissertation/data/processed/iddaw_masks/val/SNOW/gtSeg/192/00000057_mask.png,val,snow,False,0,3144943,3145728,0.0
dissertation/data/processed/iddaw_masks/val/SNOW/gtSeg/192/00000017_mask.png,val,snow,False,0,3145599,3145728,0.0
dissertation/data/processed/iddaw_masks/val/SNOW/gtSeg/192/00000083_mask.png,val,snow,False,0,3145160,3145728,0.0
dissertation/data/processed/iddaw_masks/val/SNOW/gtSeg/192/00000069_mask.png,val,snow,False,0,3145715,3145728,0.0
dissertation/data/processed/iddaw_masks/val/SNOW/gtSeg/192/00000024_mask.png,val,snow,False,0,3145593,3145728,0.0
dissertation/data/processed/iddaw_masks/val/SNOW/gtSeg/192/00000021_mask.png,val,snow,False,0,3145728,3145728,0.0
dissertation/data/processed/iddaw_masks/val/SNOW/gtSeg/192/00000079_mask.png,val,snow,False,0,3145706,3145728,0.0
dissertation/data/processed/iddaw_masks/val/SNOW/gtSeg/192/00000035_mask.png,val,snow,False,0,3145728,3145728,0.0
dissertation/data/processed/iddaw_masks/val/SNOW/gtSeg/192/00000011_mask.png,val,snow,False,0,3145728,3145728,0.0
dissertation/data/processed/iddaw_masks/val/SNOW/gtSeg/192/00000000_mask.png,val,snow,False,0,3144810,3145728,0.0
dissertation/data/processed/iddaw_masks/val/SNOW/gtSeg/192/00000072_mask.png,val,snow,False,0,3144876,3145728,0.0
dissertation/data/processed/iddaw_masks/val/SNOW/gtSeg/192/00000010_mask.png,val,snow,False,0,3145597,3145728,0.0
dissertation/data/processed/iddaw_masks/val/SNOW/gtSeg/192/00000019_mask.png,val,snow,False,0,3145372,3145728,0.0
dissertation/data/processed/iddaw_masks/val/SNOW/gtSeg/192/00000005_mask.png,val,snow,False,0,3145728,3145728,0.0
dissertation/data/processed/iddaw_masks/val/SNOW/gtSeg/192/00000077_mask.png,val,snow,False,0,3145668,3145728,0.0
dissertation/data/processed/iddaw_masks/val/SNOW/gtSeg/192/00000081_mask.png,val,snow,False,0,3145728,3145728,0.0
dissertation/data/processed/iddaw_masks/val/SNOW/gtSeg/192/00000065_mask.png,val,snow,False,0,3145454,3145728,0.0
dissertation/data/processed/iddaw_masks/val/SNOW/gtSeg/192/00000074_mask.png,val,snow,False,0,3145728,3145728,0.0
dissertation/data/processed/iddaw_masks/val/SNOW/gtSeg/192/00000043_mask.png,val,snow,False,0,3145728,3145728,0.0
dissertation/data/processed/iddaw_masks/val/SNOW/gtSeg/192/00000059_mask.png,val,snow,False,0,3145728,3145728,0.0
dissertation/data/processed/iddaw_masks/val/SNOW/gtSeg/192/00000007_mask.png,val,snow,False,0,3145728,3145728,0.0
dissertation/data/processed/iddaw_masks/val/SNOW/gtSeg/192/00000080_mask.png,val,snow,False,0,3145581,3145728,0.0
dissertation/data/processed/iddaw_masks/val/SNOW/gtSeg/192/00000086_mask.png,val,snow,False,0,3145728,3145728,0.0
dissertation/data/processed/iddaw_masks/val/SNOW/gtSeg/192/00000066_mask.png,val,snow,False,0,3145728,3145728,0.0
dissertation/data/processed/iddaw_masks/val/SNOW/gtSeg/192/00000047_mask.png,val,snow,False,0,3145728,3145728,0.0
dissertation/data/processed/iddaw_masks/val/SNOW/gtSeg/192/00000027_mask.png,val,snow,False,0,3145533,3145728,0.0
dissertation/data/processed/iddaw_masks/val/SNOW/gtSeg/192/00000023_mask.png,val,snow,False,0,3145720,3145728,0.0
dissertation/data/processed/iddaw_masks/val/SNOW/gtSeg/192/00000084_mask.png,val,snow,False,0,3145009,3145728,0.0
dissertation/data/processed/iddaw_masks/val/SNOW/gtSeg/192/00000040_mask.png,val,snow,False,0,3145724,3145728,0.0
dissertation/data/processed/iddaw_masks/val/SNOW/gtSeg/192/00000022_mask.png,val,snow,False,0,3145728,3145728,0.0
dissertation/data/processed/iddaw_masks/val/SNOW/gtSeg/192/00000015_mask.png,val,snow,False,0,3145728,3145728,0.0
dissertation/data/processed/iddaw_masks/val/SNOW/gtSeg/192/00000044_mask.png,val,snow,False,0,3145728,3145728,0.0
dissertation/data/processed/iddaw_masks/val/SNOW/gtSeg/192/00000085_mask.png,val,snow,False,0,3144721,3145728,0.0
dissertation/data/processed/iddaw_masks/val/SNOW/gtSeg/192/00000012_mask.png,val,snow,False,0,3145728,3145728,0.0
dissertation/data/processed/iddaw_masks/val/SNOW/gtSeg/192/00000001_mask.png,val,snow,False,0,3143886,3145728,0.0
dissertation/data/processed/iddaw_masks/val/SNOW/gtSeg/192/00000006_mask.png,val,snow,False,0,3145728,3145728,0.0
dissertation/data/processed/iddaw_masks/val/SNOW/gtSeg/192/00000073_mask.png,val,snow,False,0,3145728,3145728,0.0
dissertation/data/processed/iddaw_masks/val/SNOW/gtSeg/192/00000087_mask.png,val,snow,False,0,3145723,3145728,0.0
dissertation/data/processed/iddaw_masks/val/SNOW/gtSeg/192/00000048_mask.png,val,snow,False,0,3145220,3145728,0.0
dissertation/data/processed/iddaw_masks/val/SNOW/gtSeg/192/00000030_mask.png,val,snow,False,0,3145727,3145728,0.0
dissertation/data/processed/iddaw_masks/val/SNOW/gtSeg/192/00000031_mask.png,val,snow,False,0,3145728,3145728,0.0
dissertation/data/processed/iddaw_masks/val/SNOW/gtSeg/192/00000033_mask.png,val,snow,False,0,3145474,3145728,0.0
dissertation/data/processed/iddaw_masks/val/SNOW/gtSeg/192/00000076_mask.png,val,snow,False,0,3145728,3145728,0.0
dissertation/data/processed/iddaw_masks/val/SNOW/gtSeg/192/00000064_mask.png,val,snow,False,0,3145728,3145728,0.0
dissertation/data/processed/iddaw_masks/val/SNOW/gtSeg/192/00000055_mask.png,val,snow,False,0,3145628,3145728,0.0
dissertation/data/processed/iddaw_masks/val/SNOW/gtSeg/192/00000028_mask.png,val,snow,False,0,3145718,3145728,0.0
dissertation/data/processed/iddaw_masks/val/SNOW/gtSeg/192/00000039_mask.png,val,snow,False,0,3145571,3145728,0.0
dissertation/data/processed/iddaw_masks/val/SNOW/gtSeg/192/00000089_mask.png,val,snow,False,0,3145728,3145728,0.0
dissertation/data/processed/iddaw_masks/val/SNOW/gtSeg/192/00000038_mask.png,val,snow,False,0,3145694,3145728,0.0
dissertation/data/processed/iddaw_masks/val/SNOW/gtSeg/192/00000062_mask.png,val,snow,False,0,3145728,3145728,0.0
dissertation/data/processed/iddaw_masks/val/SNOW/gtSeg/192/00000052_mask.png,val,snow,False,0,3145728,3145728,0.0
dissertation/data/processed/iddaw_masks/val/SNOW/gtSeg/192/00000051_mask.png,val,snow,False,0,3134851,3145728,0.0
dissertation/data/processed/iddaw_masks/val/SNOW/gtSeg/192/00000037_mask.png,val,snow,False,0,3145728,3145728,0.0
dissertation/data/processed/iddaw_masks/val/SNOW/gtSeg/192/00000009_mask.png,val,snow,False,0,3145728,3145728,0.0
dissertation/data/processed/iddaw_masks/val/SNOW/gtSeg/192/00000042_mask.png,val,snow,False,0,3145728,3145728,0.0
dissertation/data/processed/iddaw_masks/val/SNOW/gtSeg/192/00000054_mask.png,val,snow,False,0,3145728,3145728,0.0
dissertation/data/processed/iddaw_masks/val/SNOW/gtSeg/192/00000063_mask.png,val,snow,False,0,3145692,3145728,0.0
dissertation/data/processed/iddaw_masks/val/SNOW/gtSeg/192/00000071_mask.png,val,snow,False,0,3145728,3145728,0.0
dissertation/data/processed/iddaw_masks/val/SNOW/gtSeg/192/00000020_mask.png,val,snow,False,0,3145667,3145728,0.0
dissertation/data/processed/iddaw_masks/val/SNOW/gtSeg/192/00000058_mask.png,val,snow,False,0,3145728,3145728,0.0
dissertation/data/processed/iddaw_masks/val/SNOW/gtSeg/192/00000078_mask.png,val,snow,False,0,3145646,3145728,0.0
dissertation/data/processed/iddaw_masks/val/SNOW/gtSeg/192/00000056_mask.png,val,snow,False,0,3145230,3145728,0.0
dissertation/data/processed/iddaw_masks/val/SNOW/gtSeg/192/00000046_mask.png,val,snow,False,0,3145728,3145728,0.0
dissertation/data/processed/iddaw_masks/val/SNOW/gtSeg/192/00000067_mask.png,val,snow,False,0,3145727,3145728,0.0
dissertation/data/processed/iddaw_masks/val/SNOW/gtSeg/192/00000016_mask.png,val,snow,False,0,3145728,3145728,0.0
dissertation/data/processed/iddaw_masks/val/SNOW/gtSeg/192/00000061_mask.png,val,snow,False,0,3145728,3145728,0.0
dissertation/data/processed/iddaw_masks/val/SNOW/gtSeg/192/00000036_mask.png,val,snow,False,0,3145467,3145728,0.0
dissertation/data/processed/iddaw_masks/val/SNOW/gtSeg/192/00000026_mask.png,val,snow,False,0,3145678,3145728,0.0
dissertation/data/processed/iddaw_masks/val/SNOW/gtSeg/192/00000045_mask.png,val,snow,False,0,3145728,3145728,0.0
dissertation/data/processed/iddaw_masks/val/SNOW/gtSeg/192/00000041_mask.png,val,snow,False,0,3145676,3145728,0.0
dissertation/data/processed/iddaw_masks/val/SNOW/gtSeg/192/00000004_mask.png,val,snow,False,0,3145728,3145728,0.0
dissertation/data/processed/iddaw_masks/val/SNOW/gtSeg/192/00000025_mask.png,val,snow,False,0,3145728,3145728,0.0
dissertation/data/processed/iddaw_masks/val/SNOW/gtSeg/192/00000008_mask.png,val,snow,False,0,3145728,3145728,0.0
dissertation/data/processed/iddaw_masks/val/SNOW/gtSeg/192/00000070_mask.png,val,snow,False,0,3145547,3145728,0.0
dissertation/data/processed/iddaw_masks/val/SNOW/gtSeg/192/00000088_mask.png,val,snow,False,0,3145728,3145728,0.0
dissertation/data/processed/iddaw_masks/val/SNOW/gtSeg/192/00000090_mask.png,val,snow,False,0,3145726,3145728,0.0
dissertation/data/processed/iddaw_masks/val/SNOW/gtSeg/192/00000060_mask.png,val,snow,False,0,3145728,3145728,0.0
dissertation/data/processed/iddaw_masks/val/SNOW/gtSeg/192/00000014_mask.png,val,snow,False,0,3145270,3145728,0.0
dissertation/data/processed/iddaw_masks/val/SNOW/gtSeg/192/00000032_mask.png,val,snow,False,0,3145728,3145728,0.0
dissertation/data/processed/iddaw_masks/val/SNOW/gtSeg/192/00000053_mask.png,val,snow,False,0,3145728,3145728,0.0
dissertation/data/processed/iddaw_masks/val/SNOW/gtSeg/192/00000003_mask.png,val,snow,False,0,3145696,3145728,0.0
dissertation/data/processed/iddaw_masks/val/SNOW/gtSeg/199/00000002_mask.png,val,snow,False,0,3145585,3145728,0.0
dissertation/data/processed/iddaw_masks/val/SNOW/gtSeg/199/00000000_mask.png,val,snow,False,0,3145706,3145728,0.0
dissertation/data/processed/iddaw_masks/val/SNOW/gtSeg/199/00000005_mask.png,val,snow,False,0,3145019,3145728,0.0
dissertation/data/processed/iddaw_masks/val/SNOW/gtSeg/199/00000007_mask.png,val,snow,False,0,3145563,3145728,0.0
dissertation/data/processed/iddaw_masks/val/SNOW/gtSeg/199/00000001_mask.png,val,snow,False,0,3145585,3145728,0.0
dissertation/data/processed/iddaw_masks/val/SNOW/gtSeg/199/00000006_mask.png,val,snow,False,0,3144818,3145728,0.0
dissertation/data/processed/iddaw_masks/val/SNOW/gtSeg/199/00000004_mask.png,val,snow,False,0,3143275,3145728,0.0
dissertation/data/processed/iddaw_masks/val/SNOW/gtSeg/199/00000008_mask.png,val,snow,False,0,3145623,3145728,0.0
dissertation/data/processed/iddaw_masks/val/SNOW/gtSeg/199/00000003_mask.png,val,snow,False,0,3144947,3145728,0.0
dissertation/data/processed/iddaw_masks/val/LOWLIGHT/gtSeg/174/00000002_mask.png,val,lowlight,False,0,3145725,3145728,0.0
dissertation/data/processed/iddaw_masks/val/LOWLIGHT/gtSeg/174/00000013_mask.png,val,lowlight,False,0,3145728,3145728,0.0
dissertation/data/processed/iddaw_masks/val/LOWLIGHT/gtSeg/174/00000018_mask.png,val,lowlight,False,0,3145649,3145728,0.0
dissertation/data/processed/iddaw_masks/val/LOWLIGHT/gtSeg/174/00000017_mask.png,val,lowlight,False,0,3145694,3145728,0.0
dissertation/data/processed/iddaw_masks/val/LOWLIGHT/gtSeg/174/00000021_mask.png,val,lowlight,False,0,3145645,3145728,0.0
dissertation/data/processed/iddaw_masks/val/LOWLIGHT/gtSeg/174/00000011_mask.png,val,lowlight,False,0,3145722,3145728,0.0
dissertation/data/processed/iddaw_masks/val/LOWLIGHT/gtSeg/174/00000000_mask.png,val,lowlight,False,0,3145728,3145728,0.0
dissertation/data/processed/iddaw_masks/val/LOWLIGHT/gtSeg/174/00000010_mask.png,val,lowlight,False,0,3145728,3145728,0.0
dissertation/data/processed/iddaw_masks/val/LOWLIGHT/gtSeg/174/00000019_mask.png,val,lowlight,False,0,3143138,3145728,0.0
dissertation/data/processed/iddaw_masks/val/LOWLIGHT/gtSeg/174/00000005_mask.png,val,lowlight,False,0,3145719,3145728,0.0
dissertation/data/processed/iddaw_masks/val/LOWLIGHT/gtSeg/174/00000007_mask.png,val,lowlight,False,0,3145723,3145728,0.0
dissertation/data/processed/iddaw_masks/val/LOWLIGHT/gtSeg/174/00000015_mask.png,val,lowlight,False,0,3145728,3145728,0.0
dissertation/data/processed/iddaw_masks/val/LOWLIGHT/gtSeg/174/00000012_mask.png,val,lowlight,False,0,3145702,3145728,0.0
dissertation/data/processed/iddaw_masks/val/LOWLIGHT/gtSeg/174/00000001_mask.png,val,lowlight,False,0,3145728,3145728,0.0
dissertation/data/processed/iddaw_masks/val/LOWLIGHT/gtSeg/174/00000006_mask.png,val,lowlight,False,0,3145728,3145728,0.0
dissertation/data/processed/iddaw_masks/val/LOWLIGHT/gtSeg/174/00000009_mask.png,val,lowlight,False,0,3145728,3145728,0.0
dissertation/data/processed/iddaw_masks/val/LOWLIGHT/gtSeg/174/00000020_mask.png,val,lowlight,False,0,3145719,3145728,0.0
dissertation/data/processed/iddaw_masks/val/LOWLIGHT/gtSeg/174/00000016_mask.png,val,lowlight,False,0,3145728,3145728,0.0
dissertation/data/processed/iddaw_masks/val/LOWLIGHT/gtSeg/174/00000004_mask.png,val,lowlight,False,0,3145482,3145728,0.0
dissertation/data/processed/iddaw_masks/val/LOWLIGHT/gtSeg/174/00000008_mask.png,val,lowlight,False,0,3145728,3145728,0.0
dissertation/data/processed/iddaw_masks/val/LOWLIGHT/gtSeg/174/00000014_mask.png,val,lowlight,False,0,3145728,3145728,0.0
dissertation/data/processed/iddaw_masks/val/LOWLIGHT/gtSeg/174/00000003_mask.png,val,lowlight,False,0,3145717,3145728,0.0
dissertation/data/processed/iddaw_masks/val/LOWLIGHT/gtSeg/153/00000000_mask.png,val,lowlight,False,0,3145728,3145728,0.0
dissertation/data/processed/iddaw_masks/val/LOWLIGHT/gtSeg/149/00000002_mask.png,val,lowlight,False,0,3145728,3145728,0.0
dissertation/data/processed/iddaw_masks/val/LOWLIGHT/gtSeg/149/00000013_mask.png,val,lowlight,False,0,3145728,3145728,0.0
dissertation/data/processed/iddaw_masks/val/LOWLIGHT/gtSeg/149/00000011_mask.png,val,lowlight,False,0,3145684,3145728,0.0
dissertation/data/processed/iddaw_masks/val/LOWLIGHT/gtSeg/149/00000000_mask.png,val,lowlight,False,0,3145728,3145728,0.0
dissertation/data/processed/iddaw_masks/val/LOWLIGHT/gtSeg/149/00000010_mask.png,val,lowlight,False,0,3145726,3145728,0.0
dissertation/data/processed/iddaw_masks/val/LOWLIGHT/gtSeg/149/00000005_mask.png,val,lowlight,False,0,3145728,3145728,0.0
dissertation/data/processed/iddaw_masks/val/LOWLIGHT/gtSeg/149/00000007_mask.png,val,lowlight,False,0,3145728,3145728,0.0
dissertation/data/processed/iddaw_masks/val/LOWLIGHT/gtSeg/149/00000015_mask.png,val,lowlight,False,0,3145692,3145728,0.0
dissertation/data/processed/iddaw_masks/val/LOWLIGHT/gtSeg/149/00000012_mask.png,val,lowlight,False,0,3145711,3145728,0.0
dissertation/data/processed/iddaw_masks/val/LOWLIGHT/gtSeg/149/00000001_mask.png,val,lowlight,False,0,3145719,3145728,0.0
dissertation/data/processed/iddaw_masks/val/LOWLIGHT/gtSeg/149/00000006_mask.png,val,lowlight,False,0,3145728,3145728,0.0
dissertation/data/processed/iddaw_masks/val/LOWLIGHT/gtSeg/149/00000009_mask.png,val,lowlight,False,0,3145728,3145728,0.0
dissertation/data/processed/iddaw_masks/val/LOWLIGHT/gtSeg/149/00000004_mask.png,val,lowlight,False,0,3145728,3145728,0.0
dissertation/data/processed/iddaw_masks/val/LOWLIGHT/gtSeg/149/00000008_mask.png,val,lowlight,False,0,3145711,3145728,0.0
dissertation/data/processed/iddaw_masks/val/LOWLIGHT/gtSeg/149/00000014_mask.png,val,lowlight,False,0,3145726,3145728,0.0
dissertation/data/processed/iddaw_masks/val/LOWLIGHT/gtSeg/149/00000003_mask.png,val,lowlight,False,0,3145728,3145728,0.0
dissertation/data/processed/iddaw_masks/val/LOWLIGHT/gtSeg/131/00000002_mask.png,val,lowlight,False,0,3145408,3145728,0.0
dissertation/data/processed/iddaw_masks/val/LOWLIGHT/gtSeg/131/00000013_mask.png,val,lowlight,False,0,3145728,3145728,0.0
dissertation/data/processed/iddaw_masks/val/LOWLIGHT/gtSeg/131/00000018_mask.png,val,lowlight,False,0,3145728,3145728,0.0
dissertation/data/processed/iddaw_masks/val/LOWLIGHT/gtSeg/131/00000029_mask.png,val,lowlight,False,0,3145728,3145728,0.0
dissertation/data/processed/iddaw_masks/val/LOWLIGHT/gtSeg/131/00000017_mask.png,val,lowlight,False,0,3145728,3145728,0.0
dissertation/data/processed/iddaw_masks/val/LOWLIGHT/gtSeg/131/00000024_mask.png,val,lowlight,True,4312,3145712,3145728,0.0013707548561343187
dissertation/data/processed/iddaw_masks/val/LOWLIGHT/gtSeg/131/00000021_mask.png,val,lowlight,False,0,3144227,3145728,0.0
dissertation/data/processed/iddaw_masks/val/LOWLIGHT/gtSeg/131/00000011_mask.png,val,lowlight,False,0,3145727,3145728,0.0
dissertation/data/processed/iddaw_masks/val/LOWLIGHT/gtSeg/131/00000000_mask.png,val,lowlight,False,0,3145708,3145728,0.0
dissertation/data/processed/iddaw_masks/val/LOWLIGHT/gtSeg/131/00000010_mask.png,val,lowlight,False,0,3145690,3145728,0.0
dissertation/data/processed/iddaw_masks/val/LOWLIGHT/gtSeg/131/00000019_mask.png,val,lowlight,False,0,3145649,3145728,0.0
dissertation/data/processed/iddaw_masks/val/LOWLIGHT/gtSeg/131/00000005_mask.png,val,lowlight,False,0,3145651,3145728,0.0
dissertation/data/processed/iddaw_masks/val/LOWLIGHT/gtSeg/131/00000007_mask.png,val,lowlight,False,0,3145728,3145728,0.0
dissertation/data/processed/iddaw_masks/val/LOWLIGHT/gtSeg/131/00000027_mask.png,val,lowlight,True,3125,3145728,3145728,0.0009934107462565105
dissertation/data/processed/iddaw_masks/val/LOWLIGHT/gtSeg/131/00000023_mask.png,val,lowlight,False,0,3145728,3145728,0.0
dissertation/data/processed/iddaw_masks/val/LOWLIGHT/gtSeg/131/00000022_mask.png,val,lowlight,False,0,3145726,3145728,0.0
dissertation/data/processed/iddaw_masks/val/LOWLIGHT/gtSeg/131/00000015_mask.png,val,lowlight,False,0,3145527,3145728,0.0
dissertation/data/processed/iddaw_masks/val/LOWLIGHT/gtSeg/131/00000012_mask.png,val,lowlight,False,0,3145728,3145728,0.0
dissertation/data/processed/iddaw_masks/val/LOWLIGHT/gtSeg/131/00000001_mask.png,val,lowlight,False,0,3144481,3145728,0.0
dissertation/data/processed/iddaw_masks/val/LOWLIGHT/gtSeg/131/00000006_mask.png,val,lowlight,False,0,3145728,3145728,0.0
dissertation/data/processed/iddaw_masks/val/LOWLIGHT/gtSeg/131/00000030_mask.png,val,lowlight,False,0,3145728,3145728,0.0
dissertation/data/processed/iddaw_masks/val/LOWLIGHT/gtSeg/131/00000028_mask.png,val,lowlight,False,0,3144661,3145728,0.0
dissertation/data/processed/iddaw_masks/val/LOWLIGHT/gtSeg/131/00000009_mask.png,val,lowlight,False,0,3145665,3145728,0.0
dissertation/data/processed/iddaw_masks/val/LOWLIGHT/gtSeg/131/00000020_mask.png,val,lowlight,False,0,3145725,3145728,0.0
dissertation/data/processed/iddaw_masks/val/LOWLIGHT/gtSeg/131/00000016_mask.png,val,lowlight,False,0,3145728,3145728,0.0
dissertation/data/processed/iddaw_masks/val/LOWLIGHT/gtSeg/131/00000026_mask.png,val,lowlight,False,0,3145728,3145728,0.0
dissertation/data/processed/iddaw_masks/val/LOWLIGHT/gtSeg/131/00000004_mask.png,val,lowlight,False,0,3145713,3145728,0.0
dissertation/data/processed/iddaw_masks/val/LOWLIGHT/gtSeg/131/00000025_mask.png,val,lowlight,False,0,3145726,3145728,0.0
dissertation/data/processed/iddaw_masks/val/LOWLIGHT/gtSeg/131/00000008_mask.png,val,lowlight,False,0,3145722,3145728,0.0
dissertation/data/processed/iddaw_masks/val/LOWLIGHT/gtSeg/131/00000014_mask.png,val,lowlight,False,0,3145728,3145728,0.0
dissertation/data/processed/iddaw_masks/val/LOWLIGHT/gtSeg/131/00000003_mask.png,val,lowlight,False,0,3145689,3145728,0.0
dissertation/data/processed/iddaw_masks/val/LOWLIGHT/gtSeg/115/00000000_mask.png,val,lowlight,False,0,3145656,3145728,0.0
dissertation/data/processed/iddaw_masks/val/LOWLIGHT/gtSeg/115/00000001_mask.png,val,lowlight,False,0,3145617,3145728,0.0
dissertation/data/processed/iddaw_masks/val/LOWLIGHT/gtSeg/106/00000002_mask.png,val,lowlight,False,0,3145698,3145728,0.0
dissertation/data/processed/iddaw_masks/val/LOWLIGHT/gtSeg/106/00000013_mask.png,val,lowlight,False,0,3145728,3145728,0.0
dissertation/data/processed/iddaw_masks/val/LOWLIGHT/gtSeg/106/00000018_mask.png,val,lowlight,False,0,3145728,3145728,0.0
dissertation/data/processed/iddaw_masks/val/LOWLIGHT/gtSeg/106/00000017_mask.png,val,lowlight,False,0,3145594,3145728,0.0
dissertation/data/processed/iddaw_masks/val/LOWLIGHT/gtSeg/106/00000024_mask.png,val,lowlight,False,0,3145695,3145728,0.0
dissertation/data/processed/iddaw_masks/val/LOWLIGHT/gtSeg/106/00000021_mask.png,val,lowlight,False,0,3145667,3145728,0.0
dissertation/data/processed/iddaw_masks/val/LOWLIGHT/gtSeg/106/00000011_mask.png,val,lowlight,False,0,3144070,3145728,0.0
dissertation/data/processed/iddaw_masks/val/LOWLIGHT/gtSeg/106/00000000_mask.png,val,lowlight,False,0,3145687,3145728,0.0
dissertation/data/processed/iddaw_masks/val/LOWLIGHT/gtSeg/106/00000010_mask.png,val,lowlight,False,0,3145728,3145728,0.0
dissertation/data/processed/iddaw_masks/val/LOWLIGHT/gtSeg/106/00000019_mask.png,val,lowlight,False,0,3145728,3145728,0.0
dissertation/data/processed/iddaw_masks/val/LOWLIGHT/gtSeg/106/00000005_mask.png,val,lowlight,False,0,3145697,3145728,0.0
dissertation/data/processed/iddaw_masks/val/LOWLIGHT/gtSeg/106/00000007_mask.png,val,lowlight,False,0,3145728,3145728,0.0
dissertation/data/processed/iddaw_masks/val/LOWLIGHT/gtSeg/106/00000023_mask.png,val,lowlight,False,0,3145728,3145728,0.0
dissertation/data/processed/iddaw_masks/val/LOWLIGHT/gtSeg/106/00000022_mask.png,val,lowlight,False,0,3145728,3145728,0.0
dissertation/data/processed/iddaw_masks/val/LOWLIGHT/gtSeg/106/00000015_mask.png,val,lowlight,False,0,3145728,3145728,0.0
dissertation/data/processed/iddaw_masks/val/LOWLIGHT/gtSeg/106/00000012_mask.png,val,lowlight,False,0,3145520,3145728,0.0
dissertation/data/processed/iddaw_masks/val/LOWLIGHT/gtSeg/106/00000001_mask.png,val,lowlight,False,0,3145607,3145728,0.0
dissertation/data/processed/iddaw_masks/val/LOWLIGHT/gtSeg/106/00000006_mask.png,val,lowlight,False,0,3145651,3145728,0.0
dissertation/data/processed/iddaw_masks/val/LOWLIGHT/gtSeg/106/00000009_mask.png,val,lowlight,False,0,3145642,3145728,0.0
dissertation/data/processed/iddaw_masks/val/LOWLIGHT/gtSeg/106/00000020_mask.png,val,lowlight,False,0,3145728,3145728,0.0
dissertation/data/processed/iddaw_masks/val/LOWLIGHT/gtSeg/106/00000016_mask.png,val,lowlight,False,0,3145728,3145728,0.0
dissertation/data/processed/iddaw_masks/val/LOWLIGHT/gtSeg/106/00000004_mask.png,val,lowlight,False,0,3145728,3145728,0.0
dissertation/data/processed/iddaw_masks/val/LOWLIGHT/gtSeg/106/00000008_mask.png,val,lowlight,False,0,3145052,3145728,0.0
dissertation/data/processed/iddaw_masks/val/LOWLIGHT/gtSeg/106/00000014_mask.png,val,lowlight,False,0,3145601,3145728,0.0
dissertation/data/processed/iddaw_masks/val/LOWLIGHT/gtSeg/106/00000003_mask.png,val,lowlight,False,0,3145719,3145728,0.0
dissertation/data/processed/iddaw_masks/val/LOWLIGHT/gtSeg/128/00000002_mask.png,val,lowlight,False,0,3145726,3145728,0.0
dissertation/data/processed/iddaw_masks/val/LOWLIGHT/gtSeg/128/00000000_mask.png,val,lowlight,False,0,3145709,3145728,0.0
dissertation/data/processed/iddaw_masks/val/LOWLIGHT/gtSeg/128/00000001_mask.png,val,lowlight,False,0,3145714,3145728,0.0
dissertation/data/processed/iddaw_masks/train/FOG/gtSeg/71/00000002_mask.png,train,fog,False,0,3145724,3145728,0.0
dissertation/data/processed/iddaw_masks/train/FOG/gtSeg/71/00000000_mask.png,train,fog,False,0,3145728,3145728,0.0
dissertation/data/processed/iddaw_masks/train/FOG/gtSeg/71/00000001_mask.png,train,fog,False,0,3145714,3145728,0.0
dissertation/data/processed/iddaw_masks/train/FOG/gtSeg/72/00000000_mask.png,train,fog,False,0,3145728,3145728,0.0
dissertation/data/processed/iddaw_masks/train/FOG/gtSeg/58/00000002_mask.png,train,fog,False,0,3145728,3145728,0.0
dissertation/data/processed/iddaw_masks/train/FOG/gtSeg/58/00000034_mask.png,train,fog,False,0,3143680,3145728,0.0
dissertation/data/processed/iddaw_masks/train/FOG/gtSeg/58/00000013_mask.png,train,fog,False,0,3145717,3145728,0.0
dissertation/data/processed/iddaw_masks/train/FOG/gtSeg/58/00000068_mask.png,train,fog,False,0,3145728,3145728,0.0
dissertation/data/processed/iddaw_masks/train/FOG/gtSeg/58/00000049_mask.png,train,fog,False,0,3145728,3145728,0.0
dissertation/data/processed/iddaw_masks/train/FOG/gtSeg/58/00000018_mask.png,train,fog,False,0,3145728,3145728,0.0
dissertation/data/processed/iddaw_masks/train/FOG/gtSeg/58/00000050_mask.png,train,fog,False,0,3145728,3145728,0.0
dissertation/data/processed/iddaw_masks/train/FOG/gtSeg/58/00000091_mask.png,train,fog,True,270,3145728,3145728,8.58306884765625e-05
dissertation/data/processed/iddaw_masks/train/FOG/gtSeg/58/00000082_mask.png,train,fog,False,0,3145728,3145728,0.0
dissertation/data/processed/iddaw_masks/train/FOG/gtSeg/58/00000029_mask.png,train,fog,False,0,3145728,3145728,0.0
dissertation/data/processed/iddaw_masks/train/FOG/gtSeg/58/00000075_mask.png,train,fog,False,0,3145728,3145728,0.0
dissertation/data/processed/iddaw_masks/train/FOG/gtSeg/58/00000057_mask.png,train,fog,False,0,3145728,3145728,0.0
dissertation/data/processed/iddaw_masks/train/FOG/gtSeg/58/00000017_mask.png,train,fog,False,0,3145728,3145728,0.0
dissertation/data/processed/iddaw_masks/train/FOG/gtSeg/58/00000083_mask.png,train,fog,False,0,3145728,3145728,0.0
dissertation/data/processed/iddaw_masks/train/FOG/gtSeg/58/00000069_mask.png,train,fog,False,0,3145728,3145728,0.0
dissertation/data/processed/iddaw_masks/train/FOG/gtSeg/58/00000024_mask.png,train,fog,False,0,3145728,3145728,0.0
dissertation/data/processed/iddaw_masks/train/FOG/gtSeg/58/00000021_mask.png,train,fog,False,0,3145189,3145728,0.0
dissertation/data/processed/iddaw_masks/train/FOG/gtSeg/58/00000079_mask.png,train,fog,False,0,3145728,3145728,0.0
dissertation/data/processed/iddaw_masks/train/FOG/gtSeg/58/00000035_mask.png,train,fog,False,0,3145728,3145728,0.0
dissertation/data/processed/iddaw_masks/train/FOG/gtSeg/58/00000093_mask.png,train,fog,False,0,3145704,3145728,0.0
dissertation/data/processed/iddaw_masks/train/FOG/gtSeg/58/00000011_mask.png,train,fog,False,0,3145728,3145728,0.0
dissertation/data/processed/iddaw_masks/train/FOG/gtSeg/58/00000000_mask.png,train,fog,False,0,3145489,3145728,0.0
dissertation/data/processed/iddaw_masks/train/FOG/gtSeg/58/00000072_mask.png,train,fog,False,0,3145728,3145728,0.0
dissertation/data/processed/iddaw_masks/train/FOG/gtSeg/58/00000010_mask.png,train,fog,False,0,3145728,3145728,0.0
dissertation/data/processed/iddaw_masks/train/FOG/gtSeg/58/00000019_mask.png,train,fog,False,0,3145728,3145728,0.0
dissertation/data/processed/iddaw_masks/train/FOG/gtSeg/58/00000005_mask.png,train,fog,False,0,3145728,3145728,0.0
dissertation/data/processed/iddaw_masks/train/FOG/gtSeg/58/00000077_mask.png,train,fog,False,0,3145728,3145728,0.0
dissertation/data/processed/iddaw_masks/train/FOG/gtSeg/58/00000081_mask.png,train,fog,False,0,3145728,3145728,0.0
dissertation/data/processed/iddaw_masks/train/FOG/gtSeg/58/00000094_mask.png,train,fog,False,0,3145728,3145728,0.0
dissertation/data/processed/iddaw_masks/train/FOG/gtSeg/58/00000065_mask.png,train,fog,False,0,3145728,3145728,0.0
dissertation/data/processed/iddaw_masks/train/FOG/gtSeg/58/00000074_mask.png,train,fog,False,0,3145725,3145728,0.0
dissertation/data/processed/iddaw_masks/train/FOG/gtSeg/58/00000043_mask.png,train,fog,False,0,3145728,3145728,0.0
dissertation/data/processed/iddaw_masks/train/FOG/gtSeg/58/00000059_mask.png,train,fog,False,0,3145728,3145728,0.0
dissertation/data/processed/iddaw_masks/train/FOG/gtSeg/58/00000007_mask.png,train,fog,False,0,3145728,3145728,0.0
dissertation/data/processed/iddaw_masks/train/FOG/gtSeg/58/00000080_mask.png,train,fog,False,0,3145728,3145728,0.0
dissertation/data/processed/iddaw_masks/train/FOG/gtSeg/58/00000086_mask.png,train,fog,False,0,3145728,3145728,0.0
dissertation/data/processed/iddaw_masks/train/FOG/gtSeg/58/00000066_mask.png,train,fog,False,0,3145718,3145728,0.0
dissertation/data/processed/iddaw_masks/train/FOG/gtSeg/58/00000047_mask.png,train,fog,False,0,3145728,3145728,0.0
dissertation/data/processed/iddaw_masks/train/FOG/gtSeg/58/00000027_mask.png,train,fog,False,0,3145728,3145728,0.0
dissertation/data/processed/iddaw_masks/train/FOG/gtSeg/58/00000023_mask.png,train,fog,False,0,3145728,3145728,0.0
dissertation/data/processed/iddaw_masks/train/FOG/gtSeg/58/00000084_mask.png,train,fog,False,0,3145728,3145728,0.0
dissertation/data/processed/iddaw_masks/train/FOG/gtSeg/58/00000095_mask.png,train,fog,False,0,3145728,3145728,0.0
dissertation/data/processed/iddaw_masks/train/FOG/gtSeg/58/00000040_mask.png,train,fog,False,0,3145728,3145728,0.0
dissertation/data/processed/iddaw_masks/train/FOG/gtSeg/58/00000022_mask.png,train,fog,False,0,3145728,3145728,0.0
dissertation/data/processed/iddaw_masks/train/FOG/gtSeg/58/00000015_mask.png,train,fog,False,0,3145728,3145728,0.0
dissertation/data/processed/iddaw_masks/train/FOG/gtSeg/58/00000044_mask.png,train,fog,False,0,3145728,3145728,0.0
dissertation/data/processed/iddaw_masks/train/FOG/gtSeg/58/00000085_mask.png,train,fog,False,0,3145708,3145728,0.0
dissertation/data/processed/iddaw_masks/train/FOG/gtSeg/58/00000012_mask.png,train,fog,False,0,3145728,3145728,0.0
dissertation/data/processed/iddaw_masks/train/FOG/gtSeg/58/00000001_mask.png,train,fog,False,0,3145698,3145728,0.0
dissertation/data/processed/iddaw_masks/train/FOG/gtSeg/58/00000006_mask.png,train,fog,False,0,3143654,3145728,0.0
dissertation/data/processed/iddaw_masks/train/FOG/gtSeg/58/00000073_mask.png,train,fog,False,0,3145728,3145728,0.0
dissertation/data/processed/iddaw_masks/train/FOG/gtSeg/58/00000087_mask.png,train,fog,False,0,3145697,3145728,0.0
dissertation/data/processed/iddaw_masks/train/FOG/gtSeg/58/00000048_mask.png,train,fog,False,0,3145728,3145728,0.0
dissertation/data/processed/iddaw_masks/train/FOG/gtSeg/58/00000030_mask.png,train,fog,False,0,3143681,3145728,0.0
dissertation/data/processed/iddaw_masks/train/FOG/gtSeg/58/00000031_mask.png,train,fog,False,0,3145728,3145728,0.0
dissertation/data/processed/iddaw_masks/train/FOG/gtSeg/58/00000033_mask.png,train,fog,False,0,3141634,3145728,0.0
dissertation/data/processed/iddaw_masks/train/FOG/gtSeg/58/00000076_mask.png,train,fog,False,0,3145728,3145728,0.0
dissertation/data/processed/iddaw_masks/train/FOG/gtSeg/58/00000064_mask.png,train,fog,False,0,3145193,3145728,0.0
dissertation/data/processed/iddaw_masks/train/FOG/gtSeg/58/00000055_mask.png,train,fog,False,0,3145728,3145728,0.0
dissertation/data/processed/iddaw_masks/train/FOG/gtSeg/58/00000028_mask.png,train,fog,False,0,3145728,3145728,0.0
dissertation/data/processed/iddaw_masks/train/FOG/gtSeg/58/00000039_mask.png,train,fog,False,0,3145728,3145728,0.0
dissertation/data/processed/iddaw_masks/train/FOG/gtSeg/58/00000089_mask.png,train,fog,False,0,3145728,3145728,0.0
dissertation/data/processed/iddaw_masks/train/FOG/gtSeg/58/00000096_mask.png,train,fog,True,23,3145728,3145728,7.311503092447917e-06
dissertation/data/processed/iddaw_masks/train/FOG/gtSeg/58/00000038_mask.png,train,fog,False,0,3145728,3145728,0.0
dissertation/data/processed/iddaw_masks/train/FOG/gtSeg/58/00000062_mask.png,train,fog,False,0,3145728,3145728,0.0
dissertation/data/processed/iddaw_masks/train/FOG/gtSeg/58/00000052_mask.png,train,fog,True,2810,3145728,3145728,0.0008932749430338541
dissertation/data/processed/iddaw_masks/train/FOG/gtSeg/58/00000051_mask.png,train,fog,False,0,3145728,3145728,0.0
dissertation/data/processed/iddaw_masks/train/FOG/gtSeg/58/00000037_mask.png,train,fog,False,0,3142727,3145728,0.0
dissertation/data/processed/iddaw_masks/train/FOG/gtSeg/58/00000009_mask.png,train,fog,False,0,3145728,3145728,0.0
dissertation/data/processed/iddaw_masks/train/FOG/gtSeg/58/00000042_mask.png,train,fog,False,0,3145728,3145728,0.0
dissertation/data/processed/iddaw_masks/train/FOG/gtSeg/58/00000054_mask.png,train,fog,False,0,3145728,3145728,0.0
dissertation/data/processed/iddaw_masks/train/FOG/gtSeg/58/00000063_mask.png,train,fog,False,0,3145728,3145728,0.0
dissertation/data/processed/iddaw_masks/train/FOG/gtSeg/58/00000071_mask.png,train,fog,False,0,3145706,3145728,0.0
dissertation/data/processed/iddaw_masks/train/FOG/gtSeg/58/00000020_mask.png,train,fog,False,0,3145724,3145728,0.0
dissertation/data/processed/iddaw_masks/train/FOG/gtSeg/58/00000058_mask.png,train,fog,False,0,3145728,3145728,0.0
dissertation/data/processed/iddaw_masks/train/FOG/gtSeg/58/00000078_mask.png,train,fog,False,0,3145728,3145728,0.0
dissertation/data/processed/iddaw_masks/train/FOG/gtSeg/58/00000056_mask.png,train,fog,False,0,3145728,3145728,0.0
dissertation/data/processed/iddaw_masks/train/FOG/gtSeg/58/00000046_mask.png,train,fog,False,0,3145728,3145728,0.0
dissertation/data/processed/iddaw_masks/train/FOG/gtSeg/58/00000067_mask.png,train,fog,False,0,3145728,3145728,0.0
dissertation/data/processed/iddaw_masks/train/FOG/gtSeg/58/00000016_mask.png,train,fog,False,0,3145728,3145728,0.0
dissertation/data/processed/iddaw_masks/train/FOG/gtSeg/58/00000061_mask.png,train,fog,False,0,3143681,3145728,0.0
dissertation/data/processed/iddaw_masks/train/FOG/gtSeg/58/00000036_mask.png,train,fog,False,0,3145728,3145728,0.0
dissertation/data/processed/iddaw_masks/train/FOG/gtSeg/58/00000026_mask.png,train,fog,False,0,3145148,3145728,0.0
dissertation/data/processed/iddaw_masks/train/FOG/gtSeg/58/00000045_mask.png,train,fog,False,0,3145728,3145728,0.0
dissertation/data/processed/iddaw_masks/train/FOG/gtSeg/58/00000041_mask.png,train,fog,False,0,3145728,3145728,0.0
dissertation/data/processed/iddaw_masks/train/FOG/gtSeg/58/00000004_mask.png,train,fog,False,0,3145728,3145728,0.0
dissertation/data/processed/iddaw_masks/train/FOG/gtSeg/58/00000025_mask.png,train,fog,False,0,3145728,3145728,0.0
dissertation/data/processed/iddaw_masks/train/FOG/gtSeg/58/00000092_mask.png,train,fog,False,0,3145728,3145728,0.0
dissertation/data/processed/iddaw_masks/train/FOG/gtSeg/58/00000008_mask.png,train,fog,False,0,3145728,3145728,0.0
dissertation/data/processed/iddaw_masks/train/FOG/gtSeg/58/00000070_mask.png,train,fog,False,0,3145728,3145728,0.0
dissertation/data/processed/iddaw_masks/train/FOG/gtSeg/58/00000088_mask.png,train,fog,False,0,3145728,3145728,0.0
dissertation/data/processed/iddaw_masks/train/FOG/gtSeg/58/00000090_mask.png,train,fog,True,64,3145728,3145728,2.0345052083333332e-05
dissertation/data/processed/iddaw_masks/train/FOG/gtSeg/58/00000060_mask.png,train,fog,False,0,3143101,3145728,0.0
dissertation/data/processed/iddaw_masks/train/FOG/gtSeg/58/00000014_mask.png,train,fog,False,0,3145728,3145728,0.0
dissertation/data/processed/iddaw_masks/train/FOG/gtSeg/58/00000032_mask.png,train,fog,False,0,3145728,3145728,0.0
dissertation/data/processed/iddaw_masks/train/FOG/gtSeg/58/00000053_mask.png,train,fog,True,428,3145728,3145728,0.00013605753580729166
dissertation/data/processed/iddaw_masks/train/FOG/gtSeg/58/00000003_mask.png,train,fog,False,0,3145728,3145728,0.0
dissertation/data/processed/iddaw_masks/train/FOG/gtSeg/64/00000002_mask.png,train,fog,False,0,3145728,3145728,0.0
dissertation/data/processed/iddaw_masks/train/FOG/gtSeg/64/00000000_mask.png,train,fog,False,0,3145728,3145728,0.0
dissertation/data/processed/iddaw_masks/train/FOG/gtSeg/64/00000010_mask.png,train,fog,False,0,3143766,3145728,0.0
dissertation/data/processed/iddaw_masks/train/FOG/gtSeg/64/00000005_mask.png,train,fog,False,0,3145728,3145728,0.0
dissertation/data/processed/iddaw_masks/train/FOG/gtSeg/64/00000007_mask.png,train,fog,False,0,3145727,3145728,0.0
dissertation/data/processed/iddaw_masks/train/FOG/gtSeg/64/00000001_mask.png,train,fog,False,0,3145728,3145728,0.0
dissertation/data/processed/iddaw_masks/train/FOG/gtSeg/64/00000006_mask.png,train,fog,False,0,3145700,3145728,0.0
dissertation/data/processed/iddaw_masks/train/FOG/gtSeg/64/00000009_mask.png,train,fog,False,0,3145728,3145728,0.0
dissertation/data/processed/iddaw_masks/train/FOG/gtSeg/64/00000004_mask.png,train,fog,True,11788,3145721,3145728,0.0037473126192691594
dissertation/data/processed/iddaw_masks/train/FOG/gtSeg/64/00000008_mask.png,train,fog,False,0,3145696,3145728,0.0
dissertation/data/processed/iddaw_masks/train/FOG/gtSeg/64/00000003_mask.png,train,fog,False,0,3145724,3145728,0.0
dissertation/data/processed/iddaw_masks/train/FOG/gtSeg/97/00000002_mask.png,train,fog,False,0,3145728,3145728,0.0
dissertation/data/processed/iddaw_masks/train/FOG/gtSeg/97/00000000_mask.png,train,fog,False,0,3145728,3145728,0.0
dissertation/data/processed/iddaw_masks/train/FOG/gtSeg/97/00000010_mask.png,train,fog,False,0,3145728,3145728,0.0
dissertation/data/processed/iddaw_masks/train/FOG/gtSeg/97/00000005_mask.png,train,fog,False,0,3145728,3145728,0.0
dissertation/data/processed/iddaw_masks/train/FOG/gtSeg/97/00000007_mask.png,train,fog,False,0,3145728,3145728,0.0
dissertation/data/processed/iddaw_masks/train/FOG/gtSeg/97/00000001_mask.png,train,fog,False,0,3145728,3145728,0.0
dissertation/data/processed/iddaw_masks/train/FOG/gtSeg/97/00000006_mask.png,train,fog,False,0,3145728,3145728,0.0
dissertation/data/processed/iddaw_masks/train/FOG/gtSeg/97/00000009_mask.png,train,fog,False,0,3145686,3145728,0.0
dissertation/data/processed/iddaw_masks/train/FOG/gtSeg/97/00000004_mask.png,train,fog,False,0,3145128,3145728,0.0
dissertation/data/processed/iddaw_masks/train/FOG/gtSeg/97/00000008_mask.png,train,fog,False,0,3145680,3145728,0.0
dissertation/data/processed/iddaw_masks/train/FOG/gtSeg/97/00000003_mask.png,train,fog,False,0,3144170,3145728,0.0
dissertation/data/processed/iddaw_masks/train/FOG/gtSeg/104/00000002_mask.png,train,fog,False,0,3145631,3145728,0.0
dissertation/data/processed/iddaw_masks/train/FOG/gtSeg/104/00000000_mask.png,train,fog,False,0,3145728,3145728,0.0
dissertation/data/processed/iddaw_masks/train/FOG/gtSeg/104/00000005_mask.png,train,fog,False,0,3145728,3145728,0.0
dissertation/data/processed/iddaw_masks/train/FOG/gtSeg/104/00000007_mask.png,train,fog,False,0,3145728,3145728,0.0
dissertation/data/processed/iddaw_masks/train/FOG/gtSeg/104/00000001_mask.png,train,fog,False,0,3145728,3145728,0.0
dissertation/data/processed/iddaw_masks/train/FOG/gtSeg/104/00000006_mask.png,train,fog,False,0,3145728,3145728,0.0
dissertation/data/processed/iddaw_masks/train/FOG/gtSeg/104/00000004_mask.png,train,fog,False,0,3145567,3145728,0.0
dissertation/data/processed/iddaw_masks/train/FOG/gtSeg/104/00000003_mask.png,train,fog,False,0,3145728,3145728,0.0
dissertation/data/processed/iddaw_masks/train/FOG/gtSeg/86/00000000_mask.png,train,fog,False,0,3145728,3145728,0.0
dissertation/data/processed/iddaw_masks/train/FOG/gtSeg/81/00000002_mask.png,train,fog,False,0,3145728,3145728,0.0
dissertation/data/processed/iddaw_masks/train/FOG/gtSeg/81/00000013_mask.png,train,fog,False,0,3145708,3145728,0.0
dissertation/data/processed/iddaw_masks/train/FOG/gtSeg/81/00000018_mask.png,train,fog,False,0,3145716,3145728,0.0
dissertation/data/processed/iddaw_masks/train/FOG/gtSeg/81/00000017_mask.png,train,fog,False,0,3145457,3145728,0.0
dissertation/data/processed/iddaw_masks/train/FOG/gtSeg/81/00000024_mask.png,train,fog,False,0,3145693,3145728,0.0
dissertation/data/processed/iddaw_masks/train/FOG/gtSeg/81/00000021_mask.png,train,fog,False,0,3145728,3145728,0.0
dissertation/data/processed/iddaw_masks/train/FOG/gtSeg/81/00000011_mask.png,train,fog,False,0,3145728,3145728,0.0
dissertation/data/processed/iddaw_masks/train/FOG/gtSeg/81/00000000_mask.png,train,fog,False,0,3145719,3145728,0.0
dissertation/data/processed/iddaw_masks/train/FOG/gtSeg/81/00000010_mask.png,train,fog,False,0,3145728,3145728,0.0
dissertation/data/processed/iddaw_masks/train/FOG/gtSeg/81/00000019_mask.png,train,fog,False,0,3145721,3145728,0.0
dissertation/data/processed/iddaw_masks/train/FOG/gtSeg/81/00000005_mask.png,train,fog,False,0,3145728,3145728,0.0
dissertation/data/processed/iddaw_masks/train/FOG/gtSeg/81/00000007_mask.png,train,fog,False,0,3145728,3145728,0.0
dissertation/data/processed/iddaw_masks/train/FOG/gtSeg/81/00000023_mask.png,train,fog,False,0,3145728,3145728,0.0
dissertation/data/processed/iddaw_masks/train/FOG/gtSeg/81/00000022_mask.png,train,fog,False,0,3145711,3145728,0.0
dissertation/data/processed/iddaw_masks/train/FOG/gtSeg/81/00000015_mask.png,train,fog,False,0,3145728,3145728,0.0
dissertation/data/processed/iddaw_masks/train/FOG/gtSeg/81/00000012_mask.png,train,fog,False,0,3145714,3145728,0.0
dissertation/data/processed/iddaw_masks/train/FOG/gtSeg/81/00000001_mask.png,train,fog,False,0,3145728,3145728,0.0
dissertation/data/processed/iddaw_masks/train/FOG/gtSeg/81/00000006_mask.png,train,fog,False,0,3145728,3145728,0.0
dissertation/data/processed/iddaw_masks/train/FOG/gtSeg/81/00000009_mask.png,train,fog,False,0,3145728,3145728,0.0
dissertation/data/processed/iddaw_masks/train/FOG/gtSeg/81/00000020_mask.png,train,fog,False,0,3145662,3145728,0.0
dissertation/data/processed/iddaw_masks/train/FOG/gtSeg/81/00000016_mask.png,train,fog,False,0,3145716,3145728,0.0
dissertation/data/processed/iddaw_masks/train/FOG/gtSeg/81/00000004_mask.png,train,fog,False,0,3145728,3145728,0.0
dissertation/data/processed/iddaw_masks/train/FOG/gtSeg/81/00000008_mask.png,train,fog,False,0,3145221,3145728,0.0
dissertation/data/processed/iddaw_masks/train/FOG/gtSeg/81/00000014_mask.png,train,fog,False,0,3145728,3145728,0.0
dissertation/data/processed/iddaw_masks/train/FOG/gtSeg/81/00000003_mask.png,train,fog,False,0,3145728,3145728,0.0
dissertation/data/processed/iddaw_masks/train/FOG/gtSeg/47/00000002_mask.png,train,fog,False,0,3145650,3145728,0.0
dissertation/data/processed/iddaw_masks/train/FOG/gtSeg/47/00000013_mask.png,train,fog,False,0,3145728,3145728,0.0
dissertation/data/processed/iddaw_masks/train/FOG/gtSeg/47/00000018_mask.png,train,fog,False,0,3145676,3145728,0.0
dissertation/data/processed/iddaw_masks/train/FOG/gtSeg/47/00000017_mask.png,train,fog,False,0,3145724,3145728,0.0
dissertation/data/processed/iddaw_masks/train/FOG/gtSeg/47/00000021_mask.png,train,fog,False,0,3145608,3145728,0.0
dissertation/data/processed/iddaw_masks/train/FOG/gtSeg/47/00000011_mask.png,train,fog,False,0,3143681,3145728,0.0
dissertation/data/processed/iddaw_masks/train/FOG/gtSeg/47/00000000_mask.png,train,fog,False,0,3145728,3145728,0.0
dissertation/data/processed/iddaw_masks/train/FOG/gtSeg/47/00000010_mask.png,train,fog,False,0,3145728,3145728,0.0
dissertation/data/processed/iddaw_masks/train/FOG/gtSeg/47/00000019_mask.png,train,fog,False,0,3145358,3145728,0.0
dissertation/data/processed/iddaw_masks/train/FOG/gtSeg/47/00000005_mask.png,train,fog,False,0,3141076,3145728,0.0
dissertation/data/processed/iddaw_masks/train/FOG/gtSeg/47/00000007_mask.png,train,fog,False,0,3145728,3145728,0.0
dissertation/data/processed/iddaw_masks/train/FOG/gtSeg/47/00000023_mask.png,train,fog,False,0,3145094,3145728,0.0
dissertation/data/processed/iddaw_masks/train/FOG/gtSeg/47/00000022_mask.png,train,fog,False,0,3145728,3145728,0.0
dissertation/data/processed/iddaw_masks/train/FOG/gtSeg/47/00000015_mask.png,train,fog,False,0,3145666,3145728,0.0
dissertation/data/processed/iddaw_masks/train/FOG/gtSeg/47/00000012_mask.png,train,fog,False,0,3145649,3145728,0.0
dissertation/data/processed/iddaw_masks/train/FOG/gtSeg/47/00000001_mask.png,train,fog,False,0,3145352,3145728,0.0
dissertation/data/processed/iddaw_masks/train/FOG/gtSeg/47/00000006_mask.png,train,fog,False,0,3145597,3145728,0.0
dissertation/data/processed/iddaw_masks/train/FOG/gtSeg/47/00000009_mask.png,train,fog,False,0,3145693,3145728,0.0
dissertation/data/processed/iddaw_masks/train/FOG/gtSeg/47/00000020_mask.png,train,fog,False,0,3145148,3145728,0.0
dissertation/data/processed/iddaw_masks/train/FOG/gtSeg/47/00000016_mask.png,train,fog,False,0,3145665,3145728,0.0
dissertation/data/processed/iddaw_masks/train/FOG/gtSeg/47/00000004_mask.png,train,fog,False,0,3145420,3145728,0.0
dissertation/data/processed/iddaw_masks/train/FOG/gtSeg/47/00000008_mask.png,train,fog,False,0,3145728,3145728,0.0
dissertation/data/processed/iddaw_masks/train/FOG/gtSeg/47/00000014_mask.png,train,fog,False,0,3145712,3145728,0.0
dissertation/data/processed/iddaw_masks/train/FOG/gtSeg/47/00000003_mask.png,train,fog,False,0,3145630,3145728,0.0
dissertation/data/processed/iddaw_masks/train/FOG/gtSeg/102/00000002_mask.png,train,fog,False,0,3145728,3145728,0.0
dissertation/data/processed/iddaw_masks/train/FOG/gtSeg/102/00000000_mask.png,train,fog,False,0,3145560,3145728,0.0
dissertation/data/processed/iddaw_masks/train/FOG/gtSeg/102/00000005_mask.png,train,fog,False,0,3145727,3145728,0.0
dissertation/data/processed/iddaw_masks/train/FOG/gtSeg/102/00000007_mask.png,train,fog,False,0,3145711,3145728,0.0
dissertation/data/processed/iddaw_masks/train/FOG/gtSeg/102/00000001_mask.png,train,fog,False,0,3145723,3145728,0.0
dissertation/data/processed/iddaw_masks/train/FOG/gtSeg/102/00000006_mask.png,train,fog,False,0,3145703,3145728,0.0
dissertation/data/processed/iddaw_masks/train/FOG/gtSeg/102/00000009_mask.png,train,fog,False,0,3145686,3145728,0.0
dissertation/data/processed/iddaw_masks/train/FOG/gtSeg/102/00000004_mask.png,train,fog,False,0,3145723,3145728,0.0
dissertation/data/processed/iddaw_masks/train/FOG/gtSeg/102/00000008_mask.png,train,fog,False,0,3145701,3145728,0.0
dissertation/data/processed/iddaw_masks/train/FOG/gtSeg/102/00000003_mask.png,train,fog,False,0,3145727,3145728,0.0
dissertation/data/processed/iddaw_masks/train/FOG/gtSeg/88/00000002_mask.png,train,fog,False,0,3145715,3145728,0.0
dissertation/data/processed/iddaw_masks/train/FOG/gtSeg/88/00000000_mask.png,train,fog,False,0,3145728,3145728,0.0
dissertation/data/processed/iddaw_masks/train/FOG/gtSeg/88/00000001_mask.png,train,fog,False,0,3145728,3145728,0.0
dissertation/data/processed/iddaw_masks/train/FOG/gtSeg/49/00000130_mask.png,train,fog,False,0,3145526,3145728,0.0
dissertation/data/processed/iddaw_masks/train/FOG/gtSeg/49/00000097_mask.png,train,fog,False,0,3143945,3145728,0.0
dissertation/data/processed/iddaw_masks/train/FOG/gtSeg/49/00000002_mask.png,train,fog,False,0,3143681,3145728,0.0
dissertation/data/processed/iddaw_masks/train/FOG/gtSeg/49/00000034_mask.png,train,fog,False,0,3141949,3145728,0.0
dissertation/data/processed/iddaw_masks/train/FOG/gtSeg/49/00000013_mask.png,train,fog,False,0,3145728,3145728,0.0
dissertation/data/processed/iddaw_masks/train/FOG/gtSeg/49/00000168_mask.png,train,fog,True,603,3142941,3145728,0.00019185851722956302
dissertation/data/processed/iddaw_masks/train/FOG/gtSeg/49/00000068_mask.png,train,fog,True,1183,3145685,3145728,0.00037607071273824304
dissertation/data/processed/iddaw_masks/train/FOG/gtSeg/49/00000049_mask.png,train,fog,False,0,3145728,3145728,0.0
dissertation/data/processed/iddaw_masks/train/FOG/gtSeg/49/00000018_mask.png,train,fog,False,0,3145728,3145728,0.0
dissertation/data/processed/iddaw_masks/train/FOG/gtSeg/49/00000050_mask.png,train,fog,False,0,3145728,3145728,0.0
dissertation/data/processed/iddaw_masks/train/FOG/gtSeg/49/00000091_mask.png,train,fog,False,0,3145728,3145728,0.0
dissertation/data/processed/iddaw_masks/train/FOG/gtSeg/49/00000170_mask.png,train,fog,False,0,3145728,3145728,0.0
dissertation/data/processed/iddaw_masks/train/FOG/gtSeg/49/00000103_mask.png,train,fog,True,401,3145716,3145728,0.00012747495323799096
dissertation/data/processed/iddaw_masks/train/FOG/gtSeg/49/00000082_mask.png,train,fog,False,0,3145728,3145728,0.0
dissertation/data/processed/iddaw_masks/train/FOG/gtSeg/49/00000163_mask.png,train,fog,False,0,3145496,3145728,0.0
dissertation/data/processed/iddaw_masks/train/FOG/gtSeg/49/00000029_mask.png,train,fog,False,0,3145452,3145728,0.0
dissertation/data/processed/iddaw_masks/train/FOG/gtSeg/49/00000075_mask.png,train,fog,False,0,3145728,3145728,0.0
dissertation/data/processed/iddaw_masks/train/FOG/gtSeg/49/00000156_mask.png,train,fog,False,0,3144352,3145728,0.0
dissertation/data/processed/iddaw_masks/train/FOG/gtSeg/49/00000057_mask.png,train,fog,True,7387,3143998,3145728,0.002349556202007762
dissertation/data/processed/iddaw_masks/train/FOG/gtSeg/49/00000140_mask.png,train,fog,False,0,3145728,3145728,0.0
dissertation/data/processed/iddaw_masks/train/FOG/gtSeg/49/00000017_mask.png,train,fog,False,0,3145352,3145728,0.0
dissertation/data/processed/iddaw_masks/train/FOG/gtSeg/49/00000083_mask.png,train,fog,False,0,3145728,3145728,0.0
dissertation/data/processed/iddaw_masks/train/FOG/gtSeg/49/00000145_mask.png,train,fog,False,0,3145728,3145728,0.0
dissertation/data/processed/iddaw_masks/train/FOG/gtSeg/49/00000172_mask.png,train,fog,False,0,3145606,3145728,0.0
dissertation/data/processed/iddaw_masks/train/FOG/gtSeg/49/00000115_mask.png,train,fog,False,0,3145403,3145728,0.0
dissertation/data/processed/iddaw_masks/train/FOG/gtSeg/49/00000161_mask.png,train,fog,False,0,3145561,3145728,0.0
dissertation/data/processed/iddaw_masks/train/FOG/gtSeg/49/00000148_mask.png,train,fog,False,0,3145486,3145728,0.0
dissertation/data/processed/iddaw_masks/train/FOG/gtSeg/49/00000069_mask.png,train,fog,True,1969,3145727,3145728,0.0006259284419785951
dissertation/data/processed/iddaw_masks/train/FOG/gtSeg/49/00000146_mask.png,train,fog,False,0,3145728,3145728,0.0
dissertation/data/processed/iddaw_masks/train/FOG/gtSeg/49/00000024_mask.png,train,fog,True,3131,3145679,3145728,0.0009953335988827849
dissertation/data/processed/iddaw_masks/train/FOG/gtSeg/49/00000162_mask.png,train,fog,False,0,3145681,3145728,0.0
dissertation/data/processed/iddaw_masks/train/FOG/gtSeg/49/00000102_mask.png,train,fog,False,0,3145728,3145728,0.0
dissertation/data/processed/iddaw_masks/train/FOG/gtSeg/49/00000159_mask.png,train,fog,True,1584,3145728,3145728,0.0005035400390625
dissertation/data/processed/iddaw_masks/train/FOG/gtSeg/49/00000123_mask.png,train,fog,True,11398,3145151,3145728,0.0036239913441357824
dissertation/data/processed/iddaw_masks/train/FOG/gtSeg/49/00000021_mask.png,train,fog,False,0,3145642,3145728,0.0
dissertation/data/processed/iddaw_masks/train/FOG/gtSeg/49/00000116_mask.png,train,fog,False,0,3145712,3145728,0.0
dissertation/data/processed/iddaw_masks/train/FOG/gtSeg/49/00000079_mask.png,train,fog,False,0,3145728,3145728,0.0
dissertation/data/processed/iddaw_masks/train/FOG/gtSeg/49/00000035_mask.png,train,fog,False,0,3145728,3145728,0.0
dissertation/data/processed/iddaw_masks/train/FOG/gtSeg/49/00000093_mask.png,train,fog,True,1266,3145725,3145728,0.0004024509453305677
dissertation/data/processed/iddaw_masks/train/FOG/gtSeg/49/00000011_mask.png,train,fog,False,0,3145727,3145728,0.0
dissertation/data/processed/iddaw_masks/train/FOG/gtSeg/49/00000000_mask.png,train,fog,False,0,3144179,3145728,0.0
dissertation/data/processed/iddaw_masks/train/FOG/gtSeg/49/00000129_mask.png,train,fog,False,0,3145728,3145728,0.0
dissertation/data/processed/iddaw_masks/train/FOG/gtSeg/49/00000072_mask.png,train,fog,False,0,3144507,3145728,0.0
dissertation/data/processed/iddaw_masks/train/FOG/gtSeg/49/00000010_mask.png,train,fog,False,0,3144021,3145728,0.0
dissertation/data/processed/iddaw_masks/train/FOG/gtSeg/49/00000158_mask.png,train,fog,False,0,3145719,3145728,0.0
dissertation/data/processed/iddaw_masks/train/FOG/gtSeg/49/00000019_mask.png,train,fog,False,0,3145721,3145728,0.0
dissertation/data/processed/iddaw_masks/train/FOG/gtSeg/49/00000005_mask.png,train,fog,False,0,3145722,3145728,0.0
dissertation/data/processed/iddaw_masks/train/FOG/gtSeg/49/00000077_mask.png,train,fog,False,0,3142445,3145728,0.0
dissertation/data/processed/iddaw_masks/train/FOG/gtSeg/49/00000081_mask.png,train,fog,True,546,3145657,3145728,0.00017357264317120397
dissertation/data/processed/iddaw_masks/train/FOG/gtSeg/49/00000134_mask.png,train,fog,False,0,3145700,3145728,0.0
dissertation/data/processed/iddaw_masks/train/FOG/gtSeg/49/00000139_mask.png,train,fog,False,0,3145728,3145728,0.0
dissertation/data/processed/iddaw_masks/train/FOG/gtSeg/49/00000098_mask.png,train,fog,False,0,3145721,3145728,0.0
dissertation/data/processed/iddaw_masks/train/FOG/gtSeg/49/00000094_mask.png,train,fog,False,0,3145659,3145728,0.0
dissertation/data/processed/iddaw_masks/train/FOG/gtSeg/49/00000065_mask.png,train,fog,False,0,3145714,3145728,0.0
dissertation/data/processed/iddaw_masks/train/FOG/gtSeg/49/00000121_mask.png,train,fog,False,0,3145294,3145728,0.0
dissertation/data/processed/iddaw_masks/train/FOG/gtSeg/49/00000136_mask.png,train,fog,False,0,3145728,3145728,0.0
dissertation/data/processed/iddaw_masks/train/FOG/gtSeg/49/00000143_mask.png,train,fog,False,0,3145728,3145728,0.0
dissertation/data/processed/iddaw_masks/train/FOG/gtSeg/49/00000074_mask.png,train,fog,True,2090,3145618,3145728,0.0006644163404456613
dissertation/data/processed/iddaw_masks/train/FOG/gtSeg/49/00000124_mask.png,train,fog,False,0,3145600,3145728,0.0
dissertation/data/processed/iddaw_masks/train/FOG/gtSeg/49/00000043_mask.png,train,fog,False,0,3145728,3145728,0.0
dissertation/data/processed/iddaw_masks/train/FOG/gtSeg/49/00000059_mask.png,train,fog,True,22940,3145598,3145728,0.0072927309846967095
dissertation/data/processed/iddaw_masks/train/FOG/gtSeg/49/00000144_mask.png,train,fog,False,0,3145728,3145728,0.0
dissertation/data/processed/iddaw_masks/train/FOG/gtSeg/49/00000119_mask.png,train,fog,False,0,3144990,3145728,0.0
dissertation/data/processed/iddaw_masks/train/FOG/gtSeg/49/00000100_mask.png,train,fog,True,281,3145728,3145728,8.932749430338542e-05
dissertation/data/processed/iddaw_masks/train/FOG/gtSeg/49/00000007_mask.png,train,fog,False,0,3145728,3145728,0.0
dissertation/data/processed/iddaw_masks/train/FOG/gtSeg/49/00000080_mask.png,train,fog,False,0,3145725,3145728,0.0
dissertation/data/processed/iddaw_masks/train/FOG/gtSeg/49/00000086_mask.png,train,fog,False,0,3144308,3145728,0.0
dissertation/data/processed/iddaw_masks/train/FOG/gtSeg/49/00000066_mask.png,train,fog,True,1111,3145728,3145728,0.00035317738850911457
dissertation/data/processed/iddaw_masks/train/FOG/gtSeg/49/00000047_mask.png,train,fog,False,0,3145721,3145728,0.0
dissertation/data/processed/iddaw_masks/train/FOG/gtSeg/49/00000027_mask.png,train,fog,False,0,3145725,3145728,0.0
dissertation/data/processed/iddaw_masks/train/FOG/gtSeg/49/00000023_mask.png,train,fog,True,609,3145357,3145728,0.00019361872118172914
dissertation/data/processed/iddaw_masks/train/FOG/gtSeg/49/00000165_mask.png,train,fog,False,0,3145515,3145728,0.0
dissertation/data/processed/iddaw_masks/train/FOG/gtSeg/49/00000157_mask.png,train,fog,False,0,3144039,3145728,0.0
dissertation/data/processed/iddaw_masks/train/FOG/gtSeg/49/00000099_mask.png,train,fog,False,0,3145728,3145728,0.0
dissertation/data/processed/iddaw_masks/train/FOG/gtSeg/49/00000084_mask.png,train,fog,False,0,3145206,3145728,0.0
dissertation/data/processed/iddaw_masks/train/FOG/gtSeg/49/00000095_mask.png,train,fog,True,1055,3145728,3145728,0.00033537546793619793
dissertation/data/processed/iddaw_masks/train/FOG/gtSeg/49/00000154_mask.png,train,fog,False,0,3143763,3145728,0.0
dissertation/data/processed/iddaw_masks/train/FOG/gtSeg/49/00000040_mask.png,train,fog,False,0,3145728,3145728,0.0
dissertation/data/processed/iddaw_masks/train/FOG/gtSeg/49/00000114_mask.png,train,fog,False,0,3145650,3145728,0.0
dissertation/data/processed/iddaw_masks/train/FOG/gtSeg/49/00000022_mask.png,train,fog,True,229,3145702,3145728,7.279774117192283e-05
dissertation/data/processed/iddaw_masks/train/FOG/gtSeg/49/00000015_mask.png,train,fog,False,0,3145377,3145728,0.0
dissertation/data/processed/iddaw_masks/train/FOG/gtSeg/49/00000155_mask.png,train,fog,False,0,3145229,3145728,0.0
dissertation/data/processed/iddaw_masks/train/FOG/gtSeg/49/00000169_mask.png,train,fog,False,0,3145626,3145728,0.0
dissertation/data/processed/iddaw_masks/train/FOG/gtSeg/49/00000044_mask.png,train,fog,False,0,3145728,3145728,0.0
dissertation/data/processed/iddaw_masks/train/FOG/gtSeg/49/00000122_mask.png,train,fog,False,0,3145111,3145728,0.0
dissertation/data/processed/iddaw_masks/train/FOG/gtSeg/49/00000085_mask.png,train,fog,False,0,3145713,3145728,0.0
dissertation/data/processed/iddaw_masks/train/FOG/gtSeg/49/00000012_mask.png,train,fog,False,0,3145728,3145728,0.0
dissertation/data/processed/iddaw_masks/train/FOG/gtSeg/49/00000001_mask.png,train,fog,False,0,3142322,3145728,0.0
dissertation/data/processed/iddaw_masks/train/FOG/gtSeg/49/00000160_mask.png,train,fog,True,1011,3145633,3145728,0.0003213979507463204
dissertation/data/processed/iddaw_masks/train/FOG/gtSeg/49/00000171_mask.png,train,fog,False,0,3145708,3145728,0.0
dissertation/data/processed/iddaw_masks/train/FOG/gtSeg/49/00000151_mask.png,train,fog,False,0,3144385,3145728,0.0
dissertation/data/processed/iddaw_masks/train/FOG/gtSeg/49/00000107_mask.png,train,fog,False,0,3145728,3145728,0.0
dissertation/data/processed/iddaw_masks/train/FOG/gtSeg/49/00000006_mask.png,train,fog,False,0,3145614,3145728,0.0
dissertation/data/processed/iddaw_masks/train/FOG/gtSeg/49/00000120_mask.png,train,fog,True,5662,3145492,3145728,0.001800036369509126
dissertation/data/processed/iddaw_masks/train/FOG/gtSeg/49/00000105_mask.png,train,fog,True,928,3145728,3145728,0.0002950032552083333
dissertation/data/processed/iddaw_masks/train/FOG/gtSeg/49/00000073_mask.png,train,fog,False,0,3143670,3145728,0.0
dissertation/data/processed/iddaw_masks/train/FOG/gtSeg/49/00000110_mask.png,train,fog,False,0,3144072,3145728,0.0
dissertation/data/processed/iddaw_masks/train/FOG/gtSeg/49/00000150_mask.png,train,fog,False,0,3145728,3145728,0.0
dissertation/data/processed/iddaw_masks/train/FOG/gtSeg/49/00000137_mask.png,train,fog,False,0,3145728,3145728,0.0
dissertation/data/processed/iddaw_masks/train/FOG/gtSeg/49/00000101_mask.png,train,fog,True,2831,3145728,3145728,0.0008999506632486979
dissertation/data/processed/iddaw_masks/train/FOG/gtSeg/49/00000167_mask.png,train,fog,False,0,3145566,3145728,0.0
dissertation/data/processed/iddaw_masks/train/FOG/gtSeg/49/00000131_mask.png,train,fog,True,991,3145727,3145728,0.0003150305159983686
dissertation/data/processed/iddaw_masks/train/FOG/gtSeg/49/00000087_mask.png,train,fog,False,0,3143013,3145728,0.0
dissertation/data/processed/iddaw_masks/train/FOG/gtSeg/49/00000048_mask.png,train,fog,False,0,3145644,3145728,0.0
dissertation/data/processed/iddaw_masks/train/FOG/gtSeg/49/00000030_mask.png,train,fog,False,0,3145728,3145728,0.0
dissertation/data/processed/iddaw_masks/train/FOG/gtSeg/49/00000031_mask.png,train,fog,False,0,3145726,3145728,0.0
dissertation/data/processed/iddaw_masks/train/FOG/gtSeg/49/00000125_mask.png,train,fog,False,0,3145717,3145728,0.0
dissertation/data/processed/iddaw_masks/train/FOG/gtSeg/49/00000033_mask.png,train,fog,False,0,3145694,3145728,0.0
dissertation/data/processed/iddaw_masks/train/FOG/gtSeg/49/00000173_mask.png,train,fog,False,0,3143681,3145728,0.0
dissertation/data/processed/iddaw_masks/train/FOG/gtSeg/49/00000076_mask.png,train,fog,False,0,3145648,3145728,0.0
dissertation/data/processed/iddaw_masks/train/FOG/gtSeg/49/00000108_mask.png,train,fog,True,626,3145728,3145728,0.00019900004069010416
dissertation/data/processed/iddaw_masks/train/FOG/gtSeg/49/00000064_mask.png,train,fog,False,0,3145165,3145728,0.0
dissertation/data/processed/iddaw_masks/train/FOG/gtSeg/49/00000055_mask.png,train,fog,True,2344,3145667,3145728,0.0007451519820756616
dissertation/data/processed/iddaw_masks/train/FOG/gtSeg/49/00000028_mask.png,train,fog,False,0,3145569,3145728,0.0
dissertation/data/processed/iddaw_masks/train/FOG/gtSeg/49/00000039_mask.png,train,fog,False,0,3145700,3145728,0.0
dissertation/data/processed/iddaw_masks/train/FOG/gtSeg/49/00000089_mask.png,train,fog,False,0,3145691,3145728,0.0
dissertation/data/processed/iddaw_masks/train/FOG/gtSeg/49/00000096_mask.png,train,fog,False,0,3145728,3145728,0.0
dissertation/data/processed/iddaw_masks/train/FOG/gtSeg/49/00000166_mask.png,train,fog,False,0,3136182,3145728,0.0
dissertation/data/processed/iddaw_masks/train/FOG/gtSeg/49/00000038_mask.png,train,fog,False,0,3145728,3145728,0.0
dissertation/data/processed/iddaw_masks/train/FOG/gtSeg/49/00000062_mask.png,train,fog,False,0,3145726,3145728,0.0
dissertation/data/processed/iddaw_masks/train/FOG/gtSeg/49/00000052_mask.png,train,fog,True,652,3145707,3145728,0.0002072666017528015
dissertation/data/processed/iddaw_masks/train/FOG/gtSeg/49/00000051_mask.png,train,fog,False,0,3145728,3145728,0.0
dissertation/data/processed/iddaw_masks/train/FOG/gtSeg/49/00000106_mask.png,train,fog,True,11032,3145720,3145728,0.00350698727159442
dissertation/data/processed/iddaw_masks/train/FOG/gtSeg/49/00000037_mask.png,train,fog,False,0,3145029,3145728,0.0
dissertation/data/processed/iddaw_masks/train/FOG/gtSeg/49/00000147_mask.png,train,fog,False,0,3145728,3145728,0.0
dissertation/data/processed/iddaw_masks/train/FOG/gtSeg/49/00000009_mask.png,train,fog,False,0,3145728,3145728,0.0
dissertation/data/processed/iddaw_masks/train/FOG/gtSeg/49/00000042_mask.png,train,fog,False,0,3145728,3145728,0.0
dissertation/data/processed/iddaw_masks/train/FOG/gtSeg/49/00000054_mask.png,train,fog,True,1845,3145682,3145728,0.0005865182812502981
dissertation/data/processed/iddaw_masks/train/FOG/gtSeg/49/00000174_mask.png,train,fog,False,0,3145515,3145728,0.0
dissertation/data/processed/iddaw_masks/train/FOG/gtSeg/49/00000063_mask.png,train,fog,False,0,3145728,3145728,0.0
dissertation/data/processed/iddaw_masks/train/FOG/gtSeg/49/00000071_mask.png,train,fog,True,9359,3145718,3145728,0.0029751554335131123
dissertation/data/processed/iddaw_masks/train/FOG/gtSeg/49/00000109_mask.png,train,fog,True,1253,3145728,3145728,0.00039831797281901043
dissertation/data/processed/iddaw_masks/train/FOG/gtSeg/49/00000133_mask.png,train,fog,False,0,3145728,3145728,0.0
dissertation/data/processed/iddaw_masks/train/FOG/gtSeg/49/00000126_mask.png,train,fog,False,0,3145579,3145728,0.0
dissertation/data/processed/iddaw_masks/train/FOG/gtSeg/49/00000153_mask.png,train,fog,False,0,3145312,3145728,0.0
dissertation/data/processed/iddaw_masks/train/FOG/gtSeg/49/00000138_mask.png,train,fog,False,0,3145728,3145728,0.0
dissertation/data/processed/iddaw_masks/train/FOG/gtSeg/49/00000152_mask.png,train,fog,False,0,3145711,3145728,0.0
dissertation/data/processed/iddaw_masks/train/FOG/gtSeg/49/00000141_mask.png,train,fog,False,0,3145728,3145728,0.0
dissertation/data/processed/iddaw_masks/train/FOG/gtSeg/49/00000112_mask.png,train,fog,False,0,3145720,3145728,0.0
dissertation/data/processed/iddaw_masks/train/FOG/gtSeg/49/00000020_mask.png,train,fog,False,0,3145709,3145728,0.0
dissertation/data/processed/iddaw_masks/train/FOG/gtSeg/49/00000058_mask.png,train,fog,True,1865,3145703,3145728,0.0005928722450911608
dissertation/data/processed/iddaw_masks/train/FOG/gtSeg/49/00000078_mask.png,train,fog,False,0,3145422,3145728,0.0
dissertation/data/processed/iddaw_masks/train/FOG/gtSeg/49/00000056_mask.png,train,fog,True,3424,3142538,3145728,0.0010895651858465992
dissertation/data/processed/iddaw_masks/train/FOG/gtSeg/49/00000046_mask.png,train,fog,False,0,3145728,3145728,0.0
dissertation/data/processed/iddaw_masks/train/FOG/gtSeg/49/00000067_mask.png,train,fog,True,3365,3145715,3145728,0.0010697091122368048
dissertation/data/processed/iddaw_masks/train/FOG/gtSeg/49/00000016_mask.png,train,fog,False,0,3145728,3145728,0.0
dissertation/data/processed/iddaw_masks/train/FOG/gtSeg/49/00000061_mask.png,train,fog,False,0,3145697,3145728,0.0
dissertation/data/processed/iddaw_masks/train/FOG/gtSeg/49/00000127_mask.png,train,fog,False,0,3145721,3145728,0.0
dissertation/data/processed/iddaw_masks/train/FOG/gtSeg/49/00000036_mask.png,train,fog,False,0,3145728,3145728,0.0
dissertation/data/processed/iddaw_masks/train/FOG/gtSeg/49/00000026_mask.png,train,fog,False,0,3145695,3145728,0.0
dissertation/data/processed/iddaw_masks/train/FOG/gtSeg/49/00000142_mask.png,train,fog,False,0,3145728,3145728,0.0
dissertation/data/processed/iddaw_masks/train/FOG/gtSeg/49/00000045_mask.png,train,fog,False,0,3145728,3145728,0.0
dissertation/data/processed/iddaw_masks/train/FOG/gtSeg/49/00000041_mask.png,train,fog,False,0,3145728,3145728,0.0
dissertation/data/processed/iddaw_masks/train/FOG/gtSeg/49/00000104_mask.png,train,fog,True,292,3145728,3145728,9.282430013020833e-05
dissertation/data/processed/iddaw_masks/train/FOG/gtSeg/49/00000004_mask.png,train,fog,False,0,3145728,3145728,0.0
dissertation/data/processed/iddaw_masks/train/FOG/gtSeg/49/00000111_mask.png,train,fog,False,0,3143844,3145728,0.0
dissertation/data/processed/iddaw_masks/train/FOG/gtSeg/49/00000117_mask.png,train,fog,True,6357,3145534,3145728,0.002020960510997497
dissertation/data/processed/iddaw_masks/train/FOG/gtSeg/49/00000164_mask.png,train,fog,False,0,3145513,3145728,0.0
dissertation/data/processed/iddaw_masks/train/FOG/gtSeg/49/00000113_mask.png,train,fog,False,0,3145401,3145728,0.0
dissertation/data/processed/iddaw_masks/train/FOG/gtSeg/49/00000025_mask.png,train,fog,True,6704,3145728,3145728,0.0021311442057291665
dissertation/data/processed/iddaw_masks/train/FOG/gtSeg/49/00000092_mask.png,train,fog,False,0,3145728,3145728,0.0
dissertation/data/processed/iddaw_masks/train/FOG/gtSeg/49/00000008_mask.png,train,fog,False,0,3145728,3145728,0.0
dissertation/data/processed/iddaw_masks/train/FOG/gtSeg/49/00000135_mask.png,train,fog,False,0,3145657,3145728,0.0
dissertation/data/processed/iddaw_masks/train/FOG/gtSeg/49/00000070_mask.png,train,fog,True,3884,3145681,3145728,0.0012347087959650072
dissertation/data/processed/iddaw_masks/train/FOG/gtSeg/49/00000088_mask.png,train,fog,False,0,3143662,3145728,0.0
dissertation/data/processed/iddaw_masks/train/FOG/gtSeg/49/00000118_mask.png,train,fog,False,0,3145648,3145728,0.0
dissertation/data/processed/iddaw_masks/train/FOG/gtSeg/49/00000090_mask.png,train,fog,False,0,3142439,3145728,0.0
dissertation/data/processed/iddaw_masks/train/FOG/gtSeg/49/00000132_mask.png,train,fog,True,11777,3145728,3145728,0.0037438074747721353
dissertation/data/processed/iddaw_masks/train/FOG/gtSeg/49/00000060_mask.png,train,fog,True,73938,3145727,3145728,0.023504264673952953
dissertation/data/processed/iddaw_masks/train/FOG/gtSeg/49/00000014_mask.png,train,fog,False,0,3143818,3145728,0.0
dissertation/data/processed/iddaw_masks/train/FOG/gtSeg/49/00000032_mask.png,train,fog,False,0,3145551,3145728,0.0
dissertation/data/processed/iddaw_masks/train/FOG/gtSeg/49/00000053_mask.png,train,fog,True,1821,3145676,3145728,0.0005788898793136992
dissertation/data/processed/iddaw_masks/train/FOG/gtSeg/49/00000128_mask.png,train,fog,False,0,3144520,3145728,0.0
dissertation/data/processed/iddaw_masks/train/FOG/gtSeg/49/00000003_mask.png,train,fog,False,0,3145719,3145728,0.0
dissertation/data/processed/iddaw_masks/train/FOG/gtSeg/49/00000149_mask.png,train,fog,False,0,3145728,3145728,0.0
dissertation/data/processed/iddaw_masks/train/FOG/gtSeg/94/00000002_mask.png,train,fog,False,0,3145679,3145728,0.0
dissertation/data/processed/iddaw_masks/train/FOG/gtSeg/94/00000000_mask.png,train,fog,False,0,3145693,3145728,0.0
dissertation/data/processed/iddaw_masks/train/FOG/gtSeg/94/00000001_mask.png,train,fog,False,0,3145578,3145728,0.0
dissertation/data/processed/iddaw_masks/train/FOG/gtSeg/48/00000130_mask.png,train,fog,False,0,3145728,3145728,0.0
dissertation/data/processed/iddaw_masks/train/FOG/gtSeg/48/00000097_mask.png,train,fog,False,0,3145170,3145728,0.0
dissertation/data/processed/iddaw_masks/train/FOG/gtSeg/48/00000002_mask.png,train,fog,False,0,3145726,3145728,0.0
dissertation/data/processed/iddaw_masks/train/FOG/gtSeg/48/00000034_mask.png,train,fog,False,0,3145728,3145728,0.0
dissertation/data/processed/iddaw_masks/train/FOG/gtSeg/48/00000013_mask.png,train,fog,False,0,3145728,3145728,0.0
dissertation/data/processed/iddaw_masks/train/FOG/gtSeg/48/00000068_mask.png,train,fog,False,0,3145728,3145728,0.0
dissertation/data/processed/iddaw_masks/train/FOG/gtSeg/48/00000049_mask.png,train,fog,False,0,3144506,3145728,0.0
dissertation/data/processed/iddaw_masks/train/FOG/gtSeg/48/00000018_mask.png,train,fog,False,0,3145728,3145728,0.0
dissertation/data/processed/iddaw_masks/train/FOG/gtSeg/48/00000050_mask.png,train,fog,False,0,3142913,3145728,0.0
dissertation/data/processed/iddaw_masks/train/FOG/gtSeg/48/00000091_mask.png,train,fog,False,0,3145728,3145728,0.0
dissertation/data/processed/iddaw_masks/train/FOG/gtSeg/48/00000103_mask.png,train,fog,False,0,3145728,3145728,0.0
dissertation/data/processed/iddaw_masks/train/FOG/gtSeg/48/00000082_mask.png,train,fog,False,0,3145256,3145728,0.0
dissertation/data/processed/iddaw_masks/train/FOG/gtSeg/48/00000029_mask.png,train,fog,False,0,3145342,3145728,0.0
dissertation/data/processed/iddaw_masks/train/FOG/gtSeg/48/00000075_mask.png,train,fog,False,0,3145713,3145728,0.0
dissertation/data/processed/iddaw_masks/train/FOG/gtSeg/48/00000057_mask.png,train,fog,False,0,3145417,3145728,0.0
dissertation/data/processed/iddaw_masks/train/FOG/gtSeg/48/00000140_mask.png,train,fog,False,0,3145728,3145728,0.0
dissertation/data/processed/iddaw_masks/train/FOG/gtSeg/48/00000017_mask.png,train,fog,False,0,3145728,3145728,0.0
dissertation/data/processed/iddaw_masks/train/FOG/gtSeg/48/00000083_mask.png,train,fog,False,0,3145728,3145728,0.0
dissertation/data/processed/iddaw_masks/train/FOG/gtSeg/48/00000145_mask.png,train,fog,False,0,3145658,3145728,0.0
dissertation/data/processed/iddaw_masks/train/FOG/gtSeg/48/00000115_mask.png,train,fog,False,0,3145305,3145728,0.0
dissertation/data/processed/iddaw_masks/train/FOG/gtSeg/48/00000148_mask.png,train,fog,False,0,3144580,3145728,0.0
dissertation/data/processed/iddaw_masks/train/FOG/gtSeg/48/00000069_mask.png,train,fog,False,0,3145166,3145728,0.0
dissertation/data/processed/iddaw_masks/train/FOG/gtSeg/48/00000146_mask.png,train,fog,False,0,3145563,3145728,0.0
dissertation/data/processed/iddaw_masks/train/FOG/gtSeg/48/00000024_mask.png,train,fog,False,0,3145590,3145728,0.0
dissertation/data/processed/iddaw_masks/train/FOG/gtSeg/48/00000102_mask.png,train,fog,False,0,3144666,3145728,0.0
dissertation/data/processed/iddaw_masks/train/FOG/gtSeg/48/00000123_mask.png,train,fog,False,0,3145543,3145728,0.0
dissertation/data/processed/iddaw_masks/train/FOG/gtSeg/48/00000021_mask.png,train,fog,False,0,3145728,3145728,0.0
dissertation/data/processed/iddaw_masks/train/FOG/gtSeg/48/00000116_mask.png,train,fog,False,0,3145612,3145728,0.0
dissertation/data/processed/iddaw_masks/train/FOG/gtSeg/48/00000079_mask.png,train,fog,False,0,3145728,3145728,0.0
dissertation/data/processed/iddaw_masks/train/FOG/gtSeg/48/00000035_mask.png,train,fog,False,0,3145728,3145728,0.0
dissertation/data/processed/iddaw_masks/train/FOG/gtSeg/48/00000093_mask.png,train,fog,False,0,3143629,3145728,0.0
dissertation/data/processed/iddaw_masks/train/FOG/gtSeg/48/00000011_mask.png,train,fog,False,0,3145676,3145728,0.0
dissertation/data/processed/iddaw_masks/train/FOG/gtSeg/48/00000000_mask.png,train,fog,False,0,3145592,3145728,0.0
dissertation/data/processed/iddaw_masks/train/FOG/gtSeg/48/00000129_mask.png,train,fog,False,0,3143681,3145728,0.0
dissertation/data/processed/iddaw_masks/train/FOG/gtSeg/48/00000072_mask.png,train,fog,False,0,3145728,3145728,0.0
dissertation/data/processed/iddaw_masks/train/FOG/gtSeg/48/00000010_mask.png,train,fog,False,0,3145728,3145728,0.0
dissertation/data/processed/iddaw_masks/train/FOG/gtSeg/48/00000019_mask.png,train,fog,False,0,3145728,3145728,0.0
dissertation/data/processed/iddaw_masks/train/FOG/gtSeg/48/00000005_mask.png,train,fog,False,0,3145727,3145728,0.0
dissertation/data/processed/iddaw_masks/train/FOG/gtSeg/48/00000077_mask.png,train,fog,False,0,3145728,3145728,0.0
dissertation/data/processed/iddaw_masks/train/FOG/gtSeg/48/00000081_mask.png,train,fog,False,0,3145728,3145728,0.0
dissertation/data/processed/iddaw_masks/train/FOG/gtSeg/48/00000134_mask.png,train,fog,False,0,3145728,3145728,0.0
dissertation/data/processed/iddaw_masks/train/FOG/gtSeg/48/00000139_mask.png,train,fog,False,0,3145728,3145728,0.0
dissertation/data/processed/iddaw_masks/train/FOG/gtSeg/48/00000098_mask.png,train,fog,False,0,3144836,3145728,0.0
dissertation/data/processed/iddaw_masks/train/FOG/gtSeg/48/00000094_mask.png,train,fog,False,0,3145443,3145728,0.0
dissertation/data/processed/iddaw_masks/train/FOG/gtSeg/48/00000065_mask.png,train,fog,False,0,3145728,3145728,0.0
dissertation/data/processed/iddaw_masks/train/FOG/gtSeg/48/00000121_mask.png,train,fog,False,0,3145484,3145728,0.0
dissertation/data/processed/iddaw_masks/train/FOG/gtSeg/48/00000136_mask.png,train,fog,False,0,3145728,3145728,0.0
dissertation/data/processed/iddaw_masks/train/FOG/gtSeg/48/00000143_mask.png,train,fog,False,0,3145728,3145728,0.0
dissertation/data/processed/iddaw_masks/train/FOG/gtSeg/48/00000074_mask.png,train,fog,False,0,3145728,3145728,0.0
dissertation/data/processed/iddaw_masks/train/FOG/gtSeg/48/00000124_mask.png,train,fog,False,0,3143436,3145728,0.0
dissertation/data/processed/iddaw_masks/train/FOG/gtSeg/48/00000043_mask.png,train,fog,False,0,3141528,3145728,0.0
dissertation/data/processed/iddaw_masks/train/FOG/gtSeg/48/00000059_mask.png,train,fog,False,0,3145706,3145728,0.0
dissertation/data/processed/iddaw_masks/train/FOG/gtSeg/48/00000144_mask.png,train,fog,False,0,3145273,3145728,0.0
dissertation/data/processed/iddaw_masks/train/FOG/gtSeg/48/00000119_mask.png,train,fog,False,0,3145124,3145728,0.0
dissertation/data/processed/iddaw_masks/train/FOG/gtSeg/48/00000100_mask.png,train,fog,False,0,3144948,3145728,0.0
dissertation/data/processed/iddaw_masks/train/FOG/gtSeg/48/00000007_mask.png,train,fog,False,0,3145728,3145728,0.0
dissertation/data/processed/iddaw_masks/train/FOG/gtSeg/48/00000080_mask.png,train,fog,False,0,3145728,3145728,0.0
dissertation/data/processed/iddaw_masks/train/FOG/gtSeg/48/00000086_mask.png,train,fog,False,0,3142638,3145728,0.0
dissertation/data/processed/iddaw_masks/train/FOG/gtSeg/48/00000066_mask.png,train,fog,False,0,3141409,3145728,0.0
dissertation/data/processed/iddaw_masks/train/FOG/gtSeg/48/00000047_mask.png,train,fog,False,0,3144907,3145728,0.0
dissertation/data/processed/iddaw_masks/train/FOG/gtSeg/48/00000027_mask.png,train,fog,False,0,3144966,3145728,0.0
dissertation/data/processed/iddaw_masks/train/FOG/gtSeg/48/00000023_mask.png,train,fog,False,0,3144089,3145728,0.0
dissertation/data/processed/iddaw_masks/train/FOG/gtSeg/48/00000099_mask.png,train,fog,False,0,3145728,3145728,0.0
dissertation/data/processed/iddaw_masks/train/FOG/gtSeg/48/00000084_mask.png,train,fog,False,0,3145728,3145728,0.0
dissertation/data/processed/iddaw_masks/train/FOG/gtSeg/48/00000095_mask.png,train,fog,False,0,3145728,3145728,0.0
dissertation/data/processed/iddaw_masks/train/FOG/gtSeg/48/00000040_mask.png,train,fog,False,0,3145136,3145728,0.0
dissertation/data/processed/iddaw_masks/train/FOG/gtSeg/48/00000114_mask.png,train,fog,False,0,3145710,3145728,0.0
dissertation/data/processed/iddaw_masks/train/FOG/gtSeg/48/00000022_mask.png,train,fog,False,0,3145728,3145728,0.0
dissertation/data/processed/iddaw_masks/train/FOG/gtSeg/48/00000015_mask.png,train,fog,False,0,3143681,3145728,0.0
dissertation/data/processed/iddaw_masks/train/FOG/gtSeg/48/00000044_mask.png,train,fog,False,0,3145724,3145728,0.0
dissertation/data/processed/iddaw_masks/train/FOG/gtSeg/48/00000122_mask.png,train,fog,False,0,3145565,3145728,0.0
dissertation/data/processed/iddaw_masks/train/FOG/gtSeg/48/00000085_mask.png,train,fog,False,0,3145533,3145728,0.0
dissertation/data/processed/iddaw_masks/train/FOG/gtSeg/48/00000012_mask.png,train,fog,False,0,3145728,3145728,0.0
dissertation/data/processed/iddaw_masks/train/FOG/gtSeg/48/00000001_mask.png,train,fog,False,0,3144399,3145728,0.0
dissertation/data/processed/iddaw_masks/train/FOG/gtSeg/48/00000107_mask.png,train,fog,False,0,3145638,3145728,0.0
dissertation/data/processed/iddaw_masks/train/FOG/gtSeg/48/00000006_mask.png,train,fog,False,0,3145728,3145728,0.0
dissertation/data/processed/iddaw_masks/train/FOG/gtSeg/48/00000120_mask.png,train,fog,False,0,3145177,3145728,0.0
dissertation/data/processed/iddaw_masks/train/FOG/gtSeg/48/00000105_mask.png,train,fog,False,0,3145728,3145728,0.0
dissertation/data/processed/iddaw_masks/train/FOG/gtSeg/48/00000073_mask.png,train,fog,False,0,3145728,3145728,0.0
dissertation/data/processed/iddaw_masks/train/FOG/gtSeg/48/00000110_mask.png,train,fog,False,0,3145498,3145728,0.0
dissertation/data/processed/iddaw_masks/train/FOG/gtSeg/48/00000150_mask.png,train,fog,False,0,3145428,3145728,0.0
dissertation/data/processed/iddaw_masks/train/FOG/gtSeg/48/00000137_mask.png,train,fog,False,0,3145728,3145728,0.0
dissertation/data/processed/iddaw_masks/train/FOG/gtSeg/48/00000101_mask.png,train,fog,False,0,3145728,3145728,0.0
dissertation/data/processed/iddaw_masks/train/FOG/gtSeg/48/00000131_mask.png,train,fog,False,0,3145728,3145728,0.0
dissertation/data/processed/iddaw_masks/train/FOG/gtSeg/48/00000087_mask.png,train,fog,False,0,3143412,3145728,0.0
dissertation/data/processed/iddaw_masks/train/FOG/gtSeg/48/00000048_mask.png,train,fog,False,0,3145460,3145728,0.0
dissertation/data/processed/iddaw_masks/train/FOG/gtSeg/48/00000030_mask.png,train,fog,False,0,3144590,3145728,0.0
dissertation/data/processed/iddaw_masks/train/FOG/gtSeg/48/00000031_mask.png,train,fog,False,0,3144030,3145728,0.0
dissertation/data/processed/iddaw_masks/train/FOG/gtSeg/48/00000125_mask.png,train,fog,False,0,3144730,3145728,0.0
dissertation/data/processed/iddaw_masks/train/FOG/gtSeg/48/00000033_mask.png,train,fog,False,0,3145710,3145728,0.0
dissertation/data/processed/iddaw_masks/train/FOG/gtSeg/48/00000076_mask.png,train,fog,False,0,3145728,3145728,0.0
dissertation/data/processed/iddaw_masks/train/FOG/gtSeg/48/00000108_mask.png,train,fog,False,0,3145687,3145728,0.0
dissertation/data/processed/iddaw_masks/train/FOG/gtSeg/48/00000064_mask.png,train,fog,False,0,3145604,3145728,0.0
dissertation/data/processed/iddaw_masks/train/FOG/gtSeg/48/00000055_mask.png,train,fog,False,0,3143647,3145728,0.0
dissertation/data/processed/iddaw_masks/train/FOG/gtSeg/48/00000028_mask.png,train,fog,False,0,3145728,3145728,0.0
dissertation/data/processed/iddaw_masks/train/FOG/gtSeg/48/00000039_mask.png,train,fog,False,0,3145727,3145728,0.0
dissertation/data/processed/iddaw_masks/train/FOG/gtSeg/48/00000089_mask.png,train,fog,False,0,3142834,3145728,0.0
dissertation/data/processed/iddaw_masks/train/FOG/gtSeg/48/00000096_mask.png,train,fog,False,0,3145493,3145728,0.0
dissertation/data/processed/iddaw_masks/train/FOG/gtSeg/48/00000038_mask.png,train,fog,False,0,3145723,3145728,0.0
dissertation/data/processed/iddaw_masks/train/FOG/gtSeg/48/00000062_mask.png,train,fog,False,0,3143597,3145728,0.0
dissertation/data/processed/iddaw_masks/train/FOG/gtSeg/48/00000052_mask.png,train,fog,False,0,3144098,3145728,0.0
dissertation/data/processed/iddaw_masks/train/FOG/gtSeg/48/00000051_mask.png,train,fog,False,0,3143668,3145728,0.0
dissertation/data/processed/iddaw_masks/train/FOG/gtSeg/48/00000106_mask.png,train,fog,False,0,3145227,3145728,0.0
dissertation/data/processed/iddaw_masks/train/FOG/gtSeg/48/00000037_mask.png,train,fog,False,0,3145613,3145728,0.0
dissertation/data/processed/iddaw_masks/train/FOG/gtSeg/48/00000147_mask.png,train,fog,False,0,3145364,3145728,0.0
dissertation/data/processed/iddaw_masks/train/FOG/gtSeg/48/00000009_mask.png,train,fog,False,0,3145726,3145728,0.0
dissertation/data/processed/iddaw_masks/train/FOG/gtSeg/48/00000042_mask.png,train,fog,False,0,3144123,3145728,0.0
dissertation/data/processed/iddaw_masks/train/FOG/gtSeg/48/00000054_mask.png,train,fog,False,0,3145696,3145728,0.0
dissertation/data/processed/iddaw_masks/train/FOG/gtSeg/48/00000063_mask.png,train,fog,False,0,3145651,3145728,0.0
dissertation/data/processed/iddaw_masks/train/FOG/gtSeg/48/00000071_mask.png,train,fog,False,0,3145587,3145728,0.0
dissertation/data/processed/iddaw_masks/train/FOG/gtSeg/48/00000109_mask.png,train,fog,False,0,3145694,3145728,0.0
dissertation/data/processed/iddaw_masks/train/FOG/gtSeg/48/00000133_mask.png,train,fog,False,0,3145728,3145728,0.0
dissertation/data/processed/iddaw_masks/train/FOG/gtSeg/48/00000126_mask.png,train,fog,False,0,3145666,3145728,0.0
dissertation/data/processed/iddaw_masks/train/FOG/gtSeg/48/00000138_mask.png,train,fog,False,0,3145728,3145728,0.0
dissertation/data/processed/iddaw_masks/train/FOG/gtSeg/48/00000141_mask.png,train,fog,False,0,3145728,3145728,0.0
dissertation/data/processed/iddaw_masks/train/FOG/gtSeg/48/00000112_mask.png,train,fog,False,0,3145577,3145728,0.0
dissertation/data/processed/iddaw_masks/train/FOG/gtSeg/48/00000020_mask.png,train,fog,False,0,3145728,3145728,0.0
dissertation/data/processed/iddaw_masks/train/FOG/gtSeg/48/00000058_mask.png,train,fog,False,0,3145714,3145728,0.0
dissertation/data/processed/iddaw_masks/train/FOG/gtSeg/48/00000078_mask.png,train,fog,False,0,3145724,3145728,0.0
dissertation/data/processed/iddaw_masks/train/FOG/gtSeg/48/00000056_mask.png,train,fog,False,0,3145579,3145728,0.0
dissertation/data/processed/iddaw_masks/train/FOG/gtSeg/48/00000046_mask.png,train,fog,False,0,3145682,3145728,0.0
dissertation/data/processed/iddaw_masks/train/FOG/gtSeg/48/00000067_mask.png,train,fog,False,0,3145722,3145728,0.0
dissertation/data/processed/iddaw_masks/train/FOG/gtSeg/48/00000016_mask.png,train,fog,False,0,3145728,3145728,0.0
dissertation/data/processed/iddaw_masks/train/FOG/gtSeg/48/00000061_mask.png,train,fog,False,0,3140450,3145728,0.0
dissertation/data/processed/iddaw_masks/train/FOG/gtSeg/48/00000127_mask.png,train,fog,False,0,3145704,3145728,0.0
dissertation/data/processed/iddaw_masks/train/FOG/gtSeg/48/00000036_mask.png,train,fog,False,0,3142481,3145728,0.0
dissertation/data/processed/iddaw_masks/train/FOG/gtSeg/48/00000026_mask.png,train,fog,False,0,3144008,3145728,0.0
dissertation/data/processed/iddaw_masks/train/FOG/gtSeg/48/00000142_mask.png,train,fog,False,0,3145728,3145728,0.0
dissertation/data/processed/iddaw_masks/train/FOG/gtSeg/48/00000045_mask.png,train,fog,False,0,3145728,3145728,0.0
dissertation/data/processed/iddaw_masks/train/FOG/gtSeg/48/00000041_mask.png,train,fog,False,0,3145728,3145728,0.0
dissertation/data/processed/iddaw_masks/train/FOG/gtSeg/48/00000104_mask.png,train,fog,False,0,3144672,3145728,0.0
dissertation/data/processed/iddaw_masks/train/FOG/gtSeg/48/00000004_mask.png,train,fog,False,0,3145728,3145728,0.0
dissertation/data/processed/iddaw_masks/train/FOG/gtSeg/48/00000111_mask.png,train,fog,False,0,3143677,3145728,0.0
dissertation/data/processed/iddaw_masks/train/FOG/gtSeg/48/00000117_mask.png,train,fog,False,0,3145647,3145728,0.0
dissertation/data/processed/iddaw_masks/train/FOG/gtSeg/48/00000113_mask.png,train,fog,False,0,3145345,3145728,0.0
dissertation/data/processed/iddaw_masks/train/FOG/gtSeg/48/00000025_mask.png,train,fog,False,0,3145328,3145728,0.0
dissertation/data/processed/iddaw_masks/train/FOG/gtSeg/48/00000092_mask.png,train,fog,False,0,3145350,3145728,0.0
dissertation/data/processed/iddaw_masks/train/FOG/gtSeg/48/00000008_mask.png,train,fog,False,0,3145728,3145728,0.0
dissertation/data/processed/iddaw_masks/train/FOG/gtSeg/48/00000135_mask.png,train,fog,False,0,3145728,3145728,0.0
dissertation/data/processed/iddaw_masks/train/FOG/gtSeg/48/00000070_mask.png,train,fog,False,0,3143681,3145728,0.0
dissertation/data/processed/iddaw_masks/train/FOG/gtSeg/48/00000088_mask.png,train,fog,False,0,3141853,3145728,0.0
dissertation/data/processed/iddaw_masks/train/FOG/gtSeg/48/00000118_mask.png,train,fog,False,0,3145222,3145728,0.0
dissertation/data/processed/iddaw_masks/train/FOG/gtSeg/48/00000090_mask.png,train,fog,False,0,3144372,3145728,0.0
dissertation/data/processed/iddaw_masks/train/FOG/gtSeg/48/00000132_mask.png,train,fog,False,0,3145728,3145728,0.0
dissertation/data/processed/iddaw_masks/train/FOG/gtSeg/48/00000060_mask.png,train,fog,False,0,3143557,3145728,0.0
dissertation/data/processed/iddaw_masks/train/FOG/gtSeg/48/00000014_mask.png,train,fog,False,0,3145728,3145728,0.0
dissertation/data/processed/iddaw_masks/train/FOG/gtSeg/48/00000032_mask.png,train,fog,False,0,3143681,3145728,0.0
dissertation/data/processed/iddaw_masks/train/FOG/gtSeg/48/00000053_mask.png,train,fog,False,0,3145723,3145728,0.0
dissertation/data/processed/iddaw_masks/train/FOG/gtSeg/48/00000128_mask.png,train,fog,False,0,3145728,3145728,0.0
dissertation/data/processed/iddaw_masks/train/FOG/gtSeg/48/00000003_mask.png,train,fog,False,0,3145728,3145728,0.0
dissertation/data/processed/iddaw_masks/train/FOG/gtSeg/48/00000149_mask.png,train,fog,False,0,3144538,3145728,0.0
dissertation/data/processed/iddaw_masks/train/FOG/gtSeg/60/00000002_mask.png,train,fog,False,0,3145728,3145728,0.0
dissertation/data/processed/iddaw_masks/train/FOG/gtSeg/60/00000000_mask.png,train,fog,True,215,3145728,3145728,6.834665934244792e-05
dissertation/data/processed/iddaw_masks/train/FOG/gtSeg/60/00000005_mask.png,train,fog,False,0,3143698,3145728,0.0
dissertation/data/processed/iddaw_masks/train/FOG/gtSeg/60/00000007_mask.png,train,fog,False,0,3145462,3145728,0.0
dissertation/data/processed/iddaw_masks/train/FOG/gtSeg/60/00000001_mask.png,train,fog,False,0,3145728,3145728,0.0
dissertation/data/processed/iddaw_masks/train/FOG/gtSeg/60/00000006_mask.png,train,fog,False,0,3145677,3145728,0.0
dissertation/data/processed/iddaw_masks/train/FOG/gtSeg/60/00000004_mask.png,train,fog,False,0,3145458,3145728,0.0
dissertation/data/processed/iddaw_masks/train/FOG/gtSeg/60/00000003_mask.png,train,fog,False,0,3145411,3145728,0.0
dissertation/data/processed/iddaw_masks/train/FOG/gtSeg/46/00000002_mask.png,train,fog,False,0,3145641,3145728,0.0
dissertation/data/processed/iddaw_masks/train/FOG/gtSeg/46/00000013_mask.png,train,fog,False,0,3143838,3145728,0.0
dissertation/data/processed/iddaw_masks/train/FOG/gtSeg/46/00000011_mask.png,train,fog,False,0,3145595,3145728,0.0
dissertation/data/processed/iddaw_masks/train/FOG/gtSeg/46/00000000_mask.png,train,fog,False,0,3145524,3145728,0.0
dissertation/data/processed/iddaw_masks/train/FOG/gtSeg/46/00000010_mask.png,train,fog,True,103,3145728,3145728,3.2742818196614586e-05
dissertation/data/processed/iddaw_masks/train/FOG/gtSeg/46/00000005_mask.png,train,fog,False,0,3143615,3145728,0.0
dissertation/data/processed/iddaw_masks/train/FOG/gtSeg/46/00000007_mask.png,train,fog,False,0,3145178,3145728,0.0
dissertation/data/processed/iddaw_masks/train/FOG/gtSeg/46/00000015_mask.png,train,fog,False,0,3145617,3145728,0.0
dissertation/data/processed/iddaw_masks/train/FOG/gtSeg/46/00000012_mask.png,train,fog,False,0,3145113,3145728,0.0
dissertation/data/processed/iddaw_masks/train/FOG/gtSeg/46/00000001_mask.png,train,fog,False,0,3145405,3145728,0.0
dissertation/data/processed/iddaw_masks/train/FOG/gtSeg/46/00000006_mask.png,train,fog,False,0,3139585,3145728,0.0
dissertation/data/processed/iddaw_masks/train/FOG/gtSeg/46/00000009_mask.png,train,fog,False,0,3143676,3145728,0.0
dissertation/data/processed/iddaw_masks/train/FOG/gtSeg/46/00000004_mask.png,train,fog,False,0,3145728,3145728,0.0
dissertation/data/processed/iddaw_masks/train/FOG/gtSeg/46/00000008_mask.png,train,fog,False,0,3145718,3145728,0.0
dissertation/data/processed/iddaw_masks/train/FOG/gtSeg/46/00000014_mask.png,train,fog,False,0,3145649,3145728,0.0
dissertation/data/processed/iddaw_masks/train/FOG/gtSeg/46/00000003_mask.png,train,fog,False,0,3145691,3145728,0.0
dissertation/data/processed/iddaw_masks/train/FOG/gtSeg/89/00000002_mask.png,train,fog,False,0,3145728,3145728,0.0
dissertation/data/processed/iddaw_masks/train/FOG/gtSeg/89/00000000_mask.png,train,fog,False,0,3145728,3145728,0.0
dissertation/data/processed/iddaw_masks/train/FOG/gtSeg/89/00000005_mask.png,train,fog,False,0,3145728,3145728,0.0
dissertation/data/processed/iddaw_masks/train/FOG/gtSeg/89/00000007_mask.png,train,fog,False,0,3145658,3145728,0.0
dissertation/data/processed/iddaw_masks/train/FOG/gtSeg/89/00000001_mask.png,train,fog,False,0,3145728,3145728,0.0
dissertation/data/processed/iddaw_masks/train/FOG/gtSeg/89/00000006_mask.png,train,fog,False,0,3144881,3145728,0.0
dissertation/data/processed/iddaw_masks/train/FOG/gtSeg/89/00000004_mask.png,train,fog,False,0,3145728,3145728,0.0
dissertation/data/processed/iddaw_masks/train/FOG/gtSeg/89/00000008_mask.png,train,fog,False,0,3145728,3145728,0.0
dissertation/data/processed/iddaw_masks/train/FOG/gtSeg/89/00000003_mask.png,train,fog,False,0,3145728,3145728,0.0
dissertation/data/processed/iddaw_masks/train/FOG/gtSeg/84/00000002_mask.png,train,fog,False,0,3143417,3145728,0.0
dissertation/data/processed/iddaw_masks/train/FOG/gtSeg/84/00000000_mask.png,train,fog,False,0,3144379,3145728,0.0
dissertation/data/processed/iddaw_masks/train/FOG/gtSeg/84/00000005_mask.png,train,fog,False,0,3145728,3145728,0.0
dissertation/data/processed/iddaw_masks/train/FOG/gtSeg/84/00000007_mask.png,train,fog,False,0,3145728,3145728,0.0
dissertation/data/processed/iddaw_masks/train/FOG/gtSeg/84/00000001_mask.png,train,fog,False,0,3145728,3145728,0.0
dissertation/data/processed/iddaw_masks/train/FOG/gtSeg/84/00000006_mask.png,train,fog,False,0,3145728,3145728,0.0
dissertation/data/processed/iddaw_masks/train/FOG/gtSeg/84/00000009_mask.png,train,fog,False,0,3145728,3145728,0.0
dissertation/data/processed/iddaw_masks/train/FOG/gtSeg/84/00000004_mask.png,train,fog,False,0,3145723,3145728,0.0
dissertation/data/processed/iddaw_masks/train/FOG/gtSeg/84/00000008_mask.png,train,fog,False,0,3145728,3145728,0.0
dissertation/data/processed/iddaw_masks/train/FOG/gtSeg/84/00000003_mask.png,train,fog,False,0,3145728,3145728,0.0
dissertation/data/processed/iddaw_masks/train/FOG/gtSeg/65/00000002_mask.png,train,fog,True,1035,3145722,3145728,0.00032901826671269743
dissertation/data/processed/iddaw_masks/train/FOG/gtSeg/65/00000034_mask.png,train,fog,False,0,3145726,3145728,0.0
dissertation/data/processed/iddaw_masks/train/FOG/gtSeg/65/00000013_mask.png,train,fog,False,0,3145717,3145728,0.0
dissertation/data/processed/iddaw_masks/train/FOG/gtSeg/65/00000018_mask.png,train,fog,False,0,3145647,3145728,0.0
dissertation/data/processed/iddaw_masks/train/FOG/gtSeg/65/00000029_mask.png,train,fog,False,0,3145693,3145728,0.0
dissertation/data/processed/iddaw_masks/train/FOG/gtSeg/65/00000017_mask.png,train,fog,False,0,3144961,3145728,0.0
dissertation/data/processed/iddaw_masks/train/FOG/gtSeg/65/00000024_mask.png,train,fog,False,0,3145564,3145728,0.0
dissertation/data/processed/iddaw_masks/train/FOG/gtSeg/65/00000021_mask.png,train,fog,False,0,3145651,3145728,0.0
dissertation/data/processed/iddaw_masks/train/FOG/gtSeg/65/00000035_mask.png,train,fog,False,0,3145728,3145728,0.0
dissertation/data/processed/iddaw_masks/train/FOG/gtSeg/65/00000011_mask.png,train,fog,True,640,3145728,3145728,0.00020345052083333334
dissertation/data/processed/iddaw_masks/train/FOG/gtSeg/65/00000000_mask.png,train,fog,False,0,3145689,3145728,0.0
dissertation/data/processed/iddaw_masks/train/FOG/gtSeg/65/00000010_mask.png,train,fog,False,0,3145392,3145728,0.0
dissertation/data/processed/iddaw_masks/train/FOG/gtSeg/65/00000019_mask.png,train,fog,False,0,3145542,3145728,0.0
dissertation/data/processed/iddaw_masks/train/FOG/gtSeg/65/00000005_mask.png,train,fog,False,0,3145639,3145728,0.0
dissertation/data/processed/iddaw_masks/train/FOG/gtSeg/65/00000043_mask.png,train,fog,False,0,3145728,3145728,0.0
dissertation/data/processed/iddaw_masks/train/FOG/gtSeg/65/00000007_mask.png,train,fog,True,724,3145728,3145728,0.00023015340169270834
dissertation/data/processed/iddaw_masks/train/FOG/gtSeg/65/00000047_mask.png,train,fog,True,1464,3145728,3145728,0.00046539306640625
dissertation/data/processed/iddaw_masks/train/FOG/gtSeg/65/00000027_mask.png,train,fog,False,0,3144122,3145728,0.0
dissertation/data/processed/iddaw_masks/train/FOG/gtSeg/65/00000023_mask.png,train,fog,False,0,3145719,3145728,0.0
dissertation/data/processed/iddaw_masks/train/FOG/gtSeg/65/00000040_mask.png,train,fog,False,0,3145593,3145728,0.0
dissertation/data/processed/iddaw_masks/train/FOG/gtSeg/65/00000022_mask.png,train,fog,False,0,3145728,3145728,0.0
dissertation/data/processed/iddaw_masks/train/FOG/gtSeg/65/00000015_mask.png,train,fog,False,0,3145728,3145728,0.0
dissertation/data/processed/iddaw_masks/train/FOG/gtSeg/65/00000044_mask.png,train,fog,False,0,3145728,3145728,0.0
dissertation/data/processed/iddaw_masks/train/FOG/gtSeg/65/00000012_mask.png,train,fog,False,0,3145724,3145728,0.0
dissertation/data/processed/iddaw_masks/train/FOG/gtSeg/65/00000001_mask.png,train,fog,False,0,3145696,3145728,0.0
dissertation/data/processed/iddaw_masks/train/FOG/gtSeg/65/00000006_mask.png,train,fog,True,231,3145715,3145728,7.343322583260086e-05
dissertation/data/processed/iddaw_masks/train/FOG/gtSeg/65/00000048_mask.png,train,fog,False,0,3145674,3145728,0.0
dissertation/data/processed/iddaw_masks/train/FOG/gtSeg/65/00000030_mask.png,train,fog,False,0,3145728,3145728,0.0
dissertation/data/processed/iddaw_masks/train/FOG/gtSeg/65/00000031_mask.png,train,fog,False,0,3145728,3145728,0.0
dissertation/data/processed/iddaw_masks/train/FOG/gtSeg/65/00000033_mask.png,train,fog,False,0,3145728,3145728,0.0
dissertation/data/processed/iddaw_masks/train/FOG/gtSeg/65/00000028_mask.png,train,fog,False,0,3145728,3145728,0.0
dissertation/data/processed/iddaw_masks/train/FOG/gtSeg/65/00000039_mask.png,train,fog,False,0,3145728,3145728,0.0
dissertation/data/processed/iddaw_masks/train/FOG/gtSeg/65/00000038_mask.png,train,fog,False,0,3145728,3145728,0.0
dissertation/data/processed/iddaw_masks/train/FOG/gtSeg/65/00000037_mask.png,train,fog,False,0,3145672,3145728,0.0
dissertation/data/processed/iddaw_masks/train/FOG/gtSeg/65/00000009_mask.png,train,fog,False,0,3145573,3145728,0.0
dissertation/data/processed/iddaw_masks/train/FOG/gtSeg/65/00000042_mask.png,train,fog,True,119,3145728,3145728,3.7829081217447914e-05
dissertation/data/processed/iddaw_masks/train/FOG/gtSeg/65/00000020_mask.png,train,fog,False,0,3144885,3145728,0.0
dissertation/data/processed/iddaw_masks/train/FOG/gtSeg/65/00000046_mask.png,train,fog,False,0,3145728,3145728,0.0
dissertation/data/processed/iddaw_masks/train/FOG/gtSeg/65/00000016_mask.png,train,fog,False,0,3145676,3145728,0.0
dissertation/data/processed/iddaw_masks/train/FOG/gtSeg/65/00000036_mask.png,train,fog,False,0,3145728,3145728,0.0
dissertation/data/processed/iddaw_masks/train/FOG/gtSeg/65/00000026_mask.png,train,fog,False,0,3145685,3145728,0.0
dissertation/data/processed/iddaw_masks/train/FOG/gtSeg/65/00000045_mask.png,train,fog,False,0,3145728,3145728,0.0
dissertation/data/processed/iddaw_masks/train/FOG/gtSeg/65/00000041_mask.png,train,fog,True,3346,3145728,3145728,0.0010636647542317708
dissertation/data/processed/iddaw_masks/train/FOG/gtSeg/65/00000004_mask.png,train,fog,False,0,3145726,3145728,0.0
dissertation/data/processed/iddaw_masks/train/FOG/gtSeg/65/00000025_mask.png,train,fog,False,0,3145728,3145728,0.0
dissertation/data/processed/iddaw_masks/train/FOG/gtSeg/65/00000008_mask.png,train,fog,False,0,3145711,3145728,0.0
dissertation/data/processed/iddaw_masks/train/FOG/gtSeg/65/00000014_mask.png,train,fog,False,0,3145728,3145728,0.0
dissertation/data/processed/iddaw_masks/train/FOG/gtSeg/65/00000032_mask.png,train,fog,False,0,3145728,3145728,0.0
dissertation/data/processed/iddaw_masks/train/FOG/gtSeg/65/00000003_mask.png,train,fog,False,0,3145610,3145728,0.0
dissertation/data/processed/iddaw_masks/train/FOG/gtSeg/90/00000002_mask.png,train,fog,False,0,3145441,3145728,0.0
dissertation/data/processed/iddaw_masks/train/FOG/gtSeg/90/00000000_mask.png,train,fog,False,0,3145728,3145728,0.0
dissertation/data/processed/iddaw_masks/train/FOG/gtSeg/90/00000005_mask.png,train,fog,False,0,3145728,3145728,0.0
dissertation/data/processed/iddaw_masks/train/FOG/gtSeg/90/00000007_mask.png,train,fog,False,0,3145675,3145728,0.0
dissertation/data/processed/iddaw_masks/train/FOG/gtSeg/90/00000001_mask.png,train,fog,False,0,3145728,3145728,0.0
dissertation/data/processed/iddaw_masks/train/FOG/gtSeg/90/00000006_mask.png,train,fog,False,0,3145728,3145728,0.0
dissertation/data/processed/iddaw_masks/train/FOG/gtSeg/90/00000004_mask.png,train,fog,False,0,3145728,3145728,0.0
dissertation/data/processed/iddaw_masks/train/FOG/gtSeg/90/00000003_mask.png,train,fog,False,0,3145728,3145728,0.0
dissertation/data/processed/iddaw_masks/train/FOG/gtSeg/52/00000002_mask.png,train,fog,False,0,3144759,3145728,0.0
dissertation/data/processed/iddaw_masks/train/FOG/gtSeg/52/00000000_mask.png,train,fog,False,0,3143617,3145728,0.0
dissertation/data/processed/iddaw_masks/train/FOG/gtSeg/52/00000005_mask.png,train,fog,False,0,3145715,3145728,0.0
dissertation/data/processed/iddaw_masks/train/FOG/gtSeg/52/00000007_mask.png,train,fog,False,0,3145680,3145728,0.0
dissertation/data/processed/iddaw_masks/train/FOG/gtSeg/52/00000001_mask.png,train,fog,False,0,3145327,3145728,0.0
dissertation/data/processed/iddaw_masks/train/FOG/gtSeg/52/00000006_mask.png,train,fog,False,0,3145728,3145728,0.0
dissertation/data/processed/iddaw_masks/train/FOG/gtSeg/52/00000009_mask.png,train,fog,False,0,3145544,3145728,0.0
dissertation/data/processed/iddaw_masks/train/FOG/gtSeg/52/00000004_mask.png,train,fog,False,0,3145480,3145728,0.0
dissertation/data/processed/iddaw_masks/train/FOG/gtSeg/52/00000008_mask.png,train,fog,False,0,3145717,3145728,0.0
dissertation/data/processed/iddaw_masks/train/FOG/gtSeg/52/00000003_mask.png,train,fog,False,0,3145455,3145728,0.0
dissertation/data/processed/iddaw_masks/train/FOG/gtSeg/67/00000097_mask.png,train,fog,False,0,3145713,3145728,0.0
dissertation/data/processed/iddaw_masks/train/FOG/gtSeg/67/00000002_mask.png,train,fog,False,0,3145728,3145728,0.0
dissertation/data/processed/iddaw_masks/train/FOG/gtSeg/67/00000034_mask.png,train,fog,False,0,3145728,3145728,0.0
dissertation/data/processed/iddaw_masks/train/FOG/gtSeg/67/00000013_mask.png,train,fog,False,0,3145728,3145728,0.0
dissertation/data/processed/iddaw_masks/train/FOG/gtSeg/67/00000068_mask.png,train,fog,False,0,3144830,3145728,0.0
dissertation/data/processed/iddaw_masks/train/FOG/gtSeg/67/00000049_mask.png,train,fog,False,0,3145656,3145728,0.0
dissertation/data/processed/iddaw_masks/train/FOG/gtSeg/67/00000018_mask.png,train,fog,False,0,3145727,3145728,0.0
dissertation/data/processed/iddaw_masks/train/FOG/gtSeg/67/00000050_mask.png,train,fog,False,0,3143425,3145728,0.0
dissertation/data/processed/iddaw_masks/train/FOG/gtSeg/67/00000091_mask.png,train,fog,False,0,3145658,3145728,0.0
dissertation/data/processed/iddaw_masks/train/FOG/gtSeg/67/00000103_mask.png,train,fog,False,0,3145722,3145728,0.0
dissertation/data/processed/iddaw_masks/train/FOG/gtSeg/67/00000082_mask.png,train,fog,False,0,3145704,3145728,0.0
dissertation/data/processed/iddaw_masks/train/FOG/gtSeg/67/00000029_mask.png,train,fog,False,0,3145719,3145728,0.0
dissertation/data/processed/iddaw_masks/train/FOG/gtSeg/67/00000075_mask.png,train,fog,False,0,3142361,3145728,0.0
dissertation/data/processed/iddaw_masks/train/FOG/gtSeg/67/00000057_mask.png,train,fog,False,0,3145469,3145728,0.0
dissertation/data/processed/iddaw_masks/train/FOG/gtSeg/67/00000017_mask.png,train,fog,False,0,3145494,3145728,0.0
dissertation/data/processed/iddaw_masks/train/FOG/gtSeg/67/00000083_mask.png,train,fog,False,0,3145728,3145728,0.0
dissertation/data/processed/iddaw_masks/train/FOG/gtSeg/67/00000115_mask.png,train,fog,False,0,3145728,3145728,0.0
dissertation/data/processed/iddaw_masks/train/FOG/gtSeg/67/00000069_mask.png,train,fog,False,0,3145728,3145728,0.0
dissertation/data/processed/iddaw_masks/train/FOG/gtSeg/67/00000024_mask.png,train,fog,False,0,3145728,3145728,0.0
dissertation/data/processed/iddaw_masks/train/FOG/gtSeg/67/00000102_mask.png,train,fog,False,0,3145632,3145728,0.0
dissertation/data/processed/iddaw_masks/train/FOG/gtSeg/67/00000123_mask.png,train,fog,False,0,3145434,3145728,0.0
dissertation/data/processed/iddaw_masks/train/FOG/gtSeg/67/00000021_mask.png,train,fog,False,0,3145699,3145728,0.0
dissertation/data/processed/iddaw_masks/train/FOG/gtSeg/67/00000116_mask.png,train,fog,False,0,3145728,3145728,0.0
dissertation/data/processed/iddaw_masks/train/FOG/gtSeg/67/00000079_mask.png,train,fog,False,0,3145728,3145728,0.0
dissertation/data/processed/iddaw_masks/train/FOG/gtSeg/67/00000035_mask.png,train,fog,False,0,3145679,3145728,0.0
dissertation/data/processed/iddaw_masks/train/FOG/gtSeg/67/00000093_mask.png,train,fog,False,0,3145728,3145728,0.0
dissertation/data/processed/iddaw_masks/train/FOG/gtSeg/67/00000011_mask.png,train,fog,False,0,3145728,3145728,0.0
dissertation/data/processed/iddaw_masks/train/FOG/gtSeg/67/00000000_mask.png,train,fog,False,0,3145728,3145728,0.0
dissertation/data/processed/iddaw_masks/train/FOG/gtSeg/67/00000072_mask.png,train,fog,False,0,3145728,3145728,0.0
dissertation/data/processed/iddaw_masks/train/FOG/gtSeg/67/00000010_mask.png,train,fog,False,0,3145699,3145728,0.0
dissertation/data/processed/iddaw_masks/train/FOG/gtSeg/67/00000019_mask.png,train,fog,False,0,3145168,3145728,0.0
dissertation/data/processed/iddaw_masks/train/FOG/gtSeg/67/00000005_mask.png,train,fog,False,0,3145728,3145728,0.0
dissertation/data/processed/iddaw_masks/train/FOG/gtSeg/67/00000077_mask.png,train,fog,False,0,3145728,3145728,0.0
dissertation/data/processed/iddaw_masks/train/FOG/gtSeg/67/00000081_mask.png,train,fog,False,0,3145381,3145728,0.0
dissertation/data/processed/iddaw_masks/train/FOG/gtSeg/67/00000098_mask.png,train,fog,False,0,3143631,3145728,0.0
dissertation/data/processed/iddaw_masks/train/FOG/gtSeg/67/00000094_mask.png,train,fog,False,0,3145728,3145728,0.0
dissertation/data/processed/iddaw_masks/train/FOG/gtSeg/67/00000065_mask.png,train,fog,False,0,3145728,3145728,0.0
dissertation/data/processed/iddaw_masks/train/FOG/gtSeg/67/00000121_mask.png,train,fog,False,0,3145720,3145728,0.0
dissertation/data/processed/iddaw_masks/train/FOG/gtSeg/67/00000074_mask.png,train,fog,False,0,3145728,3145728,0.0
dissertation/data/processed/iddaw_masks/train/FOG/gtSeg/67/00000043_mask.png,train,fog,False,0,3145463,3145728,0.0
dissertation/data/processed/iddaw_masks/train/FOG/gtSeg/67/00000059_mask.png,train,fog,False,0,3145081,3145728,0.0
dissertation/data/processed/iddaw_masks/train/FOG/gtSeg/67/00000119_mask.png,train,fog,False,0,3145581,3145728,0.0
dissertation/data/processed/iddaw_masks/train/FOG/gtSeg/67/00000100_mask.png,train,fog,False,0,3144539,3145728,0.0
dissertation/data/processed/iddaw_masks/train/FOG/gtSeg/67/00000007_mask.png,train,fog,False,0,3145726,3145728,0.0
dissertation/data/processed/iddaw_masks/train/FOG/gtSeg/67/00000080_mask.png,train,fog,False,0,3145728,3145728,0.0
dissertation/data/processed/iddaw_masks/train/FOG/gtSeg/67/00000086_mask.png,train,fog,False,0,3145728,3145728,0.0
dissertation/data/processed/iddaw_masks/train/FOG/gtSeg/67/00000066_mask.png,train,fog,False,0,3143978,3145728,0.0
dissertation/data/processed/iddaw_masks/train/FOG/gtSeg/67/00000047_mask.png,train,fog,False,0,3145665,3145728,0.0
dissertation/data/processed/iddaw_masks/train/FOG/gtSeg/67/00000027_mask.png,train,fog,False,0,3145728,3145728,0.0
dissertation/data/processed/iddaw_masks/train/FOG/gtSeg/67/00000023_mask.png,train,fog,False,0,3145728,3145728,0.0
dissertation/data/processed/iddaw_masks/train/FOG/gtSeg/67/00000099_mask.png,train,fog,False,0,3145728,3145728,0.0
dissertation/data/processed/iddaw_masks/train/FOG/gtSeg/67/00000084_mask.png,train,fog,False,0,3145728,3145728,0.0
dissertation/data/processed/iddaw_masks/train/FOG/gtSeg/67/00000095_mask.png,train,fog,False,0,3145728,3145728,0.0
dissertation/data/processed/iddaw_masks/train/FOG/gtSeg/67/00000040_mask.png,train,fog,False,0,3145689,3145728,0.0
dissertation/data/processed/iddaw_masks/train/FOG/gtSeg/67/00000114_mask.png,train,fog,False,0,3145728,3145728,0.0
dissertation/data/processed/iddaw_masks/train/FOG/gtSeg/67/00000022_mask.png,train,fog,False,0,3145723,3145728,0.0
dissertation/data/processed/iddaw_masks/train/FOG/gtSeg/67/00000015_mask.png,train,fog,False,0,3145728,3145728,0.0
dissertation/data/processed/iddaw_masks/train/FOG/gtSeg/67/00000044_mask.png,train,fog,False,0,3143281,3145728,0.0
dissertation/data/processed/iddaw_masks/train/FOG/gtSeg/67/00000122_mask.png,train,fog,False,0,3145644,3145728,0.0
dissertation/data/processed/iddaw_masks/train/FOG/gtSeg/67/00000085_mask.png,train,fog,False,0,3143147,3145728,0.0
dissertation/data/processed/iddaw_masks/train/FOG/gtSeg/67/00000012_mask.png,train,fog,False,0,3145728,3145728,0.0
dissertation/data/processed/iddaw_masks/train/FOG/gtSeg/67/00000001_mask.png,train,fog,False,0,3145647,3145728,0.0
dissertation/data/processed/iddaw_masks/train/FOG/gtSeg/67/00000107_mask.png,train,fog,False,0,3145703,3145728,0.0
dissertation/data/processed/iddaw_masks/train/FOG/gtSeg/67/00000006_mask.png,train,fog,False,0,3145720,3145728,0.0
dissertation/data/processed/iddaw_masks/train/FOG/gtSeg/67/00000120_mask.png,train,fog,False,0,3145703,3145728,0.0
dissertation/data/processed/iddaw_masks/train/FOG/gtSeg/67/00000105_mask.png,train,fog,False,0,3145665,3145728,0.0
dissertation/data/processed/iddaw_masks/train/FOG/gtSeg/67/00000073_mask.png,train,fog,False,0,3145726,3145728,0.0
dissertation/data/processed/iddaw_masks/train/FOG/gtSeg/67/00000110_mask.png,train,fog,False,0,3145714,3145728,0.0
dissertation/data/processed/iddaw_masks/train/FOG/gtSeg/67/00000101_mask.png,train,fog,False,0,3143623,3145728,0.0
dissertation/data/processed/iddaw_masks/train/FOG/gtSeg/67/00000087_mask.png,train,fog,False,0,3145728,3145728,0.0
dissertation/data/processed/iddaw_masks/train/FOG/gtSeg/67/00000048_mask.png,train,fog,False,0,3145658,3145728,0.0
dissertation/data/processed/iddaw_masks/train/FOG/gtSeg/67/00000030_mask.png,train,fog,False,0,3145696,3145728,0.0
dissertation/data/processed/iddaw_masks/train/FOG/gtSeg/67/00000031_mask.png,train,fog,False,0,3145547,3145728,0.0
dissertation/data/processed/iddaw_masks/train/FOG/gtSeg/67/00000033_mask.png,train,fog,False,0,3145722,3145728,0.0
dissertation/data/processed/iddaw_masks/train/FOG/gtSeg/67/00000076_mask.png,train,fog,False,0,3145724,3145728,0.0
dissertation/data/processed/iddaw_masks/train/FOG/gtSeg/67/00000108_mask.png,train,fog,False,0,3145697,3145728,0.0
dissertation/data/processed/iddaw_masks/train/FOG/gtSeg/67/00000064_mask.png,train,fog,False,0,3145728,3145728,0.0
dissertation/data/processed/iddaw_masks/train/FOG/gtSeg/67/00000055_mask.png,train,fog,False,0,3141611,3145728,0.0
dissertation/data/processed/iddaw_masks/train/FOG/gtSeg/67/00000028_mask.png,train,fog,False,0,3143682,3145728,0.0
dissertation/data/processed/iddaw_masks/train/FOG/gtSeg/67/00000039_mask.png,train,fog,False,0,3145728,3145728,0.0
dissertation/data/processed/iddaw_masks/train/FOG/gtSeg/67/00000089_mask.png,train,fog,False,0,3140526,3145728,0.0
dissertation/data/processed/iddaw_masks/train/FOG/gtSeg/67/00000096_mask.png,train,fog,False,0,3145728,3145728,0.0
dissertation/data/processed/iddaw_masks/train/FOG/gtSeg/67/00000038_mask.png,train,fog,False,0,3145728,3145728,0.0
dissertation/data/processed/iddaw_masks/train/FOG/gtSeg/67/00000062_mask.png,train,fog,False,0,3145728,3145728,0.0
dissertation/data/processed/iddaw_masks/train/FOG/gtSeg/67/00000052_mask.png,train,fog,False,0,3145684,3145728,0.0
dissertation/data/processed/iddaw_masks/train/FOG/gtSeg/67/00000051_mask.png,train,fog,False,0,3145624,3145728,0.0
dissertation/data/processed/iddaw_masks/train/FOG/gtSeg/67/00000106_mask.png,train,fog,False,0,3145726,3145728,0.0
dissertation/data/processed/iddaw_masks/train/FOG/gtSeg/67/00000037_mask.png,train,fog,False,0,3145728,3145728,0.0
dissertation/data/processed/iddaw_masks/train/FOG/gtSeg/67/00000009_mask.png,train,fog,False,0,3145649,3145728,0.0
dissertation/data/processed/iddaw_masks/train/FOG/gtSeg/67/00000042_mask.png,train,fog,False,0,3143790,3145728,0.0
dissertation/data/processed/iddaw_masks/train/FOG/gtSeg/67/00000054_mask.png,train,fog,False,0,3145510,3145728,0.0
dissertation/data/processed/iddaw_masks/train/FOG/gtSeg/67/00000063_mask.png,train,fog,False,0,3145728,3145728,0.0
dissertation/data/processed/iddaw_masks/train/FOG/gtSeg/67/00000071_mask.png,train,fog,False,0,3145728,3145728,0.0
dissertation/data/processed/iddaw_masks/train/FOG/gtSeg/67/00000109_mask.png,train,fog,False,0,3145576,3145728,0.0
dissertation/data/processed/iddaw_masks/train/FOG/gtSeg/67/00000112_mask.png,train,fog,False,0,3145728,3145728,0.0
dissertation/data/processed/iddaw_masks/train/FOG/gtSeg/67/00000020_mask.png,train,fog,False,0,3145728,3145728,0.0
dissertation/data/processed/iddaw_masks/train/FOG/gtSeg/67/00000058_mask.png,train,fog,False,0,3145572,3145728,0.0
dissertation/data/processed/iddaw_masks/train/FOG/gtSeg/67/00000078_mask.png,train,fog,False,0,3145728,3145728,0.0
dissertation/data/processed/iddaw_masks/train/FOG/gtSeg/67/00000056_mask.png,train,fog,False,0,3145275,3145728,0.0
dissertation/data/processed/iddaw_masks/train/FOG/gtSeg/67/00000046_mask.png,train,fog,False,0,3145661,3145728,0.0
dissertation/data/processed/iddaw_masks/train/FOG/gtSeg/67/00000067_mask.png,train,fog,False,0,3144247,3145728,0.0
dissertation/data/processed/iddaw_masks/train/FOG/gtSeg/67/00000016_mask.png,train,fog,False,0,3145679,3145728,0.0
dissertation/data/processed/iddaw_masks/train/FOG/gtSeg/67/00000061_mask.png,train,fog,False,0,3145717,3145728,0.0
dissertation/data/processed/iddaw_masks/train/FOG/gtSeg/67/00000036_mask.png,train,fog,False,0,3143704,3145728,0.0
dissertation/data/processed/iddaw_masks/train/FOG/gtSeg/67/00000026_mask.png,train,fog,False,0,3145706,3145728,0.0
dissertation/data/processed/iddaw_masks/train/FOG/gtSeg/67/00000045_mask.png,train,fog,False,0,3144916,3145728,0.0
dissertation/data/processed/iddaw_masks/train/FOG/gtSeg/67/00000041_mask.png,train,fog,False,0,3145445,3145728,0.0
dissertation/data/processed/iddaw_masks/train/FOG/gtSeg/67/00000104_mask.png,train,fog,False,0,3145693,3145728,0.0
dissertation/data/processed/iddaw_masks/train/FOG/gtSeg/67/00000004_mask.png,train,fog,False,0,3145728,3145728,0.0
dissertation/data/processed/iddaw_masks/train/FOG/gtSeg/67/00000111_mask.png,train,fog,False,0,3145728,3145728,0.0
dissertation/data/processed/iddaw_masks/train/FOG/gtSeg/67/00000117_mask.png,train,fog,False,0,3145728,3145728,0.0
dissertation/data/processed/iddaw_masks/train/FOG/gtSeg/67/00000113_mask.png,train,fog,False,0,3145641,3145728,0.0
dissertation/data/processed/iddaw_masks/train/FOG/gtSeg/67/00000025_mask.png,train,fog,False,0,3144856,3145728,0.0
dissertation/data/processed/iddaw_masks/train/FOG/gtSeg/67/00000092_mask.png,train,fog,False,0,3145431,3145728,0.0
dissertation/data/processed/iddaw_masks/train/FOG/gtSeg/67/00000008_mask.png,train,fog,False,0,3145694,3145728,0.0
dissertation/data/processed/iddaw_masks/train/FOG/gtSeg/67/00000070_mask.png,train,fog,False,0,3145728,3145728,0.0
dissertation/data/processed/iddaw_masks/train/FOG/gtSeg/67/00000088_mask.png,train,fog,False,0,3145394,3145728,0.0
dissertation/data/processed/iddaw_masks/train/FOG/gtSeg/67/00000118_mask.png,train,fog,False,0,3145728,3145728,0.0
dissertation/data/processed/iddaw_masks/train/FOG/gtSeg/67/00000090_mask.png,train,fog,False,0,3144121,3145728,0.0
dissertation/data/processed/iddaw_masks/train/FOG/gtSeg/67/00000060_mask.png,train,fog,False,0,3145656,3145728,0.0
dissertation/data/processed/iddaw_masks/train/FOG/gtSeg/67/00000014_mask.png,train,fog,False,0,3145728,3145728,0.0
dissertation/data/processed/iddaw_masks/train/FOG/gtSeg/67/00000032_mask.png,train,fog,False,0,3144176,3145728,0.0
dissertation/data/processed/iddaw_masks/train/FOG/gtSeg/67/00000053_mask.png,train,fog,False,0,3145046,3145728,0.0
dissertation/data/processed/iddaw_masks/train/FOG/gtSeg/67/00000003_mask.png,train,fog,False,0,3145708,3145728,0.0
dissertation/data/processed/iddaw_masks/train/FOG/gtSeg/57/00000002_mask.png,train,fog,False,0,3145728,3145728,0.0
dissertation/data/processed/iddaw_masks/train/FOG/gtSeg/57/00000034_mask.png,train,fog,False,0,3145728,3145728,0.0
dissertation/data/processed/iddaw_masks/train/FOG/gtSeg/57/00000013_mask.png,train,fog,False,0,3145728,3145728,0.0
dissertation/data/processed/iddaw_masks/train/FOG/gtSeg/57/00000049_mask.png,train,fog,False,0,3145728,3145728,0.0
dissertation/data/processed/iddaw_masks/train/FOG/gtSeg/57/00000018_mask.png,train,fog,False,0,3145728,3145728,0.0
dissertation/data/processed/iddaw_masks/train/FOG/gtSeg/57/00000050_mask.png,train,fog,False,0,3145728,3145728,0.0
dissertation/data/processed/iddaw_masks/train/FOG/gtSeg/57/00000029_mask.png,train,fog,False,0,3145728,3145728,0.0
dissertation/data/processed/iddaw_masks/train/FOG/gtSeg/57/00000017_mask.png,train,fog,False,0,3145728,3145728,0.0
dissertation/data/processed/iddaw_masks/train/FOG/gtSeg/57/00000024_mask.png,train,fog,False,0,3145728,3145728,0.0
dissertation/data/processed/iddaw_masks/train/FOG/gtSeg/57/00000021_mask.png,train,fog,False,0,3145728,3145728,0.0
dissertation/data/processed/iddaw_masks/train/FOG/gtSeg/57/00000035_mask.png,train,fog,False,0,3145728,3145728,0.0
dissertation/data/processed/iddaw_masks/train/FOG/gtSeg/57/00000011_mask.png,train,fog,False,0,3145728,3145728,0.0
dissertation/data/processed/iddaw_masks/train/FOG/gtSeg/57/00000000_mask.png,train,fog,False,0,3145728,3145728,0.0
dissertation/data/processed/iddaw_masks/train/FOG/gtSeg/57/00000010_mask.png,train,fog,False,0,3145728,3145728,0.0
dissertation/data/processed/iddaw_masks/train/FOG/gtSeg/57/00000019_mask.png,train,fog,False,0,3145728,3145728,0.0
dissertation/data/processed/iddaw_masks/train/FOG/gtSeg/57/00000005_mask.png,train,fog,False,0,3145663,3145728,0.0
dissertation/data/processed/iddaw_masks/train/FOG/gtSeg/57/00000043_mask.png,train,fog,False,0,3145722,3145728,0.0
dissertation/data/processed/iddaw_masks/train/FOG/gtSeg/57/00000007_mask.png,train,fog,False,0,3145728,3145728,0.0
dissertation/data/processed/iddaw_masks/train/FOG/gtSeg/57/00000047_mask.png,train,fog,False,0,3145728,3145728,0.0
dissertation/data/processed/iddaw_masks/train/FOG/gtSeg/57/00000027_mask.png,train,fog,False,0,3145728,3145728,0.0
dissertation/data/processed/iddaw_masks/train/FOG/gtSeg/57/00000023_mask.png,train,fog,False,0,3145728,3145728,0.0
dissertation/data/processed/iddaw_masks/train/FOG/gtSeg/57/00000040_mask.png,train,fog,False,0,3143681,3145728,0.0
dissertation/data/processed/iddaw_masks/train/FOG/gtSeg/57/00000022_mask.png,train,fog,False,0,3145728,3145728,0.0
dissertation/data/processed/iddaw_masks/train/FOG/gtSeg/57/00000015_mask.png,train,fog,False,0,3145728,3145728,0.0
dissertation/data/processed/iddaw_masks/train/FOG/gtSeg/57/00000044_mask.png,train,fog,False,0,3145728,3145728,0.0
dissertation/data/processed/iddaw_masks/train/FOG/gtSeg/57/00000012_mask.png,train,fog,False,0,3145728,3145728,0.0
dissertation/data/processed/iddaw_masks/train/FOG/gtSeg/57/00000001_mask.png,train,fog,False,0,3145728,3145728,0.0
dissertation/data/processed/iddaw_masks/train/FOG/gtSeg/57/00000006_mask.png,train,fog,False,0,3145651,3145728,0.0
dissertation/data/processed/iddaw_masks/train/FOG/gtSeg/57/00000048_mask.png,train,fog,False,0,3145713,3145728,0.0
dissertation/data/processed/iddaw_masks/train/FOG/gtSeg/57/00000030_mask.png,train,fog,False,0,3145728,3145728,0.0
dissertation/data/processed/iddaw_masks/train/FOG/gtSeg/57/00000031_mask.png,train,fog,False,0,3145728,3145728,0.0
dissertation/data/processed/iddaw_masks/train/FOG/gtSeg/57/00000033_mask.png,train,fog,False,0,3145728,3145728,0.0
dissertation/data/processed/iddaw_masks/train/FOG/gtSeg/57/00000028_mask.png,train,fog,False,0,3145728,3145728,0.0
dissertation/data/processed/iddaw_masks/train/FOG/gtSeg/57/00000039_mask.png,train,fog,False,0,3145728,3145728,0.0
dissertation/data/processed/iddaw_masks/train/FOG/gtSeg/57/00000038_mask.png,train,fog,False,0,3145728,3145728,0.0
dissertation/data/processed/iddaw_masks/train/FOG/gtSeg/57/00000052_mask.png,train,fog,False,0,3145728,3145728,0.0
dissertation/data/processed/iddaw_masks/train/FOG/gtSeg/57/00000051_mask.png,train,fog,False,0,3145728,3145728,0.0
dissertation/data/processed/iddaw_masks/train/FOG/gtSeg/57/00000037_mask.png,train,fog,False,0,3143681,3145728,0.0
dissertation/data/processed/iddaw_masks/train/FOG/gtSeg/57/00000009_mask.png,train,fog,False,0,3145724,3145728,0.0
dissertation/data/processed/iddaw_masks/train/FOG/gtSeg/57/00000042_mask.png,train,fog,False,0,3144811,3145728,0.0
dissertation/data/processed/iddaw_masks/train/FOG/gtSeg/57/00000020_mask.png,train,fog,False,0,3145728,3145728,0.0
dissertation/data/processed/iddaw_masks/train/FOG/gtSeg/57/00000046_mask.png,train,fog,False,0,3144987,3145728,0.0
dissertation/data/processed/iddaw_masks/train/FOG/gtSeg/57/00000016_mask.png,train,fog,False,0,3145728,3145728,0.0
dissertation/data/processed/iddaw_masks/train/FOG/gtSeg/57/00000036_mask.png,train,fog,False,0,3145723,3145728,0.0
dissertation/data/processed/iddaw_masks/train/FOG/gtSeg/57/00000026_mask.png,train,fog,False,0,3145728,3145728,0.0
dissertation/data/processed/iddaw_masks/train/FOG/gtSeg/57/00000045_mask.png,train,fog,False,0,3145728,3145728,0.0
dissertation/data/processed/iddaw_masks/train/FOG/gtSeg/57/00000041_mask.png,train,fog,False,0,3143065,3145728,0.0
dissertation/data/processed/iddaw_masks/train/FOG/gtSeg/57/00000004_mask.png,train,fog,False,0,3145728,3145728,0.0
dissertation/data/processed/iddaw_masks/train/FOG/gtSeg/57/00000025_mask.png,train,fog,False,0,3145728,3145728,0.0
dissertation/data/processed/iddaw_masks/train/FOG/gtSeg/57/00000008_mask.png,train,fog,False,0,3145728,3145728,0.0
dissertation/data/processed/iddaw_masks/train/FOG/gtSeg/57/00000014_mask.png,train,fog,False,0,3145727,3145728,0.0
dissertation/data/processed/iddaw_masks/train/FOG/gtSeg/57/00000032_mask.png,train,fog,False,0,3143612,3145728,0.0
dissertation/data/processed/iddaw_masks/train/FOG/gtSeg/57/00000003_mask.png,train,fog,False,0,3145728,3145728,0.0
dissertation/data/processed/iddaw_masks/train/FOG/gtSeg/76/00000000_mask.png,train,fog,False,0,3145728,3145728,0.0
dissertation/data/processed/iddaw_masks/train/FOG/gtSeg/76/00000001_mask.png,train,fog,False,0,3145728,3145728,0.0
dissertation/data/processed/iddaw_masks/train/FOG/gtSeg/63/00000002_mask.png,train,fog,False,0,3145728,3145728,0.0
dissertation/data/processed/iddaw_masks/train/FOG/gtSeg/63/00000034_mask.png,train,fog,True,1231,3145728,3145728,0.00039132436116536457
dissertation/data/processed/iddaw_masks/train/FOG/gtSeg/63/00000013_mask.png,train,fog,False,0,3145728,3145728,0.0
dissertation/data/processed/iddaw_masks/train/FOG/gtSeg/63/00000018_mask.png,train,fog,True,1184,3145728,3145728,0.0003763834635416667
dissertation/data/processed/iddaw_masks/train/FOG/gtSeg/63/00000029_mask.png,train,fog,False,0,3145728,3145728,0.0
dissertation/data/processed/iddaw_masks/train/FOG/gtSeg/63/00000017_mask.png,train,fog,False,0,3145725,3145728,0.0
dissertation/data/processed/iddaw_masks/train/FOG/gtSeg/63/00000024_mask.png,train,fog,False,0,3145665,3145728,0.0
dissertation/data/processed/iddaw_masks/train/FOG/gtSeg/63/00000021_mask.png,train,fog,True,2092,3145728,3145728,0.0006650288899739584
dissertation/data/processed/iddaw_masks/train/FOG/gtSeg/63/00000035_mask.png,train,fog,True,165,3145727,3145728,5.2452104076418584e-05
dissertation/data/processed/iddaw_masks/train/FOG/gtSeg/63/00000011_mask.png,train,fog,False,0,3145720,3145728,0.0
dissertation/data/processed/iddaw_masks/train/FOG/gtSeg/63/00000000_mask.png,train,fog,True,1080,3145664,3145728,0.00034332973896767104
dissertation/data/processed/iddaw_masks/train/FOG/gtSeg/63/00000010_mask.png,train,fog,False,0,3145692,3145728,0.0
dissertation/data/processed/iddaw_masks/train/FOG/gtSeg/63/00000019_mask.png,train,fog,True,362,3145642,3145728,0.00011507984697559353
dissertation/data/processed/iddaw_masks/train/FOG/gtSeg/63/00000005_mask.png,train,fog,False,0,3145127,3145728,0.0
dissertation/data/processed/iddaw_masks/train/FOG/gtSeg/63/00000007_mask.png,train,fog,False,0,3145687,3145728,0.0
dissertation/data/processed/iddaw_masks/train/FOG/gtSeg/63/00000027_mask.png,train,fog,True,303,3145728,3145728,9.632110595703125e-05
dissertation/data/processed/iddaw_masks/train/FOG/gtSeg/63/00000023_mask.png,train,fog,False,0,3145728,3145728,0.0
dissertation/data/processed/iddaw_masks/train/FOG/gtSeg/63/00000040_mask.png,train,fog,True,305,3145728,3145728,9.695688883463542e-05
dissertation/data/processed/iddaw_masks/train/FOG/gtSeg/63/00000022_mask.png,train,fog,False,0,3145728,3145728,0.0
dissertation/data/processed/iddaw_masks/train/FOG/gtSeg/63/00000015_mask.png,train,fog,False,0,3145708,3145728,0.0
dissertation/data/processed/iddaw_masks/train/FOG/gtSeg/63/00000012_mask.png,train,fog,False,0,3145631,3145728,0.0
dissertation/data/processed/iddaw_masks/train/FOG/gtSeg/63/00000001_mask.png,train,fog,False,0,3145725,3145728,0.0
dissertation/data/processed/iddaw_masks/train/FOG/gtSeg/63/00000006_mask.png,train,fog,False,0,3143273,3145728,0.0
dissertation/data/processed/iddaw_masks/train/FOG/gtSeg/63/00000030_mask.png,train,fog,False,0,3145593,3145728,0.0
dissertation/data/processed/iddaw_masks/train/FOG/gtSeg/63/00000031_mask.png,train,fog,False,0,3145728,3145728,0.0
dissertation/data/processed/iddaw_masks/train/FOG/gtSeg/63/00000033_mask.png,train,fog,True,153,3145719,3145728,4.863752928980624e-05
dissertation/data/processed/iddaw_masks/train/FOG/gtSeg/63/00000028_mask.png,train,fog,False,0,3145723,3145728,0.0
dissertation/data/processed/iddaw_masks/train/FOG/gtSeg/63/00000039_mask.png,train,fog,False,0,3145728,3145728,0.0
dissertation/data/processed/iddaw_masks/train/FOG/gtSeg/63/00000038_mask.png,train,fog,False,0,3145728,3145728,0.0
dissertation/data/processed/iddaw_masks/train/FOG/gtSeg/63/00000037_mask.png,train,fog,True,127,3145728,3145728,4.0372212727864586e-05
dissertation/data/processed/iddaw_masks/train/FOG/gtSeg/63/00000009_mask.png,train,fog,False,0,3145728,3145728,0.0
dissertation/data/processed/iddaw_masks/train/FOG/gtSeg/63/00000020_mask.png,train,fog,False,0,3145723,3145728,0.0
dissertation/data/processed/iddaw_masks/train/FOG/gtSeg/63/00000016_mask.png,train,fog,False,0,3145728,3145728,0.0
dissertation/data/processed/iddaw_masks/train/FOG/gtSeg/63/00000036_mask.png,train,fog,False,0,3145728,3145728,0.0
dissertation/data/processed/iddaw_masks/train/FOG/gtSeg/63/00000026_mask.png,train,fog,True,515,3145627,3145728,0.00016371934752594633
dissertation/data/processed/iddaw_masks/train/FOG/gtSeg/63/00000004_mask.png,train,fog,False,0,3145727,3145728,0.0
dissertation/data/processed/iddaw_masks/train/FOG/gtSeg/63/00000025_mask.png,train,fog,False,0,3145728,3145728,0.0
dissertation/data/processed/iddaw_masks/train/FOG/gtSeg/63/00000008_mask.png,train,fog,True,293,3145728,3145728,9.314219156901042e-05
dissertation/data/processed/iddaw_masks/train/FOG/gtSeg/63/00000014_mask.png,train,fog,False,0,3145723,3145728,0.0
dissertation/data/processed/iddaw_masks/train/FOG/gtSeg/63/00000032_mask.png,train,fog,False,0,3145728,3145728,0.0
dissertation/data/processed/iddaw_masks/train/FOG/gtSeg/63/00000003_mask.png,train,fog,False,0,3145704,3145728,0.0
dissertation/data/processed/iddaw_masks/train/FOG/gtSeg/51/00000002_mask.png,train,fog,False,0,3145728,3145728,0.0
dissertation/data/processed/iddaw_masks/train/FOG/gtSeg/51/00000034_mask.png,train,fog,False,0,3145728,3145728,0.0
dissertation/data/processed/iddaw_masks/train/FOG/gtSeg/51/00000013_mask.png,train,fog,False,0,3145728,3145728,0.0
dissertation/data/processed/iddaw_masks/train/FOG/gtSeg/51/00000049_mask.png,train,fog,False,0,3145728,3145728,0.0
dissertation/data/processed/iddaw_masks/train/FOG/gtSeg/51/00000018_mask.png,train,fog,False,0,3145725,3145728,0.0
dissertation/data/processed/iddaw_masks/train/FOG/gtSeg/51/00000050_mask.png,train,fog,False,0,3145728,3145728,0.0
dissertation/data/processed/iddaw_masks/train/FOG/gtSeg/51/00000029_mask.png,train,fog,False,0,3145728,3145728,0.0
dissertation/data/processed/iddaw_masks/train/FOG/gtSeg/51/00000057_mask.png,train,fog,False,0,3145623,3145728,0.0
dissertation/data/processed/iddaw_masks/train/FOG/gtSeg/51/00000017_mask.png,train,fog,False,0,3145725,3145728,0.0
dissertation/data/processed/iddaw_masks/train/FOG/gtSeg/51/00000024_mask.png,train,fog,False,0,3145728,3145728,0.0
dissertation/data/processed/iddaw_masks/train/FOG/gtSeg/51/00000021_mask.png,train,fog,False,0,3145728,3145728,0.0
dissertation/data/processed/iddaw_masks/train/FOG/gtSeg/51/00000035_mask.png,train,fog,False,0,3145728,3145728,0.0
dissertation/data/processed/iddaw_masks/train/FOG/gtSeg/51/00000011_mask.png,train,fog,False,0,3145728,3145728,0.0
dissertation/data/processed/iddaw_masks/train/FOG/gtSeg/51/00000000_mask.png,train,fog,False,0,3145706,3145728,0.0
dissertation/data/processed/iddaw_masks/train/FOG/gtSeg/51/00000010_mask.png,train,fog,False,0,3145725,3145728,0.0
dissertation/data/processed/iddaw_masks/train/FOG/gtSeg/51/00000019_mask.png,train,fog,False,0,3145725,3145728,0.0
dissertation/data/processed/iddaw_masks/train/FOG/gtSeg/51/00000005_mask.png,train,fog,False,0,3145728,3145728,0.0
dissertation/data/processed/iddaw_masks/train/FOG/gtSeg/51/00000043_mask.png,train,fog,False,0,3145728,3145728,0.0
dissertation/data/processed/iddaw_masks/train/FOG/gtSeg/51/00000059_mask.png,train,fog,False,0,3143680,3145728,0.0
dissertation/data/processed/iddaw_masks/train/FOG/gtSeg/51/00000007_mask.png,train,fog,False,0,3145728,3145728,0.0
dissertation/data/processed/iddaw_masks/train/FOG/gtSeg/51/00000047_mask.png,train,fog,False,0,3145728,3145728,0.0
dissertation/data/processed/iddaw_masks/train/FOG/gtSeg/51/00000027_mask.png,train,fog,False,0,3145728,3145728,0.0
dissertation/data/processed/iddaw_masks/train/FOG/gtSeg/51/00000023_mask.png,train,fog,False,0,3145728,3145728,0.0
dissertation/data/processed/iddaw_masks/train/FOG/gtSeg/51/00000040_mask.png,train,fog,False,0,3145728,3145728,0.0
dissertation/data/processed/iddaw_masks/train/FOG/gtSeg/51/00000022_mask.png,train,fog,False,0,3145728,3145728,0.0
dissertation/data/processed/iddaw_masks/train/FOG/gtSeg/51/00000015_mask.png,train,fog,False,0,3145301,3145728,0.0
dissertation/data/processed/iddaw_masks/train/FOG/gtSeg/51/00000044_mask.png,train,fog,False,0,3145728,3145728,0.0
dissertation/data/processed/iddaw_masks/train/FOG/gtSeg/51/00000012_mask.png,train,fog,False,0,3145728,3145728,0.0
dissertation/data/processed/iddaw_masks/train/FOG/gtSeg/51/00000001_mask.png,train,fog,False,0,3145720,3145728,0.0
dissertation/data/processed/iddaw_masks/train/FOG/gtSeg/51/00000006_mask.png,train,fog,False,0,3143681,3145728,0.0
dissertation/data/processed/iddaw_masks/train/FOG/gtSeg/51/00000048_mask.png,train,fog,False,0,3145728,3145728,0.0
dissertation/data/processed/iddaw_masks/train/FOG/gtSeg/51/00000030_mask.png,train,fog,False,0,3145728,3145728,0.0
dissertation/data/processed/iddaw_masks/train/FOG/gtSeg/51/00000031_mask.png,train,fog,False,0,3145728,3145728,0.0
dissertation/data/processed/iddaw_masks/train/FOG/gtSeg/51/00000033_mask.png,train,fog,False,0,3145728,3145728,0.0
dissertation/data/processed/iddaw_masks/train/FOG/gtSeg/51/00000064_mask.png,train,fog,False,0,3145714,3145728,0.0
dissertation/data/processed/iddaw_masks/train/FOG/gtSeg/51/00000055_mask.png,train,fog,False,0,3145546,3145728,0.0
dissertation/data/processed/iddaw_masks/train/FOG/gtSeg/51/00000028_mask.png,train,fog,False,0,3145728,3145728,0.0
dissertation/data/processed/iddaw_masks/train/FOG/gtSeg/51/00000039_mask.png,train,fog,False,0,3145728,3145728,0.0
dissertation/data/processed/iddaw_masks/train/FOG/gtSeg/51/00000038_mask.png,train,fog,False,0,3145728,3145728,0.0
dissertation/data/processed/iddaw_masks/train/FOG/gtSeg/51/00000062_mask.png,train,fog,False,0,3145728,3145728,0.0
dissertation/data/processed/iddaw_masks/train/FOG/gtSeg/51/00000052_mask.png,train,fog,False,0,3145728,3145728,0.0
dissertation/data/processed/iddaw_masks/train/FOG/gtSeg/51/00000051_mask.png,train,fog,False,0,3145728,3145728,0.0
dissertation/data/processed/iddaw_masks/train/FOG/gtSeg/51/00000037_mask.png,train,fog,False,0,3145728,3145728,0.0
dissertation/data/processed/iddaw_masks/train/FOG/gtSeg/51/00000009_mask.png,train,fog,False,0,3145725,3145728,0.0
dissertation/data/processed/iddaw_masks/train/FOG/gtSeg/51/00000042_mask.png,train,fog,False,0,3145728,3145728,0.0
dissertation/data/processed/iddaw_masks/train/FOG/gtSeg/51/00000054_mask.png,train,fog,False,0,3143652,3145728,0.0
dissertation/data/processed/iddaw_masks/train/FOG/gtSeg/51/00000063_mask.png,train,fog,False,0,3143501,3145728,0.0
dissertation/data/processed/iddaw_masks/train/FOG/gtSeg/51/00000020_mask.png,train,fog,False,0,3145728,3145728,0.0
dissertation/data/processed/iddaw_masks/train/FOG/gtSeg/51/00000058_mask.png,train,fog,False,0,3145473,3145728,0.0
dissertation/data/processed/iddaw_masks/train/FOG/gtSeg/51/00000056_mask.png,train,fog,False,0,3145428,3145728,0.0
dissertation/data/processed/iddaw_masks/train/FOG/gtSeg/51/00000046_mask.png,train,fog,False,0,3145728,3145728,0.0
dissertation/data/processed/iddaw_masks/train/FOG/gtSeg/51/00000016_mask.png,train,fog,False,0,3145301,3145728,0.0
dissertation/data/processed/iddaw_masks/train/FOG/gtSeg/51/00000061_mask.png,train,fog,False,0,3143681,3145728,0.0
dissertation/data/processed/iddaw_masks/train/FOG/gtSeg/51/00000036_mask.png,train,fog,False,0,3145728,3145728,0.0
dissertation/data/processed/iddaw_masks/train/FOG/gtSeg/51/00000026_mask.png,train,fog,False,0,3145707,3145728,0.0
dissertation/data/processed/iddaw_masks/train/FOG/gtSeg/51/00000045_mask.png,train,fog,False,0,3145728,3145728,0.0
dissertation/data/processed/iddaw_masks/train/FOG/gtSeg/51/00000041_mask.png,train,fog,False,0,3145728,3145728,0.0
dissertation/data/processed/iddaw_masks/train/FOG/gtSeg/51/00000004_mask.png,train,fog,False,0,3145703,3145728,0.0
dissertation/data/processed/iddaw_masks/train/FOG/gtSeg/51/00000025_mask.png,train,fog,False,0,3145707,3145728,0.0
dissertation/data/processed/iddaw_masks/train/FOG/gtSeg/51/00000008_mask.png,train,fog,False,0,3145725,3145728,0.0
dissertation/data/processed/iddaw_masks/train/FOG/gtSeg/51/00000060_mask.png,train,fog,False,0,3144312,3145728,0.0
dissertation/data/processed/iddaw_masks/train/FOG/gtSeg/51/00000014_mask.png,train,fog,False,0,3145728,3145728,0.0
dissertation/data/processed/iddaw_masks/train/FOG/gtSeg/51/00000032_mask.png,train,fog,False,0,3145728,3145728,0.0
dissertation/data/processed/iddaw_masks/train/FOG/gtSeg/51/00000053_mask.png,train,fog,False,0,3145547,3145728,0.0
dissertation/data/processed/iddaw_masks/train/FOG/gtSeg/51/00000003_mask.png,train,fog,False,0,3145728,3145728,0.0
dissertation/data/processed/iddaw_masks/train/FOG/gtSeg/101/00000002_mask.png,train,fog,False,0,3145728,3145728,0.0
dissertation/data/processed/iddaw_masks/train/FOG/gtSeg/101/00000013_mask.png,train,fog,False,0,3145301,3145728,0.0
dissertation/data/processed/iddaw_masks/train/FOG/gtSeg/101/00000011_mask.png,train,fog,False,0,3145728,3145728,0.0
dissertation/data/processed/iddaw_masks/train/FOG/gtSeg/101/00000000_mask.png,train,fog,False,0,3144376,3145728,0.0
dissertation/data/processed/iddaw_masks/train/FOG/gtSeg/101/00000010_mask.png,train,fog,False,0,3145712,3145728,0.0
dissertation/data/processed/iddaw_masks/train/FOG/gtSeg/101/00000005_mask.png,train,fog,False,0,3145728,3145728,0.0
dissertation/data/processed/iddaw_masks/train/FOG/gtSeg/101/00000007_mask.png,train,fog,False,0,3142709,3145728,0.0
dissertation/data/processed/iddaw_masks/train/FOG/gtSeg/101/00000012_mask.png,train,fog,False,0,3145613,3145728,0.0
dissertation/data/processed/iddaw_masks/train/FOG/gtSeg/101/00000001_mask.png,train,fog,False,0,3145717,3145728,0.0
dissertation/data/processed/iddaw_masks/train/FOG/gtSeg/101/00000006_mask.png,train,fog,False,0,3145719,3145728,0.0
dissertation/data/processed/iddaw_masks/train/FOG/gtSeg/101/00000009_mask.png,train,fog,False,0,3145728,3145728,0.0
dissertation/data/processed/iddaw_masks/train/FOG/gtSeg/101/00000004_mask.png,train,fog,False,0,3145534,3145728,0.0
dissertation/data/processed/iddaw_masks/train/FOG/gtSeg/101/00000008_mask.png,train,fog,False,0,3145728,3145728,0.0
dissertation/data/processed/iddaw_masks/train/FOG/gtSeg/101/00000014_mask.png,train,fog,False,0,3145728,3145728,0.0
dissertation/data/processed/iddaw_masks/train/FOG/gtSeg/101/00000003_mask.png,train,fog,False,0,3144178,3145728,0.0
dissertation/data/processed/iddaw_masks/train/FOG/gtSeg/70/00000002_mask.png,train,fog,False,0,3145727,3145728,0.0
dissertation/data/processed/iddaw_masks/train/FOG/gtSeg/70/00000013_mask.png,train,fog,False,0,3144835,3145728,0.0
dissertation/data/processed/iddaw_masks/train/FOG/gtSeg/70/00000018_mask.png,train,fog,False,0,3145728,3145728,0.0
dissertation/data/processed/iddaw_masks/train/FOG/gtSeg/70/00000017_mask.png,train,fog,False,0,3145695,3145728,0.0
dissertation/data/processed/iddaw_masks/train/FOG/gtSeg/70/00000011_mask.png,train,fog,False,0,3145612,3145728,0.0
dissertation/data/processed/iddaw_masks/train/FOG/gtSeg/70/00000000_mask.png,train,fog,False,0,3145539,3145728,0.0
dissertation/data/processed/iddaw_masks/train/FOG/gtSeg/70/00000010_mask.png,train,fog,False,0,3145721,3145728,0.0
dissertation/data/processed/iddaw_masks/train/FOG/gtSeg/70/00000019_mask.png,train,fog,False,0,3145728,3145728,0.0
dissertation/data/processed/iddaw_masks/train/FOG/gtSeg/70/00000005_mask.png,train,fog,False,0,3145728,3145728,0.0
dissertation/data/processed/iddaw_masks/train/FOG/gtSeg/70/00000007_mask.png,train,fog,False,0,3145728,3145728,0.0
dissertation/data/processed/iddaw_masks/train/FOG/gtSeg/70/00000015_mask.png,train,fog,False,0,3145726,3145728,0.0
dissertation/data/processed/iddaw_masks/train/FOG/gtSeg/70/00000012_mask.png,train,fog,False,0,3145728,3145728,0.0
dissertation/data/processed/iddaw_masks/train/FOG/gtSeg/70/00000001_mask.png,train,fog,False,0,3145417,3145728,0.0
dissertation/data/processed/iddaw_masks/train/FOG/gtSeg/70/00000006_mask.png,train,fog,False,0,3145626,3145728,0.0
dissertation/data/processed/iddaw_masks/train/FOG/gtSeg/70/00000009_mask.png,train,fog,False,0,3145728,3145728,0.0
dissertation/data/processed/iddaw_masks/train/FOG/gtSeg/70/00000016_mask.png,train,fog,False,0,3145725,3145728,0.0
dissertation/data/processed/iddaw_masks/train/FOG/gtSeg/70/00000004_mask.png,train,fog,False,0,3145728,3145728,0.0
dissertation/data/processed/iddaw_masks/train/FOG/gtSeg/70/00000008_mask.png,train,fog,False,0,3145728,3145728,0.0
dissertation/data/processed/iddaw_masks/train/FOG/gtSeg/70/00000014_mask.png,train,fog,False,0,3145728,3145728,0.0
dissertation/data/processed/iddaw_masks/train/FOG/gtSeg/70/00000003_mask.png,train,fog,False,0,3145717,3145728,0.0
dissertation/data/processed/iddaw_masks/train/FOG/gtSeg/87/00000000_mask.png,train,fog,False,0,3145129,3145728,0.0
dissertation/data/processed/iddaw_masks/train/FOG/gtSeg/61/00000000_mask.png,train,fog,False,0,3145728,3145728,0.0
dissertation/data/processed/iddaw_masks/train/FOG/gtSeg/96/00000002_mask.png,train,fog,False,0,3145728,3145728,0.0
dissertation/data/processed/iddaw_masks/train/FOG/gtSeg/96/00000013_mask.png,train,fog,False,0,3145723,3145728,0.0
dissertation/data/processed/iddaw_masks/train/FOG/gtSeg/96/00000011_mask.png,train,fog,False,0,3145728,3145728,0.0
dissertation/data/processed/iddaw_masks/train/FOG/gtSeg/96/00000000_mask.png,train,fog,False,0,3145728,3145728,0.0
dissertation/data/processed/iddaw_masks/train/FOG/gtSeg/96/00000010_mask.png,train,fog,False,0,3145728,3145728,0.0
dissertation/data/processed/iddaw_masks/train/FOG/gtSeg/96/00000005_mask.png,train,fog,False,0,3145728,3145728,0.0
dissertation/data/processed/iddaw_masks/train/FOG/gtSeg/96/00000007_mask.png,train,fog,False,0,3145683,3145728,0.0
dissertation/data/processed/iddaw_masks/train/FOG/gtSeg/96/00000012_mask.png,train,fog,False,0,3145728,3145728,0.0
dissertation/data/processed/iddaw_masks/train/FOG/gtSeg/96/00000001_mask.png,train,fog,False,0,3145728,3145728,0.0
dissertation/data/processed/iddaw_masks/train/FOG/gtSeg/96/00000006_mask.png,train,fog,False,0,3145728,3145728,0.0
dissertation/data/processed/iddaw_masks/train/FOG/gtSeg/96/00000009_mask.png,train,fog,False,0,3145728,3145728,0.0
dissertation/data/processed/iddaw_masks/train/FOG/gtSeg/96/00000004_mask.png,train,fog,False,0,3145728,3145728,0.0
dissertation/data/processed/iddaw_masks/train/FOG/gtSeg/96/00000008_mask.png,train,fog,False,0,3145604,3145728,0.0
dissertation/data/processed/iddaw_masks/train/FOG/gtSeg/96/00000014_mask.png,train,fog,False,0,3145658,3145728,0.0
dissertation/data/processed/iddaw_masks/train/FOG/gtSeg/96/00000003_mask.png,train,fog,False,0,3145728,3145728,0.0
dissertation/data/processed/iddaw_masks/train/FOG/gtSeg/79/00000000_mask.png,train,fog,False,0,3145437,3145728,0.0
dissertation/data/processed/iddaw_masks/train/FOG/gtSeg/79/00000001_mask.png,train,fog,False,0,3145686,3145728,0.0
dissertation/data/processed/iddaw_masks/train/FOG/gtSeg/74/00000002_mask.png,train,fog,False,0,3145653,3145728,0.0
dissertation/data/processed/iddaw_masks/train/FOG/gtSeg/74/00000000_mask.png,train,fog,False,0,3145728,3145728,0.0
dissertation/data/processed/iddaw_masks/train/FOG/gtSeg/74/00000001_mask.png,train,fog,False,0,3145725,3145728,0.0
dissertation/data/processed/iddaw_masks/train/FOG/gtSeg/85/00000002_mask.png,train,fog,False,0,3145710,3145728,0.0
dissertation/data/processed/iddaw_masks/train/FOG/gtSeg/85/00000013_mask.png,train,fog,True,353,3145728,3145728,0.00011221567789713542
dissertation/data/processed/iddaw_masks/train/FOG/gtSeg/85/00000018_mask.png,train,fog,False,0,3145705,3145728,0.0
dissertation/data/processed/iddaw_masks/train/FOG/gtSeg/85/00000017_mask.png,train,fog,False,0,3145464,3145728,0.0
dissertation/data/processed/iddaw_masks/train/FOG/gtSeg/85/00000011_mask.png,train,fog,True,605,3145711,3145728,0.00019232535983121146
dissertation/data/processed/iddaw_masks/train/FOG/gtSeg/85/00000000_mask.png,train,fog,False,0,3145719,3145728,0.0
dissertation/data/processed/iddaw_masks/train/FOG/gtSeg/85/00000010_mask.png,train,fog,False,0,3145728,3145728,0.0
dissertation/data/processed/iddaw_masks/train/FOG/gtSeg/85/00000019_mask.png,train,fog,False,0,3145680,3145728,0.0
dissertation/data/processed/iddaw_masks/train/FOG/gtSeg/85/00000005_mask.png,train,fog,False,0,3145728,3145728,0.0
dissertation/data/processed/iddaw_masks/train/FOG/gtSeg/85/00000007_mask.png,train,fog,False,0,3144293,3145728,0.0
dissertation/data/processed/iddaw_masks/train/FOG/gtSeg/85/00000015_mask.png,train,fog,False,0,3145728,3145728,0.0
dissertation/data/processed/iddaw_masks/train/FOG/gtSeg/85/00000012_mask.png,train,fog,True,6161,3145724,3145728,0.0019585316448614055
dissertation/data/processed/iddaw_masks/train/FOG/gtSeg/85/00000001_mask.png,train,fog,False,0,3145728,3145728,0.0
dissertation/data/processed/iddaw_masks/train/FOG/gtSeg/85/00000006_mask.png,train,fog,False,0,3145728,3145728,0.0
dissertation/data/processed/iddaw_masks/train/FOG/gtSeg/85/00000009_mask.png,train,fog,False,0,3145728,3145728,0.0
dissertation/data/processed/iddaw_masks/train/FOG/gtSeg/85/00000020_mask.png,train,fog,False,0,3145467,3145728,0.0
dissertation/data/processed/iddaw_masks/train/FOG/gtSeg/85/00000016_mask.png,train,fog,False,0,3145442,3145728,0.0
dissertation/data/processed/iddaw_masks/train/FOG/gtSeg/85/00000004_mask.png,train,fog,False,0,3145728,3145728,0.0
dissertation/data/processed/iddaw_masks/train/FOG/gtSeg/85/00000008_mask.png,train,fog,False,0,3145728,3145728,0.0
dissertation/data/processed/iddaw_masks/train/FOG/gtSeg/85/00000014_mask.png,train,fog,False,0,3145728,3145728,0.0
dissertation/data/processed/iddaw_masks/train/FOG/gtSeg/85/00000003_mask.png,train,fog,False,0,3145728,3145728,0.0
dissertation/data/processed/iddaw_masks/train/FOG/gtSeg/82/00000000_mask.png,train,fog,False,0,3145728,3145728,0.0
dissertation/data/processed/iddaw_masks/train/FOG/gtSeg/53/00000002_mask.png,train,fog,False,0,3145687,3145728,0.0
dissertation/data/processed/iddaw_masks/train/FOG/gtSeg/53/00000000_mask.png,train,fog,False,0,3143966,3145728,0.0
dissertation/data/processed/iddaw_masks/train/FOG/gtSeg/53/00000005_mask.png,train,fog,False,0,3140786,3145728,0.0
dissertation/data/processed/iddaw_masks/train/FOG/gtSeg/53/00000007_mask.png,train,fog,False,0,3145728,3145728,0.0
dissertation/data/processed/iddaw_masks/train/FOG/gtSeg/53/00000001_mask.png,train,fog,False,0,3141617,3145728,0.0
dissertation/data/processed/iddaw_masks/train/FOG/gtSeg/53/00000006_mask.png,train,fog,False,0,3145699,3145728,0.0
dissertation/data/processed/iddaw_masks/train/FOG/gtSeg/53/00000004_mask.png,train,fog,False,0,3145708,3145728,0.0
dissertation/data/processed/iddaw_masks/train/FOG/gtSeg/53/00000008_mask.png,train,fog,False,0,3145524,3145728,0.0
dissertation/data/processed/iddaw_masks/train/FOG/gtSeg/53/00000003_mask.png,train,fog,False,0,3141489,3145728,0.0
dissertation/data/processed/iddaw_masks/train/FOG/gtSeg/83/00000002_mask.png,train,fog,False,0,3145728,3145728,0.0
dissertation/data/processed/iddaw_masks/train/FOG/gtSeg/83/00000011_mask.png,train,fog,False,0,3145728,3145728,0.0
dissertation/data/processed/iddaw_masks/train/FOG/gtSeg/83/00000000_mask.png,train,fog,False,0,3145709,3145728,0.0
dissertation/data/processed/iddaw_masks/train/FOG/gtSeg/83/00000010_mask.png,train,fog,False,0,3145727,3145728,0.0
dissertation/data/processed/iddaw_masks/train/FOG/gtSeg/83/00000005_mask.png,train,fog,False,0,3145728,3145728,0.0
dissertation/data/processed/iddaw_masks/train/FOG/gtSeg/83/00000007_mask.png,train,fog,False,0,3145728,3145728,0.0
dissertation/data/processed/iddaw_masks/train/FOG/gtSeg/83/00000012_mask.png,train,fog,False,0,3145594,3145728,0.0
dissertation/data/processed/iddaw_masks/train/FOG/gtSeg/83/00000001_mask.png,train,fog,True,11455,3145578,3145728,0.0036416200774547634
dissertation/data/processed/iddaw_masks/train/FOG/gtSeg/83/00000006_mask.png,train,fog,False,0,3145713,3145728,0.0
dissertation/data/processed/iddaw_masks/train/FOG/gtSeg/83/00000009_mask.png,train,fog,False,0,3145573,3145728,0.0
dissertation/data/processed/iddaw_masks/train/FOG/gtSeg/83/00000004_mask.png,train,fog,False,0,3145723,3145728,0.0
dissertation/data/processed/iddaw_masks/train/FOG/gtSeg/83/00000008_mask.png,train,fog,False,0,3145728,3145728,0.0
dissertation/data/processed/iddaw_masks/train/FOG/gtSeg/83/00000003_mask.png,train,fog,False,0,3145728,3145728,0.0
dissertation/data/processed/iddaw_masks/train/FOG/gtSeg/92/00000000_mask.png,train,fog,False,0,3145715,3145728,0.0
dissertation/data/processed/iddaw_masks/train/FOG/gtSeg/50/00000002_mask.png,train,fog,False,0,3145728,3145728,0.0
dissertation/data/processed/iddaw_masks/train/FOG/gtSeg/50/00000000_mask.png,train,fog,False,0,3145728,3145728,0.0
dissertation/data/processed/iddaw_masks/train/FOG/gtSeg/50/00000001_mask.png,train,fog,False,0,3145728,3145728,0.0
dissertation/data/processed/iddaw_masks/train/FOG/gtSeg/78/00000002_mask.png,train,fog,False,0,3145659,3145728,0.0
dissertation/data/processed/iddaw_masks/train/FOG/gtSeg/78/00000000_mask.png,train,fog,False,0,3143812,3145728,0.0
dissertation/data/processed/iddaw_masks/train/FOG/gtSeg/78/00000001_mask.png,train,fog,False,0,3145727,3145728,0.0
dissertation/data/processed/iddaw_masks/train/FOG/gtSeg/77/00000000_mask.png,train,fog,False,0,3145728,3145728,0.0
dissertation/data/processed/iddaw_masks/train/FOG/gtSeg/93/00000002_mask.png,train,fog,False,0,3145728,3145728,0.0
dissertation/data/processed/iddaw_masks/train/FOG/gtSeg/93/00000000_mask.png,train,fog,False,0,3145728,3145728,0.0
dissertation/data/processed/iddaw_masks/train/FOG/gtSeg/93/00000005_mask.png,train,fog,False,0,3144637,3145728,0.0
dissertation/data/processed/iddaw_masks/train/FOG/gtSeg/93/00000001_mask.png,train,fog,False,0,3145728,3145728,0.0
dissertation/data/processed/iddaw_masks/train/FOG/gtSeg/93/00000004_mask.png,train,fog,False,0,3145655,3145728,0.0
dissertation/data/processed/iddaw_masks/train/FOG/gtSeg/93/00000003_mask.png,train,fog,False,0,3145728,3145728,0.0
dissertation/data/processed/iddaw_masks/train/RAIN/gtSeg/27/00000097_mask.png,train,rain,False,0,3145728,3145728,0.0
dissertation/data/processed/iddaw_masks/train/RAIN/gtSeg/27/00000002_mask.png,train,rain,False,0,3145695,3145728,0.0
dissertation/data/processed/iddaw_masks/train/RAIN/gtSeg/27/00000034_mask.png,train,rain,False,0,3145595,3145728,0.0
dissertation/data/processed/iddaw_masks/train/RAIN/gtSeg/27/00000013_mask.png,train,rain,False,0,3145725,3145728,0.0
dissertation/data/processed/iddaw_masks/train/RAIN/gtSeg/27/00000068_mask.png,train,rain,False,0,3145720,3145728,0.0
dissertation/data/processed/iddaw_masks/train/RAIN/gtSeg/27/00000049_mask.png,train,rain,False,0,3145723,3145728,0.0
dissertation/data/processed/iddaw_masks/train/RAIN/gtSeg/27/00000018_mask.png,train,rain,False,0,3145605,3145728,0.0
dissertation/data/processed/iddaw_masks/train/RAIN/gtSeg/27/00000050_mask.png,train,rain,False,0,3143831,3145728,0.0
dissertation/data/processed/iddaw_masks/train/RAIN/gtSeg/27/00000091_mask.png,train,rain,False,0,3145674,3145728,0.0
dissertation/data/processed/iddaw_masks/train/RAIN/gtSeg/27/00000103_mask.png,train,rain,False,0,3144047,3145728,0.0
dissertation/data/processed/iddaw_masks/train/RAIN/gtSeg/27/00000082_mask.png,train,rain,False,0,3145728,3145728,0.0
dissertation/data/processed/iddaw_masks/train/RAIN/gtSeg/27/00000029_mask.png,train,rain,False,0,3145728,3145728,0.0
dissertation/data/processed/iddaw_masks/train/RAIN/gtSeg/27/00000075_mask.png,train,rain,False,0,3145728,3145728,0.0
dissertation/data/processed/iddaw_masks/train/RAIN/gtSeg/27/00000057_mask.png,train,rain,False,0,3145721,3145728,0.0
dissertation/data/processed/iddaw_masks/train/RAIN/gtSeg/27/00000017_mask.png,train,rain,False,0,3145708,3145728,0.0
dissertation/data/processed/iddaw_masks/train/RAIN/gtSeg/27/00000083_mask.png,train,rain,False,0,3145063,3145728,0.0
dissertation/data/processed/iddaw_masks/train/RAIN/gtSeg/27/00000069_mask.png,train,rain,True,1366,3145728,3145728,0.0004342397054036458
dissertation/data/processed/iddaw_masks/train/RAIN/gtSeg/27/00000024_mask.png,train,rain,False,0,3145728,3145728,0.0
dissertation/data/processed/iddaw_masks/train/RAIN/gtSeg/27/00000102_mask.png,train,rain,False,0,3145724,3145728,0.0
dissertation/data/processed/iddaw_masks/train/RAIN/gtSeg/27/00000021_mask.png,train,rain,False,0,3145728,3145728,0.0
dissertation/data/processed/iddaw_masks/train/RAIN/gtSeg/27/00000079_mask.png,train,rain,False,0,3145710,3145728,0.0
dissertation/data/processed/iddaw_masks/train/RAIN/gtSeg/27/00000035_mask.png,train,rain,False,0,3144668,3145728,0.0
dissertation/data/processed/iddaw_masks/train/RAIN/gtSeg/27/00000093_mask.png,train,rain,False,0,3145681,3145728,0.0
dissertation/data/processed/iddaw_masks/train/RAIN/gtSeg/27/00000011_mask.png,train,rain,False,0,3145728,3145728,0.0
dissertation/data/processed/iddaw_masks/train/RAIN/gtSeg/27/00000000_mask.png,train,rain,False,0,3145728,3145728,0.0
dissertation/data/processed/iddaw_masks/train/RAIN/gtSeg/27/00000072_mask.png,train,rain,False,0,3145677,3145728,0.0
dissertation/data/processed/iddaw_masks/train/RAIN/gtSeg/27/00000010_mask.png,train,rain,False,0,3145708,3145728,0.0
dissertation/data/processed/iddaw_masks/train/RAIN/gtSeg/27/00000019_mask.png,train,rain,False,0,3145728,3145728,0.0
dissertation/data/processed/iddaw_masks/train/RAIN/gtSeg/27/00000005_mask.png,train,rain,False,0,3145721,3145728,0.0
dissertation/data/processed/iddaw_masks/train/RAIN/gtSeg/27/00000077_mask.png,train,rain,False,0,3145728,3145728,0.0
dissertation/data/processed/iddaw_masks/train/RAIN/gtSeg/27/00000081_mask.png,train,rain,False,0,3145724,3145728,0.0
dissertation/data/processed/iddaw_masks/train/RAIN/gtSeg/27/00000098_mask.png,train,rain,False,0,3145688,3145728,0.0
dissertation/data/processed/iddaw_masks/train/RAIN/gtSeg/27/00000094_mask.png,train,rain,False,0,3145635,3145728,0.0
dissertation/data/processed/iddaw_masks/train/RAIN/gtSeg/27/00000065_mask.png,train,rain,False,0,3145728,3145728,0.0
dissertation/data/processed/iddaw_masks/train/RAIN/gtSeg/27/00000074_mask.png,train,rain,False,0,3145721,3145728,0.0
dissertation/data/processed/iddaw_masks/train/RAIN/gtSeg/27/00000043_mask.png,train,rain,False,0,3145718,3145728,0.0
dissertation/data/processed/iddaw_masks/train/RAIN/gtSeg/27/00000059_mask.png,train,rain,False,0,3145712,3145728,0.0
dissertation/data/processed/iddaw_masks/train/RAIN/gtSeg/27/00000100_mask.png,train,rain,False,0,3145653,3145728,0.0
dissertation/data/processed/iddaw_masks/train/RAIN/gtSeg/27/00000007_mask.png,train,rain,False,0,3145724,3145728,0.0
dissertation/data/processed/iddaw_masks/train/RAIN/gtSeg/27/00000080_mask.png,train,rain,False,0,3145728,3145728,0.0
dissertation/data/processed/iddaw_masks/train/RAIN/gtSeg/27/00000086_mask.png,train,rain,False,0,3145687,3145728,0.0
dissertation/data/processed/iddaw_masks/train/RAIN/gtSeg/27/00000066_mask.png,train,rain,False,0,3145726,3145728,0.0
dissertation/data/processed/iddaw_masks/train/RAIN/gtSeg/27/00000047_mask.png,train,rain,False,0,3145728,3145728,0.0
dissertation/data/processed/iddaw_masks/train/RAIN/gtSeg/27/00000027_mask.png,train,rain,False,0,3145629,3145728,0.0
dissertation/data/processed/iddaw_masks/train/RAIN/gtSeg/27/00000023_mask.png,train,rain,False,0,3145728,3145728,0.0
dissertation/data/processed/iddaw_masks/train/RAIN/gtSeg/27/00000099_mask.png,train,rain,False,0,3145666,3145728,0.0
dissertation/data/processed/iddaw_masks/train/RAIN/gtSeg/27/00000084_mask.png,train,rain,False,0,3145728,3145728,0.0
dissertation/data/processed/iddaw_masks/train/RAIN/gtSeg/27/00000095_mask.png,train,rain,False,0,3145566,3145728,0.0
dissertation/data/processed/iddaw_masks/train/RAIN/gtSeg/27/00000040_mask.png,train,rain,False,0,3145267,3145728,0.0
dissertation/data/processed/iddaw_masks/train/RAIN/gtSeg/27/00000022_mask.png,train,rain,False,0,3145728,3145728,0.0
dissertation/data/processed/iddaw_masks/train/RAIN/gtSeg/27/00000015_mask.png,train,rain,False,0,3145715,3145728,0.0
dissertation/data/processed/iddaw_masks/train/RAIN/gtSeg/27/00000044_mask.png,train,rain,False,0,3145728,3145728,0.0
dissertation/data/processed/iddaw_masks/train/RAIN/gtSeg/27/00000085_mask.png,train,rain,False,0,3145718,3145728,0.0
dissertation/data/processed/iddaw_masks/train/RAIN/gtSeg/27/00000012_mask.png,train,rain,False,0,3145700,3145728,0.0
dissertation/data/processed/iddaw_masks/train/RAIN/gtSeg/27/00000001_mask.png,train,rain,False,0,3145666,3145728,0.0
dissertation/data/processed/iddaw_masks/train/RAIN/gtSeg/27/00000006_mask.png,train,rain,False,0,3145725,3145728,0.0
dissertation/data/processed/iddaw_masks/train/RAIN/gtSeg/27/00000105_mask.png,train,rain,False,0,3145728,3145728,0.0
dissertation/data/processed/iddaw_masks/train/RAIN/gtSeg/27/00000073_mask.png,train,rain,False,0,3145695,3145728,0.0
dissertation/data/processed/iddaw_masks/train/RAIN/gtSeg/27/00000101_mask.png,train,rain,False,0,3144026,3145728,0.0
dissertation/data/processed/iddaw_masks/train/RAIN/gtSeg/27/00000087_mask.png,train,rain,False,0,3145668,3145728,0.0
dissertation/data/processed/iddaw_masks/train/RAIN/gtSeg/27/00000048_mask.png,train,rain,False,0,3145725,3145728,0.0
dissertation/data/processed/iddaw_masks/train/RAIN/gtSeg/27/00000030_mask.png,train,rain,False,0,3145484,3145728,0.0
dissertation/data/processed/iddaw_masks/train/RAIN/gtSeg/27/00000031_mask.png,train,rain,False,0,3145701,3145728,0.0
dissertation/data/processed/iddaw_masks/train/RAIN/gtSeg/27/00000033_mask.png,train,rain,False,0,3145630,3145728,0.0
dissertation/data/processed/iddaw_masks/train/RAIN/gtSeg/27/00000076_mask.png,train,rain,False,0,3145728,3145728,0.0
dissertation/data/processed/iddaw_masks/train/RAIN/gtSeg/27/00000064_mask.png,train,rain,False,0,3145728,3145728,0.0
dissertation/data/processed/iddaw_masks/train/RAIN/gtSeg/27/00000055_mask.png,train,rain,False,0,3145701,3145728,0.0
dissertation/data/processed/iddaw_masks/train/RAIN/gtSeg/27/00000028_mask.png,train,rain,False,0,3145728,3145728,0.0
dissertation/data/processed/iddaw_masks/train/RAIN/gtSeg/27/00000039_mask.png,train,rain,False,0,3145659,3145728,0.0
dissertation/data/processed/iddaw_masks/train/RAIN/gtSeg/27/00000089_mask.png,train,rain,False,0,3145726,3145728,0.0
dissertation/data/processed/iddaw_masks/train/RAIN/gtSeg/27/00000096_mask.png,train,rain,False,0,3145705,3145728,0.0
dissertation/data/processed/iddaw_masks/train/RAIN/gtSeg/27/00000038_mask.png,train,rain,False,0,3145648,3145728,0.0
dissertation/data/processed/iddaw_masks/train/RAIN/gtSeg/27/00000062_mask.png,train,rain,False,0,3145728,3145728,0.0
dissertation/data/processed/iddaw_masks/train/RAIN/gtSeg/27/00000052_mask.png,train,rain,False,0,3145728,3145728,0.0
dissertation/data/processed/iddaw_masks/train/RAIN/gtSeg/27/00000051_mask.png,train,rain,False,0,3145728,3145728,0.0
dissertation/data/processed/iddaw_masks/train/RAIN/gtSeg/27/00000037_mask.png,train,rain,False,0,3145544,3145728,0.0
dissertation/data/processed/iddaw_masks/train/RAIN/gtSeg/27/00000009_mask.png,train,rain,False,0,3140644,3145728,0.0
dissertation/data/processed/iddaw_masks/train/RAIN/gtSeg/27/00000042_mask.png,train,rain,False,0,3145485,3145728,0.0
dissertation/data/processed/iddaw_masks/train/RAIN/gtSeg/27/00000054_mask.png,train,rain,False,0,3145717,3145728,0.0
dissertation/data/processed/iddaw_masks/train/RAIN/gtSeg/27/00000063_mask.png,train,rain,False,0,3145728,3145728,0.0
dissertation/data/processed/iddaw_masks/train/RAIN/gtSeg/27/00000071_mask.png,train,rain,False,0,3145575,3145728,0.0
dissertation/data/processed/iddaw_masks/train/RAIN/gtSeg/27/00000020_mask.png,train,rain,False,0,3145728,3145728,0.0
dissertation/data/processed/iddaw_masks/train/RAIN/gtSeg/27/00000058_mask.png,train,rain,False,0,3143642,3145728,0.0
dissertation/data/processed/iddaw_masks/train/RAIN/gtSeg/27/00000078_mask.png,train,rain,False,0,3139587,3145728,0.0
dissertation/data/processed/iddaw_masks/train/RAIN/gtSeg/27/00000056_mask.png,train,rain,False,0,3145701,3145728,0.0
dissertation/data/processed/iddaw_masks/train/RAIN/gtSeg/27/00000046_mask.png,train,rain,False,0,3145456,3145728,0.0
dissertation/data/processed/iddaw_masks/train/RAIN/gtSeg/27/00000067_mask.png,train,rain,False,0,3145726,3145728,0.0
dissertation/data/processed/iddaw_masks/train/RAIN/gtSeg/27/00000016_mask.png,train,rain,False,0,3145119,3145728,0.0
dissertation/data/processed/iddaw_masks/train/RAIN/gtSeg/27/00000061_mask.png,train,rain,False,0,3145728,3145728,0.0
dissertation/data/processed/iddaw_masks/train/RAIN/gtSeg/27/00000036_mask.png,train,rain,False,0,3144403,3145728,0.0
dissertation/data/processed/iddaw_masks/train/RAIN/gtSeg/27/00000026_mask.png,train,rain,False,0,3145728,3145728,0.0
dissertation/data/processed/iddaw_masks/train/RAIN/gtSeg/27/00000045_mask.png,train,rain,False,0,3145590,3145728,0.0
dissertation/data/processed/iddaw_masks/train/RAIN/gtSeg/27/00000041_mask.png,train,rain,False,0,3145581,3145728,0.0
dissertation/data/processed/iddaw_masks/train/RAIN/gtSeg/27/00000104_mask.png,train,rain,False,0,3145364,3145728,0.0
dissertation/data/processed/iddaw_masks/train/RAIN/gtSeg/27/00000004_mask.png,train,rain,False,0,3145232,3145728,0.0
dissertation/data/processed/iddaw_masks/train/RAIN/gtSeg/27/00000025_mask.png,train,rain,False,0,3145728,3145728,0.0
dissertation/data/processed/iddaw_masks/train/RAIN/gtSeg/27/00000092_mask.png,train,rain,False,0,3145706,3145728,0.0
dissertation/data/processed/iddaw_masks/train/RAIN/gtSeg/27/00000008_mask.png,train,rain,False,0,3135024,3145728,0.0
dissertation/data/processed/iddaw_masks/train/RAIN/gtSeg/27/00000070_mask.png,train,rain,True,6832,3145697,3145728,0.0021718557127402924
dissertation/data/processed/iddaw_masks/train/RAIN/gtSeg/27/00000088_mask.png,train,rain,False,0,3145674,3145728,0.0
dissertation/data/processed/iddaw_masks/train/RAIN/gtSeg/27/00000090_mask.png,train,rain,False,0,3145723,3145728,0.0
dissertation/data/processed/iddaw_masks/train/RAIN/gtSeg/27/00000060_mask.png,train,rain,False,0,3145717,3145728,0.0
dissertation/data/processed/iddaw_masks/train/RAIN/gtSeg/27/00000014_mask.png,train,rain,False,0,3145688,3145728,0.0
dissertation/data/processed/iddaw_masks/train/RAIN/gtSeg/27/00000032_mask.png,train,rain,False,0,3145727,3145728,0.0
dissertation/data/processed/iddaw_masks/train/RAIN/gtSeg/27/00000053_mask.png,train,rain,False,0,3145728,3145728,0.0
dissertation/data/processed/iddaw_masks/train/RAIN/gtSeg/27/00000003_mask.png,train,rain,False,0,3145578,3145728,0.0
dissertation/data/processed/iddaw_masks/train/RAIN/gtSeg/4/00000002_mask.png,train,rain,False,0,3145728,3145728,0.0
dissertation/data/processed/iddaw_masks/train/RAIN/gtSeg/4/00000013_mask.png,train,rain,False,0,3145728,3145728,0.0
dissertation/data/processed/iddaw_masks/train/RAIN/gtSeg/4/00000011_mask.png,train,rain,False,0,3145721,3145728,0.0
dissertation/data/processed/iddaw_masks/train/RAIN/gtSeg/4/00000000_mask.png,train,rain,False,0,3145728,3145728,0.0
dissertation/data/processed/iddaw_masks/train/RAIN/gtSeg/4/00000010_mask.png,train,rain,False,0,3145728,3145728,0.0
dissertation/data/processed/iddaw_masks/train/RAIN/gtSeg/4/00000005_mask.png,train,rain,False,0,3145680,3145728,0.0
dissertation/data/processed/iddaw_masks/train/RAIN/gtSeg/4/00000007_mask.png,train,rain,False,0,3145721,3145728,0.0
dissertation/data/processed/iddaw_masks/train/RAIN/gtSeg/4/00000012_mask.png,train,rain,False,0,3145728,3145728,0.0
dissertation/data/processed/iddaw_masks/train/RAIN/gtSeg/4/00000001_mask.png,train,rain,False,0,3145667,3145728,0.0
dissertation/data/processed/iddaw_masks/train/RAIN/gtSeg/4/00000006_mask.png,train,rain,False,0,3145699,3145728,0.0
dissertation/data/processed/iddaw_masks/train/RAIN/gtSeg/4/00000009_mask.png,train,rain,False,0,3145664,3145728,0.0
dissertation/data/processed/iddaw_masks/train/RAIN/gtSeg/4/00000004_mask.png,train,rain,False,0,3145728,3145728,0.0
dissertation/data/processed/iddaw_masks/train/RAIN/gtSeg/4/00000008_mask.png,train,rain,False,0,3145724,3145728,0.0
dissertation/data/processed/iddaw_masks/train/RAIN/gtSeg/4/00000003_mask.png,train,rain,False,0,3145728,3145728,0.0
dissertation/data/processed/iddaw_masks/train/RAIN/gtSeg/40/00000002_mask.png,train,rain,False,0,3145722,3145728,0.0
dissertation/data/processed/iddaw_masks/train/RAIN/gtSeg/40/00000034_mask.png,train,rain,False,0,3145728,3145728,0.0
dissertation/data/processed/iddaw_masks/train/RAIN/gtSeg/40/00000013_mask.png,train,rain,False,0,3145728,3145728,0.0
dissertation/data/processed/iddaw_masks/train/RAIN/gtSeg/40/00000068_mask.png,train,rain,False,0,3145728,3145728,0.0
dissertation/data/processed/iddaw_masks/train/RAIN/gtSeg/40/00000049_mask.png,train,rain,False,0,3145728,3145728,0.0
dissertation/data/processed/iddaw_masks/train/RAIN/gtSeg/40/00000018_mask.png,train,rain,False,0,3145728,3145728,0.0
dissertation/data/processed/iddaw_masks/train/RAIN/gtSeg/40/00000050_mask.png,train,rain,False,0,3145709,3145728,0.0
dissertation/data/processed/iddaw_masks/train/RAIN/gtSeg/40/00000082_mask.png,train,rain,False,0,3145698,3145728,0.0
dissertation/data/processed/iddaw_masks/train/RAIN/gtSeg/40/00000029_mask.png,train,rain,False,0,3145675,3145728,0.0
dissertation/data/processed/iddaw_masks/train/RAIN/gtSeg/40/00000075_mask.png,train,rain,False,0,3145574,3145728,0.0
dissertation/data/processed/iddaw_masks/train/RAIN/gtSeg/40/00000057_mask.png,train,rain,False,0,3145706,3145728,0.0
dissertation/data/processed/iddaw_masks/train/RAIN/gtSeg/40/00000017_mask.png,train,rain,False,0,3145728,3145728,0.0
dissertation/data/processed/iddaw_masks/train/RAIN/gtSeg/40/00000083_mask.png,train,rain,False,0,3145723,3145728,0.0
dissertation/data/processed/iddaw_masks/train/RAIN/gtSeg/40/00000069_mask.png,train,rain,False,0,3145728,3145728,0.0
dissertation/data/processed/iddaw_masks/train/RAIN/gtSeg/40/00000024_mask.png,train,rain,False,0,3140983,3145728,0.0
dissertation/data/processed/iddaw_masks/train/RAIN/gtSeg/40/00000021_mask.png,train,rain,False,0,3145296,3145728,0.0
dissertation/data/processed/iddaw_masks/train/RAIN/gtSeg/40/00000079_mask.png,train,rain,False,0,3145688,3145728,0.0
dissertation/data/processed/iddaw_masks/train/RAIN/gtSeg/40/00000035_mask.png,train,rain,False,0,3145590,3145728,0.0
dissertation/data/processed/iddaw_masks/train/RAIN/gtSeg/40/00000011_mask.png,train,rain,False,0,3145728,3145728,0.0
dissertation/data/processed/iddaw_masks/train/RAIN/gtSeg/40/00000000_mask.png,train,rain,False,0,3145688,3145728,0.0
dissertation/data/processed/iddaw_masks/train/RAIN/gtSeg/40/00000072_mask.png,train,rain,False,0,3145728,3145728,0.0
dissertation/data/processed/iddaw_masks/train/RAIN/gtSeg/40/00000010_mask.png,train,rain,False,0,3145728,3145728,0.0
dissertation/data/processed/iddaw_masks/train/RAIN/gtSeg/40/00000019_mask.png,train,rain,False,0,3145259,3145728,0.0
dissertation/data/processed/iddaw_masks/train/RAIN/gtSeg/40/00000005_mask.png,train,rain,False,0,3145681,3145728,0.0
dissertation/data/processed/iddaw_masks/train/RAIN/gtSeg/40/00000077_mask.png,train,rain,False,0,3143153,3145728,0.0
dissertation/data/processed/iddaw_masks/train/RAIN/gtSeg/40/00000081_mask.png,train,rain,False,0,3145601,3145728,0.0
dissertation/data/processed/iddaw_masks/train/RAIN/gtSeg/40/00000065_mask.png,train,rain,False,0,3145728,3145728,0.0
dissertation/data/processed/iddaw_masks/train/RAIN/gtSeg/40/00000074_mask.png,train,rain,False,0,3145720,3145728,0.0
dissertation/data/processed/iddaw_masks/train/RAIN/gtSeg/40/00000043_mask.png,train,rain,False,0,3140443,3145728,0.0
dissertation/data/processed/iddaw_masks/train/RAIN/gtSeg/40/00000059_mask.png,train,rain,False,0,3145186,3145728,0.0
dissertation/data/processed/iddaw_masks/train/RAIN/gtSeg/40/00000007_mask.png,train,rain,False,0,3145728,3145728,0.0
dissertation/data/processed/iddaw_masks/train/RAIN/gtSeg/40/00000080_mask.png,train,rain,False,0,3145546,3145728,0.0
dissertation/data/processed/iddaw_masks/train/RAIN/gtSeg/40/00000066_mask.png,train,rain,False,0,3145607,3145728,0.0
dissertation/data/processed/iddaw_masks/train/RAIN/gtSeg/40/00000047_mask.png,train,rain,False,0,3145728,3145728,0.0
dissertation/data/processed/iddaw_masks/train/RAIN/gtSeg/40/00000027_mask.png,train,rain,False,0,3145565,3145728,0.0
dissertation/data/processed/iddaw_masks/train/RAIN/gtSeg/40/00000023_mask.png,train,rain,False,0,3145491,3145728,0.0
dissertation/data/processed/iddaw_masks/train/RAIN/gtSeg/40/00000084_mask.png,train,rain,False,0,3145704,3145728,0.0
dissertation/data/processed/iddaw_masks/train/RAIN/gtSeg/40/00000040_mask.png,train,rain,False,0,3145728,3145728,0.0
dissertation/data/processed/iddaw_masks/train/RAIN/gtSeg/40/00000022_mask.png,train,rain,False,0,3144868,3145728,0.0
dissertation/data/processed/iddaw_masks/train/RAIN/gtSeg/40/00000015_mask.png,train,rain,False,0,3145728,3145728,0.0
dissertation/data/processed/iddaw_masks/train/RAIN/gtSeg/40/00000044_mask.png,train,rain,False,0,3145718,3145728,0.0
dissertation/data/processed/iddaw_masks/train/RAIN/gtSeg/40/00000085_mask.png,train,rain,False,0,3145719,3145728,0.0
dissertation/data/processed/iddaw_masks/train/RAIN/gtSeg/40/00000012_mask.png,train,rain,False,0,3145728,3145728,0.0
dissertation/data/processed/iddaw_masks/train/RAIN/gtSeg/40/00000001_mask.png,train,rain,False,0,3145718,3145728,0.0
dissertation/data/processed/iddaw_masks/train/RAIN/gtSeg/40/00000006_mask.png,train,rain,False,0,3145727,3145728,0.0
dissertation/data/processed/iddaw_masks/train/RAIN/gtSeg/40/00000073_mask.png,train,rain,False,0,3145683,3145728,0.0
dissertation/data/processed/iddaw_masks/train/RAIN/gtSeg/40/00000048_mask.png,train,rain,False,0,3145716,3145728,0.0
dissertation/data/processed/iddaw_masks/train/RAIN/gtSeg/40/00000030_mask.png,train,rain,False,0,3141499,3145728,0.0
dissertation/data/processed/iddaw_masks/train/RAIN/gtSeg/40/00000031_mask.png,train,rain,False,0,3145546,3145728,0.0
dissertation/data/processed/iddaw_masks/train/RAIN/gtSeg/40/00000033_mask.png,train,rain,False,0,3145706,3145728,0.0
dissertation/data/processed/iddaw_masks/train/RAIN/gtSeg/40/00000076_mask.png,train,rain,False,0,3145707,3145728,0.0
dissertation/data/processed/iddaw_masks/train/RAIN/gtSeg/40/00000064_mask.png,train,rain,False,0,3145728,3145728,0.0
dissertation/data/processed/iddaw_masks/train/RAIN/gtSeg/40/00000055_mask.png,train,rain,False,0,3145704,3145728,0.0
dissertation/data/processed/iddaw_masks/train/RAIN/gtSeg/40/00000028_mask.png,train,rain,False,0,3145185,3145728,0.0
dissertation/data/processed/iddaw_masks/train/RAIN/gtSeg/40/00000039_mask.png,train,rain,False,0,3145659,3145728,0.0
dissertation/data/processed/iddaw_masks/train/RAIN/gtSeg/40/00000038_mask.png,train,rain,False,0,3145694,3145728,0.0
dissertation/data/processed/iddaw_masks/train/RAIN/gtSeg/40/00000062_mask.png,train,rain,False,0,3145728,3145728,0.0
dissertation/data/processed/iddaw_masks/train/RAIN/gtSeg/40/00000052_mask.png,train,rain,False,0,3145728,3145728,0.0
dissertation/data/processed/iddaw_masks/train/RAIN/gtSeg/40/00000051_mask.png,train,rain,False,0,3145576,3145728,0.0
dissertation/data/processed/iddaw_masks/train/RAIN/gtSeg/40/00000037_mask.png,train,rain,False,0,3144674,3145728,0.0
dissertation/data/processed/iddaw_masks/train/RAIN/gtSeg/40/00000009_mask.png,train,rain,False,0,3145625,3145728,0.0
dissertation/data/processed/iddaw_masks/train/RAIN/gtSeg/40/00000042_mask.png,train,rain,False,0,3145728,3145728,0.0
dissertation/data/processed/iddaw_masks/train/RAIN/gtSeg/40/00000054_mask.png,train,rain,False,0,3145719,3145728,0.0
dissertation/data/processed/iddaw_masks/train/RAIN/gtSeg/40/00000063_mask.png,train,rain,False,0,3144808,3145728,0.0
dissertation/data/processed/iddaw_masks/train/RAIN/gtSeg/40/00000071_mask.png,train,rain,False,0,3145728,3145728,0.0
dissertation/data/processed/iddaw_masks/train/RAIN/gtSeg/40/00000020_mask.png,train,rain,False,0,3145591,3145728,0.0
dissertation/data/processed/iddaw_masks/train/RAIN/gtSeg/40/00000058_mask.png,train,rain,False,0,3145690,3145728,0.0
dissertation/data/processed/iddaw_masks/train/RAIN/gtSeg/40/00000078_mask.png,train,rain,False,0,3145157,3145728,0.0
dissertation/data/processed/iddaw_masks/train/RAIN/gtSeg/40/00000056_mask.png,train,rain,False,0,3145653,3145728,0.0
dissertation/data/processed/iddaw_masks/train/RAIN/gtSeg/40/00000046_mask.png,train,rain,False,0,3145690,3145728,0.0
dissertation/data/processed/iddaw_masks/train/RAIN/gtSeg/40/00000067_mask.png,train,rain,False,0,3145720,3145728,0.0
dissertation/data/processed/iddaw_masks/train/RAIN/gtSeg/40/00000016_mask.png,train,rain,False,0,3145728,3145728,0.0
dissertation/data/processed/iddaw_masks/train/RAIN/gtSeg/40/00000061_mask.png,train,rain,False,0,3144985,3145728,0.0
dissertation/data/processed/iddaw_masks/train/RAIN/gtSeg/40/00000036_mask.png,train,rain,False,0,3144863,3145728,0.0
dissertation/data/processed/iddaw_masks/train/RAIN/gtSeg/40/00000026_mask.png,train,rain,False,0,3145631,3145728,0.0
dissertation/data/processed/iddaw_masks/train/RAIN/gtSeg/40/00000045_mask.png,train,rain,False,0,3145728,3145728,0.0
dissertation/data/processed/iddaw_masks/train/RAIN/gtSeg/40/00000041_mask.png,train,rain,False,0,3144530,3145728,0.0
dissertation/data/processed/iddaw_masks/train/RAIN/gtSeg/40/00000004_mask.png,train,rain,False,0,3145722,3145728,0.0
dissertation/data/processed/iddaw_masks/train/RAIN/gtSeg/40/00000025_mask.png,train,rain,False,0,3145500,3145728,0.0
dissertation/data/processed/iddaw_masks/train/RAIN/gtSeg/40/00000008_mask.png,train,rain,False,0,3145728,3145728,0.0
dissertation/data/processed/iddaw_masks/train/RAIN/gtSeg/40/00000070_mask.png,train,rain,False,0,3145728,3145728,0.0
dissertation/data/processed/iddaw_masks/train/RAIN/gtSeg/40/00000060_mask.png,train,rain,False,0,3145291,3145728,0.0
dissertation/data/processed/iddaw_masks/train/RAIN/gtSeg/40/00000014_mask.png,train,rain,False,0,3145728,3145728,0.0
dissertation/data/processed/iddaw_masks/train/RAIN/gtSeg/40/00000032_mask.png,train,rain,False,0,3145728,3145728,0.0
dissertation/data/processed/iddaw_masks/train/RAIN/gtSeg/40/00000053_mask.png,train,rain,False,0,3145715,3145728,0.0
dissertation/data/processed/iddaw_masks/train/RAIN/gtSeg/40/00000003_mask.png,train,rain,False,0,3145714,3145728,0.0
dissertation/data/processed/iddaw_masks/train/RAIN/gtSeg/11/00000002_mask.png,train,rain,False,0,3145527,3145728,0.0
dissertation/data/processed/iddaw_masks/train/RAIN/gtSeg/11/00000000_mask.png,train,rain,False,0,3145728,3145728,0.0
dissertation/data/processed/iddaw_masks/train/RAIN/gtSeg/11/00000005_mask.png,train,rain,False,0,3145711,3145728,0.0
dissertation/data/processed/iddaw_masks/train/RAIN/gtSeg/11/00000001_mask.png,train,rain,False,0,3145718,3145728,0.0
dissertation/data/processed/iddaw_masks/train/RAIN/gtSeg/11/00000004_mask.png,train,rain,False,0,3145724,3145728,0.0
dissertation/data/processed/iddaw_masks/train/RAIN/gtSeg/11/00000003_mask.png,train,rain,False,0,3145710,3145728,0.0
dissertation/data/processed/iddaw_masks/train/RAIN/gtSeg/17/00000002_mask.png,train,rain,False,0,3145728,3145728,0.0
dissertation/data/processed/iddaw_masks/train/RAIN/gtSeg/17/00000000_mask.png,train,rain,False,0,3145399,3145728,0.0
dissertation/data/processed/iddaw_masks/train/RAIN/gtSeg/17/00000005_mask.png,train,rain,False,0,3143837,3145728,0.0
dissertation/data/processed/iddaw_masks/train/RAIN/gtSeg/17/00000001_mask.png,train,rain,False,0,3145616,3145728,0.0
dissertation/data/processed/iddaw_masks/train/RAIN/gtSeg/17/00000004_mask.png,train,rain,False,0,3145728,3145728,0.0
dissertation/data/processed/iddaw_masks/train/RAIN/gtSeg/17/00000003_mask.png,train,rain,False,0,3145704,3145728,0.0
dissertation/data/processed/iddaw_masks/train/RAIN/gtSeg/38/00000002_mask.png,train,rain,False,0,3145728,3145728,0.0
dissertation/data/processed/iddaw_masks/train/RAIN/gtSeg/38/00000000_mask.png,train,rain,False,0,3145728,3145728,0.0
dissertation/data/processed/iddaw_masks/train/RAIN/gtSeg/38/00000005_mask.png,train,rain,False,0,3145686,3145728,0.0
dissertation/data/processed/iddaw_masks/train/RAIN/gtSeg/38/00000001_mask.png,train,rain,False,0,3145650,3145728,0.0
dissertation/data/processed/iddaw_masks/train/RAIN/gtSeg/38/00000006_mask.png,train,rain,False,0,3145638,3145728,0.0
dissertation/data/processed/iddaw_masks/train/RAIN/gtSeg/38/00000004_mask.png,train,rain,False,0,3145685,3145728,0.0
dissertation/data/processed/iddaw_masks/train/RAIN/gtSeg/38/00000003_mask.png,train,rain,False,0,3145712,3145728,0.0
dissertation/data/processed/iddaw_masks/train/RAIN/gtSeg/13/00000002_mask.png,train,rain,False,0,3145728,3145728,0.0
dissertation/data/processed/iddaw_masks/train/RAIN/gtSeg/13/00000013_mask.png,train,rain,False,0,3145583,3145728,0.0
dissertation/data/processed/iddaw_masks/train/RAIN/gtSeg/13/00000017_mask.png,train,rain,False,0,3145723,3145728,0.0
dissertation/data/processed/iddaw_masks/train/RAIN/gtSeg/13/00000011_mask.png,train,rain,False,0,3145728,3145728,0.0
dissertation/data/processed/iddaw_masks/train/RAIN/gtSeg/13/00000000_mask.png,train,rain,False,0,3145728,3145728,0.0
dissertation/data/processed/iddaw_masks/train/RAIN/gtSeg/13/00000010_mask.png,train,rain,False,0,3145711,3145728,0.0
dissertation/data/processed/iddaw_masks/train/RAIN/gtSeg/13/00000005_mask.png,train,rain,False,0,3145722,3145728,0.0
dissertation/data/processed/iddaw_masks/train/RAIN/gtSeg/13/00000007_mask.png,train,rain,False,0,3145491,3145728,0.0
dissertation/data/processed/iddaw_masks/train/RAIN/gtSeg/13/00000015_mask.png,train,rain,False,0,3145617,3145728,0.0
dissertation/data/processed/iddaw_masks/train/RAIN/gtSeg/13/00000012_mask.png,train,rain,False,0,3145728,3145728,0.0
dissertation/data/processed/iddaw_masks/train/RAIN/gtSeg/13/00000001_mask.png,train,rain,False,0,3145728,3145728,0.0
dissertation/data/processed/iddaw_masks/train/RAIN/gtSeg/13/00000006_mask.png,train,rain,False,0,3141624,3145728,0.0
dissertation/data/processed/iddaw_masks/train/RAIN/gtSeg/13/00000009_mask.png,train,rain,False,0,3145599,3145728,0.0
dissertation/data/processed/iddaw_masks/train/RAIN/gtSeg/13/00000016_mask.png,train,rain,False,0,3145728,3145728,0.0
dissertation/data/processed/iddaw_masks/train/RAIN/gtSeg/13/00000004_mask.png,train,rain,False,0,3145724,3145728,0.0
dissertation/data/processed/iddaw_masks/train/RAIN/gtSeg/13/00000008_mask.png,train,rain,False,0,3145718,3145728,0.0
dissertation/data/processed/iddaw_masks/train/RAIN/gtSeg/13/00000014_mask.png,train,rain,False,0,3145708,3145728,0.0
dissertation/data/processed/iddaw_masks/train/RAIN/gtSeg/13/00000003_mask.png,train,rain,False,0,3145728,3145728,0.0
dissertation/data/processed/iddaw_masks/train/RAIN/gtSeg/25/00000002_mask.png,train,rain,False,0,3145728,3145728,0.0
dissertation/data/processed/iddaw_masks/train/RAIN/gtSeg/25/00000013_mask.png,train,rain,False,0,3145728,3145728,0.0
dissertation/data/processed/iddaw_masks/train/RAIN/gtSeg/25/00000018_mask.png,train,rain,False,0,3145698,3145728,0.0
dissertation/data/processed/iddaw_masks/train/RAIN/gtSeg/25/00000029_mask.png,train,rain,False,0,3145127,3145728,0.0
dissertation/data/processed/iddaw_masks/train/RAIN/gtSeg/25/00000017_mask.png,train,rain,False,0,3145560,3145728,0.0
dissertation/data/processed/iddaw_masks/train/RAIN/gtSeg/25/00000024_mask.png,train,rain,False,0,3145728,3145728,0.0
dissertation/data/processed/iddaw_masks/train/RAIN/gtSeg/25/00000021_mask.png,train,rain,False,0,3145728,3145728,0.0
dissertation/data/processed/iddaw_masks/train/RAIN/gtSeg/25/00000011_mask.png,train,rain,False,0,3145728,3145728,0.0
dissertation/data/processed/iddaw_masks/train/RAIN/gtSeg/25/00000000_mask.png,train,rain,False,0,3145728,3145728,0.0
dissertation/data/processed/iddaw_masks/train/RAIN/gtSeg/25/00000010_mask.png,train,rain,False,0,3145726,3145728,0.0
dissertation/data/processed/iddaw_masks/train/RAIN/gtSeg/25/00000019_mask.png,train,rain,False,0,3142574,3145728,0.0
dissertation/data/processed/iddaw_masks/train/RAIN/gtSeg/25/00000005_mask.png,train,rain,False,0,3145723,3145728,0.0
dissertation/data/processed/iddaw_masks/train/RAIN/gtSeg/25/00000007_mask.png,train,rain,False,0,3145728,3145728,0.0
dissertation/data/processed/iddaw_masks/train/RAIN/gtSeg/25/00000027_mask.png,train,rain,False,0,3145706,3145728,0.0
dissertation/data/processed/iddaw_masks/train/RAIN/gtSeg/25/00000023_mask.png,train,rain,False,0,3145728,3145728,0.0
dissertation/data/processed/iddaw_masks/train/RAIN/gtSeg/25/00000022_mask.png,train,rain,False,0,3145728,3145728,0.0
dissertation/data/processed/iddaw_masks/train/RAIN/gtSeg/25/00000015_mask.png,train,rain,False,0,3145698,3145728,0.0
dissertation/data/processed/iddaw_masks/train/RAIN/gtSeg/25/00000012_mask.png,train,rain,False,0,3145723,3145728,0.0
dissertation/data/processed/iddaw_masks/train/RAIN/gtSeg/25/00000001_mask.png,train,rain,False,0,3145728,3145728,0.0
dissertation/data/processed/iddaw_masks/train/RAIN/gtSeg/25/00000006_mask.png,train,rain,False,0,3145728,3145728,0.0
dissertation/data/processed/iddaw_masks/train/RAIN/gtSeg/25/00000028_mask.png,train,rain,False,0,3145728,3145728,0.0
dissertation/data/processed/iddaw_masks/train/RAIN/gtSeg/25/00000009_mask.png,train,rain,False,0,3145726,3145728,0.0
dissertation/data/processed/iddaw_masks/train/RAIN/gtSeg/25/00000020_mask.png,train,rain,False,0,3145261,3145728,0.0
dissertation/data/processed/iddaw_masks/train/RAIN/gtSeg/25/00000016_mask.png,train,rain,False,0,3145728,3145728,0.0
dissertation/data/processed/iddaw_masks/train/RAIN/gtSeg/25/00000026_mask.png,train,rain,False,0,3145727,3145728,0.0
dissertation/data/processed/iddaw_masks/train/RAIN/gtSeg/25/00000004_mask.png,train,rain,False,0,3145728,3145728,0.0
dissertation/data/processed/iddaw_masks/train/RAIN/gtSeg/25/00000025_mask.png,train,rain,False,0,3145696,3145728,0.0
dissertation/data/processed/iddaw_masks/train/RAIN/gtSeg/25/00000008_mask.png,train,rain,False,0,3145725,3145728,0.0
dissertation/data/processed/iddaw_masks/train/RAIN/gtSeg/25/00000014_mask.png,train,rain,False,0,3145728,3145728,0.0
dissertation/data/processed/iddaw_masks/train/RAIN/gtSeg/25/00000003_mask.png,train,rain,False,0,3145728,3145728,0.0
dissertation/data/processed/iddaw_masks/train/RAIN/gtSeg/2/00000002_mask.png,train,rain,False,0,3145728,3145728,0.0
dissertation/data/processed/iddaw_masks/train/RAIN/gtSeg/2/00000034_mask.png,train,rain,True,9047,3145728,3145728,0.0028759638468424478
dissertation/data/processed/iddaw_masks/train/RAIN/gtSeg/2/00000013_mask.png,train,rain,False,0,3145722,3145728,0.0
dissertation/data/processed/iddaw_masks/train/RAIN/gtSeg/2/00000049_mask.png,train,rain,False,0,3145728,3145728,0.0
dissertation/data/processed/iddaw_masks/train/RAIN/gtSeg/2/00000018_mask.png,train,rain,False,0,3144067,3145728,0.0
dissertation/data/processed/iddaw_masks/train/RAIN/gtSeg/2/00000050_mask.png,train,rain,False,0,3145726,3145728,0.0
dissertation/data/processed/iddaw_masks/train/RAIN/gtSeg/2/00000029_mask.png,train,rain,False,0,3145728,3145728,0.0
dissertation/data/processed/iddaw_masks/train/RAIN/gtSeg/2/00000057_mask.png,train,rain,False,0,3145728,3145728,0.0
dissertation/data/processed/iddaw_masks/train/RAIN/gtSeg/2/00000017_mask.png,train,rain,False,0,3142601,3145728,0.0
dissertation/data/processed/iddaw_masks/train/RAIN/gtSeg/2/00000024_mask.png,train,rain,False,0,3145728,3145728,0.0
dissertation/data/processed/iddaw_masks/train/RAIN/gtSeg/2/00000021_mask.png,train,rain,False,0,3145725,3145728,0.0
dissertation/data/processed/iddaw_masks/train/RAIN/gtSeg/2/00000035_mask.png,train,rain,True,623,3145109,3145728,0.00019808534457788266
dissertation/data/processed/iddaw_masks/train/RAIN/gtSeg/2/00000011_mask.png,train,rain,False,0,3144754,3145728,0.0
dissertation/data/processed/iddaw_masks/train/RAIN/gtSeg/2/00000000_mask.png,train,rain,False,0,3145714,3145728,0.0
dissertation/data/processed/iddaw_masks/train/RAIN/gtSeg/2/00000010_mask.png,train,rain,False,0,3145720,3145728,0.0
dissertation/data/processed/iddaw_masks/train/RAIN/gtSeg/2/00000019_mask.png,train,rain,False,0,3145673,3145728,0.0
dissertation/data/processed/iddaw_masks/train/RAIN/gtSeg/2/00000005_mask.png,train,rain,False,0,3145717,3145728,0.0
dissertation/data/processed/iddaw_masks/train/RAIN/gtSeg/2/00000043_mask.png,train,rain,False,0,3144965,3145728,0.0
dissertation/data/processed/iddaw_masks/train/RAIN/gtSeg/2/00000059_mask.png,train,rain,False,0,3145721,3145728,0.0
dissertation/data/processed/iddaw_masks/train/RAIN/gtSeg/2/00000007_mask.png,train,rain,False,0,3145686,3145728,0.0
dissertation/data/processed/iddaw_masks/train/RAIN/gtSeg/2/00000047_mask.png,train,rain,True,33,3145376,3145728,1.0491591466330257e-05
dissertation/data/processed/iddaw_masks/train/RAIN/gtSeg/2/00000027_mask.png,train,rain,False,0,3145728,3145728,0.0
dissertation/data/processed/iddaw_masks/train/RAIN/gtSeg/2/00000023_mask.png,train,rain,False,0,3145453,3145728,0.0
dissertation/data/processed/iddaw_masks/train/RAIN/gtSeg/2/00000040_mask.png,train,rain,False,0,3145659,3145728,0.0
dissertation/data/processed/iddaw_masks/train/RAIN/gtSeg/2/00000022_mask.png,train,rain,False,0,3145687,3145728,0.0
dissertation/data/processed/iddaw_masks/train/RAIN/gtSeg/2/00000015_mask.png,train,rain,False,0,3145728,3145728,0.0
dissertation/data/processed/iddaw_masks/train/RAIN/gtSeg/2/00000044_mask.png,train,rain,False,0,3145722,3145728,0.0
dissertation/data/processed/iddaw_masks/train/RAIN/gtSeg/2/00000012_mask.png,train,rain,False,0,3145677,3145728,0.0
dissertation/data/processed/iddaw_masks/train/RAIN/gtSeg/2/00000001_mask.png,train,rain,False,0,3145718,3145728,0.0
dissertation/data/processed/iddaw_masks/train/RAIN/gtSeg/2/00000006_mask.png,train,rain,False,0,3144681,3145728,0.0
dissertation/data/processed/iddaw_masks/train/RAIN/gtSeg/2/00000048_mask.png,train,rain,False,0,3145592,3145728,0.0
dissertation/data/processed/iddaw_masks/train/RAIN/gtSeg/2/00000030_mask.png,train,rain,False,0,3145721,3145728,0.0
dissertation/data/processed/iddaw_masks/train/RAIN/gtSeg/2/00000031_mask.png,train,rain,False,0,3145728,3145728,0.0
dissertation/data/processed/iddaw_masks/train/RAIN/gtSeg/2/00000033_mask.png,train,rain,False,0,3145728,3145728,0.0
dissertation/data/processed/iddaw_masks/train/RAIN/gtSeg/2/00000055_mask.png,train,rain,False,0,3145704,3145728,0.0
dissertation/data/processed/iddaw_masks/train/RAIN/gtSeg/2/00000028_mask.png,train,rain,False,0,3145728,3145728,0.0
dissertation/data/processed/iddaw_masks/train/RAIN/gtSeg/2/00000039_mask.png,train,rain,False,0,3145024,3145728,0.0
dissertation/data/processed/iddaw_masks/train/RAIN/gtSeg/2/00000038_mask.png,train,rain,False,0,3145681,3145728,0.0
dissertation/data/processed/iddaw_masks/train/RAIN/gtSeg/2/00000052_mask.png,train,rain,False,0,3145728,3145728,0.0
dissertation/data/processed/iddaw_masks/train/RAIN/gtSeg/2/00000051_mask.png,train,rain,False,0,3145728,3145728,0.0
dissertation/data/processed/iddaw_masks/train/RAIN/gtSeg/2/00000037_mask.png,train,rain,False,0,3145697,3145728,0.0
dissertation/data/processed/iddaw_masks/train/RAIN/gtSeg/2/00000009_mask.png,train,rain,False,0,3145728,3145728,0.0
dissertation/data/processed/iddaw_masks/train/RAIN/gtSeg/2/00000042_mask.png,train,rain,False,0,3145587,3145728,0.0
dissertation/data/processed/iddaw_masks/train/RAIN/gtSeg/2/00000054_mask.png,train,rain,False,0,3145728,3145728,0.0
dissertation/data/processed/iddaw_masks/train/RAIN/gtSeg/2/00000020_mask.png,train,rain,False,0,3145723,3145728,0.0
dissertation/data/processed/iddaw_masks/train/RAIN/gtSeg/2/00000058_mask.png,train,rain,False,0,3145728,3145728,0.0
dissertation/data/processed/iddaw_masks/train/RAIN/gtSeg/2/00000056_mask.png,train,rain,False,0,3145728,3145728,0.0
dissertation/data/processed/iddaw_masks/train/RAIN/gtSeg/2/00000046_mask.png,train,rain,False,0,3145725,3145728,0.0
dissertation/data/processed/iddaw_masks/train/RAIN/gtSeg/2/00000016_mask.png,train,rain,False,0,3145702,3145728,0.0
dissertation/data/processed/iddaw_masks/train/RAIN/gtSeg/2/00000036_mask.png,train,rain,False,0,3145724,3145728,0.0
dissertation/data/processed/iddaw_masks/train/RAIN/gtSeg/2/00000026_mask.png,train,rain,False,0,3145709,3145728,0.0
dissertation/data/processed/iddaw_masks/train/RAIN/gtSeg/2/00000045_mask.png,train,rain,False,0,3145691,3145728,0.0
dissertation/data/processed/iddaw_masks/train/RAIN/gtSeg/2/00000041_mask.png,train,rain,False,0,3145571,3145728,0.0
dissertation/data/processed/iddaw_masks/train/RAIN/gtSeg/2/00000004_mask.png,train,rain,False,0,3145728,3145728,0.0
dissertation/data/processed/iddaw_masks/train/RAIN/gtSeg/2/00000025_mask.png,train,rain,False,0,3145728,3145728,0.0
dissertation/data/processed/iddaw_masks/train/RAIN/gtSeg/2/00000008_mask.png,train,rain,False,0,3145725,3145728,0.0
dissertation/data/processed/iddaw_masks/train/RAIN/gtSeg/2/00000014_mask.png,train,rain,False,0,3145706,3145728,0.0
dissertation/data/processed/iddaw_masks/train/RAIN/gtSeg/2/00000032_mask.png,train,rain,False,0,3145728,3145728,0.0
dissertation/data/processed/iddaw_masks/train/RAIN/gtSeg/2/00000053_mask.png,train,rain,False,0,3145727,3145728,0.0
dissertation/data/processed/iddaw_masks/train/RAIN/gtSeg/2/00000003_mask.png,train,rain,False,0,3145728,3145728,0.0
dissertation/data/processed/iddaw_masks/train/RAIN/gtSeg/30/00000130_mask.png,train,rain,False,0,3145728,3145728,0.0
dissertation/data/processed/iddaw_masks/train/RAIN/gtSeg/30/00000097_mask.png,train,rain,False,0,3145727,3145728,0.0
dissertation/data/processed/iddaw_masks/train/RAIN/gtSeg/30/00000002_mask.png,train,rain,False,0,3145728,3145728,0.0
dissertation/data/processed/iddaw_masks/train/RAIN/gtSeg/30/00000034_mask.png,train,rain,False,0,3145728,3145728,0.0
dissertation/data/processed/iddaw_masks/train/RAIN/gtSeg/30/00000013_mask.png,train,rain,False,0,3145507,3145728,0.0
dissertation/data/processed/iddaw_masks/train/RAIN/gtSeg/30/00000068_mask.png,train,rain,False,0,3145728,3145728,0.0
dissertation/data/processed/iddaw_masks/train/RAIN/gtSeg/30/00000049_mask.png,train,rain,False,0,3145715,3145728,0.0
dissertation/data/processed/iddaw_masks/train/RAIN/gtSeg/30/00000018_mask.png,train,rain,False,0,3145673,3145728,0.0
dissertation/data/processed/iddaw_masks/train/RAIN/gtSeg/30/00000050_mask.png,train,rain,False,0,3145727,3145728,0.0
dissertation/data/processed/iddaw_masks/train/RAIN/gtSeg/30/00000091_mask.png,train,rain,False,0,3145728,3145728,0.0
dissertation/data/processed/iddaw_masks/train/RAIN/gtSeg/30/00000103_mask.png,train,rain,False,0,3145728,3145728,0.0
dissertation/data/processed/iddaw_masks/train/RAIN/gtSeg/30/00000082_mask.png,train,rain,False,0,3145728,3145728,0.0
dissertation/data/processed/iddaw_masks/train/RAIN/gtSeg/30/00000029_mask.png,train,rain,False,0,3145714,3145728,0.0
dissertation/data/processed/iddaw_masks/train/RAIN/gtSeg/30/00000075_mask.png,train,rain,False,0,3145728,3145728,0.0
dissertation/data/processed/iddaw_masks/train/RAIN/gtSeg/30/00000057_mask.png,train,rain,False,0,3145690,3145728,0.0
dissertation/data/processed/iddaw_masks/train/RAIN/gtSeg/30/00000140_mask.png,train,rain,False,0,3145728,3145728,0.0
dissertation/data/processed/iddaw_masks/train/RAIN/gtSeg/30/00000017_mask.png,train,rain,False,0,3145515,3145728,0.0
dissertation/data/processed/iddaw_masks/train/RAIN/gtSeg/30/00000083_mask.png,train,rain,False,0,3145728,3145728,0.0
dissertation/data/processed/iddaw_masks/train/RAIN/gtSeg/30/00000145_mask.png,train,rain,False,0,3145728,3145728,0.0
dissertation/data/processed/iddaw_masks/train/RAIN/gtSeg/30/00000115_mask.png,train,rain,False,0,3145705,3145728,0.0
dissertation/data/processed/iddaw_masks/train/RAIN/gtSeg/30/00000148_mask.png,train,rain,False,0,3145728,3145728,0.0
dissertation/data/processed/iddaw_masks/train/RAIN/gtSeg/30/00000069_mask.png,train,rain,False,0,3145715,3145728,0.0
dissertation/data/processed/iddaw_masks/train/RAIN/gtSeg/30/00000146_mask.png,train,rain,False,0,3145728,3145728,0.0
dissertation/data/processed/iddaw_masks/train/RAIN/gtSeg/30/00000024_mask.png,train,rain,False,0,3145727,3145728,0.0
dissertation/data/processed/iddaw_masks/train/RAIN/gtSeg/30/00000102_mask.png,train,rain,False,0,3145684,3145728,0.0
dissertation/data/processed/iddaw_masks/train/RAIN/gtSeg/30/00000123_mask.png,train,rain,False,0,3145728,3145728,0.0
dissertation/data/processed/iddaw_masks/train/RAIN/gtSeg/30/00000021_mask.png,train,rain,False,0,3145346,3145728,0.0
dissertation/data/processed/iddaw_masks/train/RAIN/gtSeg/30/00000116_mask.png,train,rain,False,0,3145728,3145728,0.0
dissertation/data/processed/iddaw_masks/train/RAIN/gtSeg/30/00000079_mask.png,train,rain,False,0,3145592,3145728,0.0
dissertation/data/processed/iddaw_masks/train/RAIN/gtSeg/30/00000035_mask.png,train,rain,False,0,3145728,3145728,0.0
dissertation/data/processed/iddaw_masks/train/RAIN/gtSeg/30/00000093_mask.png,train,rain,False,0,3145725,3145728,0.0
dissertation/data/processed/iddaw_masks/train/RAIN/gtSeg/30/00000011_mask.png,train,rain,False,0,3145676,3145728,0.0
dissertation/data/processed/iddaw_masks/train/RAIN/gtSeg/30/00000000_mask.png,train,rain,False,0,3145728,3145728,0.0
dissertation/data/processed/iddaw_masks/train/RAIN/gtSeg/30/00000129_mask.png,train,rain,False,0,3145728,3145728,0.0
dissertation/data/processed/iddaw_masks/train/RAIN/gtSeg/30/00000072_mask.png,train,rain,False,0,3145728,3145728,0.0
dissertation/data/processed/iddaw_masks/train/RAIN/gtSeg/30/00000010_mask.png,train,rain,False,0,3145686,3145728,0.0
dissertation/data/processed/iddaw_masks/train/RAIN/gtSeg/30/00000019_mask.png,train,rain,False,0,3145728,3145728,0.0
dissertation/data/processed/iddaw_masks/train/RAIN/gtSeg/30/00000005_mask.png,train,rain,False,0,3145663,3145728,0.0
dissertation/data/processed/iddaw_masks/train/RAIN/gtSeg/30/00000077_mask.png,train,rain,False,0,3145715,3145728,0.0
dissertation/data/processed/iddaw_masks/train/RAIN/gtSeg/30/00000081_mask.png,train,rain,False,0,3145728,3145728,0.0
dissertation/data/processed/iddaw_masks/train/RAIN/gtSeg/30/00000134_mask.png,train,rain,False,0,3145724,3145728,0.0
dissertation/data/processed/iddaw_masks/train/RAIN/gtSeg/30/00000139_mask.png,train,rain,False,0,3145690,3145728,0.0
dissertation/data/processed/iddaw_masks/train/RAIN/gtSeg/30/00000098_mask.png,train,rain,False,0,3145728,3145728,0.0
dissertation/data/processed/iddaw_masks/train/RAIN/gtSeg/30/00000094_mask.png,train,rain,False,0,3145358,3145728,0.0
dissertation/data/processed/iddaw_masks/train/RAIN/gtSeg/30/00000065_mask.png,train,rain,False,0,3145728,3145728,0.0
dissertation/data/processed/iddaw_masks/train/RAIN/gtSeg/30/00000121_mask.png,train,rain,False,0,3145363,3145728,0.0
dissertation/data/processed/iddaw_masks/train/RAIN/gtSeg/30/00000136_mask.png,train,rain,False,0,3145728,3145728,0.0
dissertation/data/processed/iddaw_masks/train/RAIN/gtSeg/30/00000143_mask.png,train,rain,False,0,3145718,3145728,0.0
dissertation/data/processed/iddaw_masks/train/RAIN/gtSeg/30/00000074_mask.png,train,rain,False,0,3145728,3145728,0.0
dissertation/data/processed/iddaw_masks/train/RAIN/gtSeg/30/00000124_mask.png,train,rain,False,0,3145410,3145728,0.0
dissertation/data/processed/iddaw_masks/train/RAIN/gtSeg/30/00000043_mask.png,train,rain,False,0,3145708,3145728,0.0
dissertation/data/processed/iddaw_masks/train/RAIN/gtSeg/30/00000059_mask.png,train,rain,False,0,3145728,3145728,0.0
dissertation/data/processed/iddaw_masks/train/RAIN/gtSeg/30/00000144_mask.png,train,rain,False,0,3145704,3145728,0.0
dissertation/data/processed/iddaw_masks/train/RAIN/gtSeg/30/00000119_mask.png,train,rain,False,0,3145688,3145728,0.0
dissertation/data/processed/iddaw_masks/train/RAIN/gtSeg/30/00000100_mask.png,train,rain,False,0,3141618,3145728,0.0
dissertation/data/processed/iddaw_masks/train/RAIN/gtSeg/30/00000007_mask.png,train,rain,True,1704,3143508,3145728,0.000542069560503743
dissertation/data/processed/iddaw_masks/train/RAIN/gtSeg/30/00000080_mask.png,train,rain,False,0,3145728,3145728,0.0
dissertation/data/processed/iddaw_masks/train/RAIN/gtSeg/30/00000086_mask.png,train,rain,False,0,3145726,3145728,0.0
dissertation/data/processed/iddaw_masks/train/RAIN/gtSeg/30/00000066_mask.png,train,rain,False,0,3145676,3145728,0.0
dissertation/data/processed/iddaw_masks/train/RAIN/gtSeg/30/00000047_mask.png,train,rain,False,0,3145319,3145728,0.0
dissertation/data/processed/iddaw_masks/train/RAIN/gtSeg/30/00000027_mask.png,train,rain,False,0,3145680,3145728,0.0
dissertation/data/processed/iddaw_masks/train/RAIN/gtSeg/30/00000023_mask.png,train,rain,False,0,3145728,3145728,0.0
dissertation/data/processed/iddaw_masks/train/RAIN/gtSeg/30/00000099_mask.png,train,rain,False,0,3145685,3145728,0.0
dissertation/data/processed/iddaw_masks/train/RAIN/gtSeg/30/00000084_mask.png,train,rain,False,0,3145710,3145728,0.0
dissertation/data/processed/iddaw_masks/train/RAIN/gtSeg/30/00000095_mask.png,train,rain,False,0,3145725,3145728,0.0
dissertation/data/processed/iddaw_masks/train/RAIN/gtSeg/30/00000040_mask.png,train,rain,False,0,3145688,3145728,0.0
dissertation/data/processed/iddaw_masks/train/RAIN/gtSeg/30/00000114_mask.png,train,rain,False,0,3145668,3145728,0.0
dissertation/data/processed/iddaw_masks/train/RAIN/gtSeg/30/00000022_mask.png,train,rain,False,0,3145728,3145728,0.0
dissertation/data/processed/iddaw_masks/train/RAIN/gtSeg/30/00000015_mask.png,train,rain,False,0,3145670,3145728,0.0
dissertation/data/processed/iddaw_masks/train/RAIN/gtSeg/30/00000044_mask.png,train,rain,False,0,3145726,3145728,0.0
dissertation/data/processed/iddaw_masks/train/RAIN/gtSeg/30/00000122_mask.png,train,rain,False,0,3145728,3145728,0.0
dissertation/data/processed/iddaw_masks/train/RAIN/gtSeg/30/00000085_mask.png,train,rain,False,0,3145728,3145728,0.0
dissertation/data/processed/iddaw_masks/train/RAIN/gtSeg/30/00000012_mask.png,train,rain,False,0,3145723,3145728,0.0
dissertation/data/processed/iddaw_masks/train/RAIN/gtSeg/30/00000001_mask.png,train,rain,False,0,3145715,3145728,0.0
dissertation/data/processed/iddaw_masks/train/RAIN/gtSeg/30/00000151_mask.png,train,rain,False,0,3145721,3145728,0.0
dissertation/data/processed/iddaw_masks/train/RAIN/gtSeg/30/00000107_mask.png,train,rain,False,0,3145728,3145728,0.0
dissertation/data/processed/iddaw_masks/train/RAIN/gtSeg/30/00000006_mask.png,train,rain,False,0,3145704,3145728,0.0
dissertation/data/processed/iddaw_masks/train/RAIN/gtSeg/30/00000120_mask.png,train,rain,False,0,3145728,3145728,0.0
dissertation/data/processed/iddaw_masks/train/RAIN/gtSeg/30/00000105_mask.png,train,rain,False,0,3145728,3145728,0.0
dissertation/data/processed/iddaw_masks/train/RAIN/gtSeg/30/00000073_mask.png,train,rain,False,0,3145728,3145728,0.0
dissertation/data/processed/iddaw_masks/train/RAIN/gtSeg/30/00000110_mask.png,train,rain,False,0,3145723,3145728,0.0
dissertation/data/processed/iddaw_masks/train/RAIN/gtSeg/30/00000150_mask.png,train,rain,False,0,3143433,3145728,0.0
dissertation/data/processed/iddaw_masks/train/RAIN/gtSeg/30/00000137_mask.png,train,rain,False,0,3145661,3145728,0.0
dissertation/data/processed/iddaw_masks/train/RAIN/gtSeg/30/00000101_mask.png,train,rain,False,0,3145708,3145728,0.0
dissertation/data/processed/iddaw_masks/train/RAIN/gtSeg/30/00000131_mask.png,train,rain,False,0,3145727,3145728,0.0
dissertation/data/processed/iddaw_masks/train/RAIN/gtSeg/30/00000087_mask.png,train,rain,False,0,3145679,3145728,0.0
dissertation/data/processed/iddaw_masks/train/RAIN/gtSeg/30/00000048_mask.png,train,rain,False,0,3145655,3145728,0.0
dissertation/data/processed/iddaw_masks/train/RAIN/gtSeg/30/00000030_mask.png,train,rain,False,0,3145728,3145728,0.0
dissertation/data/processed/iddaw_masks/train/RAIN/gtSeg/30/00000031_mask.png,train,rain,False,0,3145728,3145728,0.0
dissertation/data/processed/iddaw_masks/train/RAIN/gtSeg/30/00000125_mask.png,train,rain,False,0,3145724,3145728,0.0
dissertation/data/processed/iddaw_masks/train/RAIN/gtSeg/30/00000033_mask.png,train,rain,False,0,3145727,3145728,0.0
dissertation/data/processed/iddaw_masks/train/RAIN/gtSeg/30/00000076_mask.png,train,rain,False,0,3145727,3145728,0.0
dissertation/data/processed/iddaw_masks/train/RAIN/gtSeg/30/00000108_mask.png,train,rain,True,1117,3145728,3145728,0.00035508473714192707
dissertation/data/processed/iddaw_masks/train/RAIN/gtSeg/30/00000064_mask.png,train,rain,False,0,3145728,3145728,0.0
dissertation/data/processed/iddaw_masks/train/RAIN/gtSeg/30/00000055_mask.png,train,rain,False,0,3145711,3145728,0.0
dissertation/data/processed/iddaw_masks/train/RAIN/gtSeg/30/00000028_mask.png,train,rain,False,0,3145728,3145728,0.0
dissertation/data/processed/iddaw_masks/train/RAIN/gtSeg/30/00000039_mask.png,train,rain,False,0,3145493,3145728,0.0
dissertation/data/processed/iddaw_masks/train/RAIN/gtSeg/30/00000089_mask.png,train,rain,False,0,3145716,3145728,0.0
dissertation/data/processed/iddaw_masks/train/RAIN/gtSeg/30/00000096_mask.png,train,rain,False,0,3145728,3145728,0.0
dissertation/data/processed/iddaw_masks/train/RAIN/gtSeg/30/00000038_mask.png,train,rain,False,0,3145707,3145728,0.0
dissertation/data/processed/iddaw_masks/train/RAIN/gtSeg/30/00000062_mask.png,train,rain,False,0,3145728,3145728,0.0
dissertation/data/processed/iddaw_masks/train/RAIN/gtSeg/30/00000052_mask.png,train,rain,False,0,3145386,3145728,0.0
dissertation/data/processed/iddaw_masks/train/RAIN/gtSeg/30/00000051_mask.png,train,rain,False,0,3145728,3145728,0.0
dissertation/data/processed/iddaw_masks/train/RAIN/gtSeg/30/00000106_mask.png,train,rain,False,0,3145728,3145728,0.0
dissertation/data/processed/iddaw_masks/train/RAIN/gtSeg/30/00000037_mask.png,train,rain,False,0,3145725,3145728,0.0
dissertation/data/processed/iddaw_masks/train/RAIN/gtSeg/30/00000147_mask.png,train,rain,False,0,3145728,3145728,0.0
dissertation/data/processed/iddaw_masks/train/RAIN/gtSeg/30/00000009_mask.png,train,rain,False,0,3145688,3145728,0.0
dissertation/data/processed/iddaw_masks/train/RAIN/gtSeg/30/00000042_mask.png,train,rain,False,0,3145689,3145728,0.0
dissertation/data/processed/iddaw_masks/train/RAIN/gtSeg/30/00000054_mask.png,train,rain,False,0,3145492,3145728,0.0
dissertation/data/processed/iddaw_masks/train/RAIN/gtSeg/30/00000063_mask.png,train,rain,False,0,3145419,3145728,0.0
dissertation/data/processed/iddaw_masks/train/RAIN/gtSeg/30/00000071_mask.png,train,rain,False,0,3145458,3145728,0.0
dissertation/data/processed/iddaw_masks/train/RAIN/gtSeg/30/00000109_mask.png,train,rain,False,0,3145728,3145728,0.0
dissertation/data/processed/iddaw_masks/train/RAIN/gtSeg/30/00000133_mask.png,train,rain,False,0,3145728,3145728,0.0
dissertation/data/processed/iddaw_masks/train/RAIN/gtSeg/30/00000126_mask.png,train,rain,False,0,3145728,3145728,0.0
dissertation/data/processed/iddaw_masks/train/RAIN/gtSeg/30/00000138_mask.png,train,rain,False,0,3145721,3145728,0.0
dissertation/data/processed/iddaw_masks/train/RAIN/gtSeg/30/00000141_mask.png,train,rain,False,0,3145728,3145728,0.0
dissertation/data/processed/iddaw_masks/train/RAIN/gtSeg/30/00000112_mask.png,train,rain,False,0,3145728,3145728,0.0
dissertation/data/processed/iddaw_masks/train/RAIN/gtSeg/30/00000020_mask.png,train,rain,False,0,3145727,3145728,0.0
dissertation/data/processed/iddaw_masks/train/RAIN/gtSeg/30/00000058_mask.png,train,rain,False,0,3145728,3145728,0.0
dissertation/data/processed/iddaw_masks/train/RAIN/gtSeg/30/00000078_mask.png,train,rain,False,0,3145693,3145728,0.0
dissertation/data/processed/iddaw_masks/train/RAIN/gtSeg/30/00000056_mask.png,train,rain,False,0,3145674,3145728,0.0
dissertation/data/processed/iddaw_masks/train/RAIN/gtSeg/30/00000046_mask.png,train,rain,False,0,3145728,3145728,0.0
dissertation/data/processed/iddaw_masks/train/RAIN/gtSeg/30/00000067_mask.png,train,rain,False,0,3145728,3145728,0.0
dissertation/data/processed/iddaw_masks/train/RAIN/gtSeg/30/00000016_mask.png,train,rain,False,0,3145728,3145728,0.0
dissertation/data/processed/iddaw_masks/train/RAIN/gtSeg/30/00000061_mask.png,train,rain,False,0,3145728,3145728,0.0
dissertation/data/processed/iddaw_masks/train/RAIN/gtSeg/30/00000127_mask.png,train,rain,False,0,3145724,3145728,0.0
dissertation/data/processed/iddaw_masks/train/RAIN/gtSeg/30/00000036_mask.png,train,rain,False,0,3145689,3145728,0.0
dissertation/data/processed/iddaw_masks/train/RAIN/gtSeg/30/00000026_mask.png,train,rain,False,0,3145728,3145728,0.0
dissertation/data/processed/iddaw_masks/train/RAIN/gtSeg/30/00000142_mask.png,train,rain,False,0,3145695,3145728,0.0
dissertation/data/processed/iddaw_masks/train/RAIN/gtSeg/30/00000045_mask.png,train,rain,False,0,3145728,3145728,0.0
dissertation/data/processed/iddaw_masks/train/RAIN/gtSeg/30/00000041_mask.png,train,rain,False,0,3145691,3145728,0.0
dissertation/data/processed/iddaw_masks/train/RAIN/gtSeg/30/00000104_mask.png,train,rain,False,0,3145728,3145728,0.0
dissertation/data/processed/iddaw_masks/train/RAIN/gtSeg/30/00000004_mask.png,train,rain,False,0,3145619,3145728,0.0
dissertation/data/processed/iddaw_masks/train/RAIN/gtSeg/30/00000111_mask.png,train,rain,False,0,3145728,3145728,0.0
dissertation/data/processed/iddaw_masks/train/RAIN/gtSeg/30/00000117_mask.png,train,rain,False,0,3145728,3145728,0.0
dissertation/data/processed/iddaw_masks/train/RAIN/gtSeg/30/00000113_mask.png,train,rain,False,0,3145677,3145728,0.0
dissertation/data/processed/iddaw_masks/train/RAIN/gtSeg/30/00000025_mask.png,train,rain,False,0,3145555,3145728,0.0
dissertation/data/processed/iddaw_masks/train/RAIN/gtSeg/30/00000092_mask.png,train,rain,False,0,3145716,3145728,0.0
dissertation/data/processed/iddaw_masks/train/RAIN/gtSeg/30/00000008_mask.png,train,rain,False,0,3145547,3145728,0.0
dissertation/data/processed/iddaw_masks/train/RAIN/gtSeg/30/00000135_mask.png,train,rain,True,232,3145728,3145728,7.375081380208333e-05
dissertation/data/processed/iddaw_masks/train/RAIN/gtSeg/30/00000070_mask.png,train,rain,False,0,3145728,3145728,0.0
dissertation/data/processed/iddaw_masks/train/RAIN/gtSeg/30/00000088_mask.png,train,rain,False,0,3145680,3145728,0.0
dissertation/data/processed/iddaw_masks/train/RAIN/gtSeg/30/00000118_mask.png,train,rain,False,0,3145728,3145728,0.0
dissertation/data/processed/iddaw_masks/train/RAIN/gtSeg/30/00000090_mask.png,train,rain,False,0,3145708,3145728,0.0
dissertation/data/processed/iddaw_masks/train/RAIN/gtSeg/30/00000132_mask.png,train,rain,False,0,3145725,3145728,0.0
dissertation/data/processed/iddaw_masks/train/RAIN/gtSeg/30/00000060_mask.png,train,rain,False,0,3145726,3145728,0.0
dissertation/data/processed/iddaw_masks/train/RAIN/gtSeg/30/00000014_mask.png,train,rain,False,0,3145329,3145728,0.0
dissertation/data/processed/iddaw_masks/train/RAIN/gtSeg/30/00000032_mask.png,train,rain,False,0,3145652,3145728,0.0
dissertation/data/processed/iddaw_masks/train/RAIN/gtSeg/30/00000053_mask.png,train,rain,False,0,3145728,3145728,0.0
dissertation/data/processed/iddaw_masks/train/RAIN/gtSeg/30/00000128_mask.png,train,rain,False,0,3145697,3145728,0.0
dissertation/data/processed/iddaw_masks/train/RAIN/gtSeg/30/00000003_mask.png,train,rain,False,0,3145728,3145728,0.0
dissertation/data/processed/iddaw_masks/train/RAIN/gtSeg/30/00000149_mask.png,train,rain,False,0,3145728,3145728,0.0
dissertation/data/processed/iddaw_masks/train/RAIN/gtSeg/16/00000000_mask.png,train,rain,False,0,3145728,3145728,0.0
dissertation/data/processed/iddaw_masks/train/RAIN/gtSeg/16/00000001_mask.png,train,rain,True,700,3145728,3145728,0.00022252400716145834
dissertation/data/processed/iddaw_masks/train/RAIN/gtSeg/6/00000002_mask.png,train,rain,False,0,3145604,3145728,0.0
dissertation/data/processed/iddaw_masks/train/RAIN/gtSeg/6/00000000_mask.png,train,rain,False,0,3145536,3145728,0.0
dissertation/data/processed/iddaw_masks/train/RAIN/gtSeg/6/00000010_mask.png,train,rain,False,0,3144824,3145728,0.0
dissertation/data/processed/iddaw_masks/train/RAIN/gtSeg/6/00000005_mask.png,train,rain,False,0,3145573,3145728,0.0
dissertation/data/processed/iddaw_masks/train/RAIN/gtSeg/6/00000007_mask.png,train,rain,False,0,3145667,3145728,0.0
dissertation/data/processed/iddaw_masks/train/RAIN/gtSeg/6/00000001_mask.png,train,rain,False,0,3145728,3145728,0.0
dissertation/data/processed/iddaw_masks/train/RAIN/gtSeg/6/00000006_mask.png,train,rain,False,0,3145681,3145728,0.0
dissertation/data/processed/iddaw_masks/train/RAIN/gtSeg/6/00000009_mask.png,train,rain,False,0,3144924,3145728,0.0
dissertation/data/processed/iddaw_masks/train/RAIN/gtSeg/6/00000004_mask.png,train,rain,False,0,3145551,3145728,0.0
dissertation/data/processed/iddaw_masks/train/RAIN/gtSeg/6/00000008_mask.png,train,rain,False,0,3145685,3145728,0.0
dissertation/data/processed/iddaw_masks/train/RAIN/gtSeg/6/00000003_mask.png,train,rain,False,0,3145536,3145728,0.0
dissertation/data/processed/iddaw_masks/train/RAIN/gtSeg/21/00000002_mask.png,train,rain,False,0,3145382,3145728,0.0
dissertation/data/processed/iddaw_masks/train/RAIN/gtSeg/21/00000013_mask.png,train,rain,False,0,3145689,3145728,0.0
dissertation/data/processed/iddaw_masks/train/RAIN/gtSeg/21/00000018_mask.png,train,rain,False,0,3145667,3145728,0.0
dissertation/data/processed/iddaw_masks/train/RAIN/gtSeg/21/00000017_mask.png,train,rain,False,0,3145487,3145728,0.0
dissertation/data/processed/iddaw_masks/train/RAIN/gtSeg/21/00000011_mask.png,train,rain,False,0,3145705,3145728,0.0
dissertation/data/processed/iddaw_masks/train/RAIN/gtSeg/21/00000000_mask.png,train,rain,False,0,3145559,3145728,0.0
dissertation/data/processed/iddaw_masks/train/RAIN/gtSeg/21/00000010_mask.png,train,rain,False,0,3145694,3145728,0.0
dissertation/data/processed/iddaw_masks/train/RAIN/gtSeg/21/00000019_mask.png,train,rain,False,0,3141581,3145728,0.0
dissertation/data/processed/iddaw_masks/train/RAIN/gtSeg/21/00000005_mask.png,train,rain,False,0,3145673,3145728,0.0
dissertation/data/processed/iddaw_masks/train/RAIN/gtSeg/21/00000007_mask.png,train,rain,False,0,3145673,3145728,0.0
dissertation/data/processed/iddaw_masks/train/RAIN/gtSeg/21/00000015_mask.png,train,rain,False,0,3145595,3145728,0.0
dissertation/data/processed/iddaw_masks/train/RAIN/gtSeg/21/00000012_mask.png,train,rain,False,0,3145715,3145728,0.0
dissertation/data/processed/iddaw_masks/train/RAIN/gtSeg/21/00000001_mask.png,train,rain,False,0,3145616,3145728,0.0
dissertation/data/processed/iddaw_masks/train/RAIN/gtSeg/21/00000006_mask.png,train,rain,False,0,3145550,3145728,0.0
dissertation/data/processed/iddaw_masks/train/RAIN/gtSeg/21/00000009_mask.png,train,rain,False,0,3145699,3145728,0.0
dissertation/data/processed/iddaw_masks/train/RAIN/gtSeg/21/00000016_mask.png,train,rain,False,0,3145540,3145728,0.0
dissertation/data/processed/iddaw_masks/train/RAIN/gtSeg/21/00000004_mask.png,train,rain,False,0,3145726,3145728,0.0
dissertation/data/processed/iddaw_masks/train/RAIN/gtSeg/21/00000008_mask.png,train,rain,False,0,3145688,3145728,0.0
dissertation/data/processed/iddaw_masks/train/RAIN/gtSeg/21/00000014_mask.png,train,rain,False,0,3144275,3145728,0.0
dissertation/data/processed/iddaw_masks/train/RAIN/gtSeg/21/00000003_mask.png,train,rain,False,0,3145666,3145728,0.0
dissertation/data/processed/iddaw_masks/train/RAIN/gtSeg/34/00000002_mask.png,train,rain,False,0,3145716,3145728,0.0
dissertation/data/processed/iddaw_masks/train/RAIN/gtSeg/34/00000013_mask.png,train,rain,False,0,3145728,3145728,0.0
dissertation/data/processed/iddaw_masks/train/RAIN/gtSeg/34/00000017_mask.png,train,rain,False,0,3145728,3145728,0.0
dissertation/data/processed/iddaw_masks/train/RAIN/gtSeg/34/00000011_mask.png,train,rain,False,0,3145728,3145728,0.0
dissertation/data/processed/iddaw_masks/train/RAIN/gtSeg/34/00000000_mask.png,train,rain,False,0,3145728,3145728,0.0
dissertation/data/processed/iddaw_masks/train/RAIN/gtSeg/34/00000010_mask.png,train,rain,False,0,3145725,3145728,0.0
dissertation/data/processed/iddaw_masks/train/RAIN/gtSeg/34/00000005_mask.png,train,rain,False,0,3145728,3145728,0.0
dissertation/data/processed/iddaw_masks/train/RAIN/gtSeg/34/00000007_mask.png,train,rain,False,0,3145710,3145728,0.0
dissertation/data/processed/iddaw_masks/train/RAIN/gtSeg/34/00000015_mask.png,train,rain,False,0,3145728,3145728,0.0
dissertation/data/processed/iddaw_masks/train/RAIN/gtSeg/34/00000012_mask.png,train,rain,False,0,3145728,3145728,0.0
dissertation/data/processed/iddaw_masks/train/RAIN/gtSeg/34/00000001_mask.png,train,rain,False,0,3145705,3145728,0.0
dissertation/data/processed/iddaw_masks/train/RAIN/gtSeg/34/00000006_mask.png,train,rain,False,0,3145728,3145728,0.0
dissertation/data/processed/iddaw_masks/train/RAIN/gtSeg/34/00000009_mask.png,train,rain,False,0,3145728,3145728,0.0
dissertation/data/processed/iddaw_masks/train/RAIN/gtSeg/34/00000016_mask.png,train,rain,False,0,3145728,3145728,0.0
dissertation/data/processed/iddaw_masks/train/RAIN/gtSeg/34/00000004_mask.png,train,rain,False,0,3145722,3145728,0.0
dissertation/data/processed/iddaw_masks/train/RAIN/gtSeg/34/00000008_mask.png,train,rain,False,0,3145728,3145728,0.0
dissertation/data/processed/iddaw_masks/train/RAIN/gtSeg/34/00000014_mask.png,train,rain,False,0,3145728,3145728,0.0
dissertation/data/processed/iddaw_masks/train/RAIN/gtSeg/34/00000003_mask.png,train,rain,False,0,3145689,3145728,0.0
dissertation/data/processed/iddaw_masks/train/RAIN/gtSeg/35/00000002_mask.png,train,rain,False,0,3145723,3145728,0.0
dissertation/data/processed/iddaw_masks/train/RAIN/gtSeg/35/00000034_mask.png,train,rain,False,0,3145728,3145728,0.0
dissertation/data/processed/iddaw_masks/train/RAIN/gtSeg/35/00000013_mask.png,train,rain,False,0,3145728,3145728,0.0
dissertation/data/processed/iddaw_masks/train/RAIN/gtSeg/35/00000049_mask.png,train,rain,False,0,3145706,3145728,0.0
dissertation/data/processed/iddaw_masks/train/RAIN/gtSeg/35/00000018_mask.png,train,rain,False,0,3145728,3145728,0.0
dissertation/data/processed/iddaw_masks/train/RAIN/gtSeg/35/00000050_mask.png,train,rain,False,0,3145728,3145728,0.0
dissertation/data/processed/iddaw_masks/train/RAIN/gtSeg/35/00000029_mask.png,train,rain,False,0,3145728,3145728,0.0
dissertation/data/processed/iddaw_masks/train/RAIN/gtSeg/35/00000017_mask.png,train,rain,False,0,3145728,3145728,0.0
dissertation/data/processed/iddaw_masks/train/RAIN/gtSeg/35/00000024_mask.png,train,rain,False,0,3145728,3145728,0.0
dissertation/data/processed/iddaw_masks/train/RAIN/gtSeg/35/00000021_mask.png,train,rain,False,0,3145694,3145728,0.0
dissertation/data/processed/iddaw_masks/train/RAIN/gtSeg/35/00000035_mask.png,train,rain,False,0,3145728,3145728,0.0
dissertation/data/processed/iddaw_masks/train/RAIN/gtSeg/35/00000011_mask.png,train,rain,False,0,3145725,3145728,0.0
dissertation/data/processed/iddaw_masks/train/RAIN/gtSeg/35/00000000_mask.png,train,rain,False,0,3145615,3145728,0.0
dissertation/data/processed/iddaw_masks/train/RAIN/gtSeg/35/00000010_mask.png,train,rain,False,0,3145728,3145728,0.0
dissertation/data/processed/iddaw_masks/train/RAIN/gtSeg/35/00000019_mask.png,train,rain,False,0,3145728,3145728,0.0
dissertation/data/processed/iddaw_masks/train/RAIN/gtSeg/35/00000005_mask.png,train,rain,False,0,3144798,3145728,0.0
dissertation/data/processed/iddaw_masks/train/RAIN/gtSeg/35/00000043_mask.png,train,rain,False,0,3145711,3145728,0.0
dissertation/data/processed/iddaw_masks/train/RAIN/gtSeg/35/00000007_mask.png,train,rain,False,0,3145728,3145728,0.0
dissertation/data/processed/iddaw_masks/train/RAIN/gtSeg/35/00000047_mask.png,train,rain,False,0,3145728,3145728,0.0
dissertation/data/processed/iddaw_masks/train/RAIN/gtSeg/35/00000027_mask.png,train,rain,False,0,3145727,3145728,0.0
dissertation/data/processed/iddaw_masks/train/RAIN/gtSeg/35/00000023_mask.png,train,rain,False,0,3145728,3145728,0.0
dissertation/data/processed/iddaw_masks/train/RAIN/gtSeg/35/00000040_mask.png,train,rain,False,0,3145724,3145728,0.0
dissertation/data/processed/iddaw_masks/train/RAIN/gtSeg/35/00000022_mask.png,train,rain,False,0,3145705,3145728,0.0
dissertation/data/processed/iddaw_masks/train/RAIN/gtSeg/35/00000015_mask.png,train,rain,False,0,3145710,3145728,0.0
dissertation/data/processed/iddaw_masks/train/RAIN/gtSeg/35/00000044_mask.png,train,rain,False,0,3145047,3145728,0.0
dissertation/data/processed/iddaw_masks/train/RAIN/gtSeg/35/00000012_mask.png,train,rain,False,0,3145728,3145728,0.0
dissertation/data/processed/iddaw_masks/train/RAIN/gtSeg/35/00000001_mask.png,train,rain,False,0,3145728,3145728,0.0
dissertation/data/processed/iddaw_masks/train/RAIN/gtSeg/35/00000006_mask.png,train,rain,False,0,3145728,3145728,0.0
dissertation/data/processed/iddaw_masks/train/RAIN/gtSeg/35/00000048_mask.png,train,rain,False,0,3145728,3145728,0.0
dissertation/data/processed/iddaw_masks/train/RAIN/gtSeg/35/00000030_mask.png,train,rain,False,0,3145728,3145728,0.0
dissertation/data/processed/iddaw_masks/train/RAIN/gtSeg/35/00000031_mask.png,train,rain,False,0,3145728,3145728,0.0
dissertation/data/processed/iddaw_masks/train/RAIN/gtSeg/35/00000033_mask.png,train,rain,False,0,3145728,3145728,0.0
dissertation/data/processed/iddaw_masks/train/RAIN/gtSeg/35/00000055_mask.png,train,rain,False,0,3145728,3145728,0.0
dissertation/data/processed/iddaw_masks/train/RAIN/gtSeg/35/00000028_mask.png,train,rain,False,0,3145678,3145728,0.0
dissertation/data/processed/iddaw_masks/train/RAIN/gtSeg/35/00000039_mask.png,train,rain,False,0,3145728,3145728,0.0
dissertation/data/processed/iddaw_masks/train/RAIN/gtSeg/35/00000038_mask.png,train,rain,False,0,3145728,3145728,0.0
dissertation/data/processed/iddaw_masks/train/RAIN/gtSeg/35/00000052_mask.png,train,rain,False,0,3145721,3145728,0.0
dissertation/data/processed/iddaw_masks/train/RAIN/gtSeg/35/00000051_mask.png,train,rain,False,0,3145716,3145728,0.0
dissertation/data/processed/iddaw_masks/train/RAIN/gtSeg/35/00000037_mask.png,train,rain,False,0,3145722,3145728,0.0
dissertation/data/processed/iddaw_masks/train/RAIN/gtSeg/35/00000009_mask.png,train,rain,False,0,3145722,3145728,0.0
dissertation/data/processed/iddaw_masks/train/RAIN/gtSeg/35/00000042_mask.png,train,rain,False,0,3145712,3145728,0.0
dissertation/data/processed/iddaw_masks/train/RAIN/gtSeg/35/00000054_mask.png,train,rain,False,0,3145603,3145728,0.0
dissertation/data/processed/iddaw_masks/train/RAIN/gtSeg/35/00000020_mask.png,train,rain,False,0,3145728,3145728,0.0
dissertation/data/processed/iddaw_masks/train/RAIN/gtSeg/35/00000046_mask.png,train,rain,False,0,3143670,3145728,0.0
dissertation/data/processed/iddaw_masks/train/RAIN/gtSeg/35/00000016_mask.png,train,rain,False,0,3145728,3145728,0.0
dissertation/data/processed/iddaw_masks/train/RAIN/gtSeg/35/00000036_mask.png,train,rain,False,0,3145728,3145728,0.0
dissertation/data/processed/iddaw_masks/train/RAIN/gtSeg/35/00000026_mask.png,train,rain,False,0,3145674,3145728,0.0
dissertation/data/processed/iddaw_masks/train/RAIN/gtSeg/35/00000045_mask.png,train,rain,False,0,3145711,3145728,0.0
dissertation/data/processed/iddaw_masks/train/RAIN/gtSeg/35/00000041_mask.png,train,rain,False,0,3145472,3145728,0.0
dissertation/data/processed/iddaw_masks/train/RAIN/gtSeg/35/00000004_mask.png,train,rain,False,0,3144798,3145728,0.0
dissertation/data/processed/iddaw_masks/train/RAIN/gtSeg/35/00000025_mask.png,train,rain,False,0,3145728,3145728,0.0
dissertation/data/processed/iddaw_masks/train/RAIN/gtSeg/35/00000008_mask.png,train,rain,False,0,3145728,3145728,0.0
dissertation/data/processed/iddaw_masks/train/RAIN/gtSeg/35/00000014_mask.png,train,rain,False,0,3145710,3145728,0.0
dissertation/data/processed/iddaw_masks/train/RAIN/gtSeg/35/00000032_mask.png,train,rain,False,0,3145715,3145728,0.0
dissertation/data/processed/iddaw_masks/train/RAIN/gtSeg/35/00000053_mask.png,train,rain,False,0,3145728,3145728,0.0
dissertation/data/processed/iddaw_masks/train/RAIN/gtSeg/35/00000003_mask.png,train,rain,False,0,3145719,3145728,0.0
dissertation/data/processed/iddaw_masks/train/RAIN/gtSeg/14/00000002_mask.png,train,rain,False,0,3145728,3145728,0.0
dissertation/data/processed/iddaw_masks/train/RAIN/gtSeg/14/00000000_mask.png,train,rain,False,0,3145728,3145728,0.0
dissertation/data/processed/iddaw_masks/train/RAIN/gtSeg/14/00000001_mask.png,train,rain,False,0,3145728,3145728,0.0
dissertation/data/processed/iddaw_masks/train/RAIN/gtSeg/14/00000003_mask.png,train,rain,False,0,3145723,3145728,0.0
dissertation/data/processed/iddaw_masks/train/RAIN/gtSeg/10/00000002_mask.png,train,rain,False,0,3145333,3145728,0.0
dissertation/data/processed/iddaw_masks/train/RAIN/gtSeg/10/00000013_mask.png,train,rain,False,0,3145013,3145728,0.0
dissertation/data/processed/iddaw_masks/train/RAIN/gtSeg/10/00000011_mask.png,train,rain,False,0,3145724,3145728,0.0
dissertation/data/processed/iddaw_masks/train/RAIN/gtSeg/10/00000000_mask.png,train,rain,False,0,3145686,3145728,0.0
dissertation/data/processed/iddaw_masks/train/RAIN/gtSeg/10/00000010_mask.png,train,rain,False,0,3145639,3145728,0.0
dissertation/data/processed/iddaw_masks/train/RAIN/gtSeg/10/00000005_mask.png,train,rain,False,0,3143548,3145728,0.0
dissertation/data/processed/iddaw_masks/train/RAIN/gtSeg/10/00000007_mask.png,train,rain,False,0,3145632,3145728,0.0
dissertation/data/processed/iddaw_masks/train/RAIN/gtSeg/10/00000015_mask.png,train,rain,False,0,3143255,3145728,0.0
dissertation/data/processed/iddaw_masks/train/RAIN/gtSeg/10/00000012_mask.png,train,rain,False,0,3145724,3145728,0.0
dissertation/data/processed/iddaw_masks/train/RAIN/gtSeg/10/00000001_mask.png,train,rain,False,0,3145583,3145728,0.0
dissertation/data/processed/iddaw_masks/train/RAIN/gtSeg/10/00000006_mask.png,train,rain,False,0,3143548,3145728,0.0
dissertation/data/processed/iddaw_masks/train/RAIN/gtSeg/10/00000009_mask.png,train,rain,False,0,3145709,3145728,0.0
dissertation/data/processed/iddaw_masks/train/RAIN/gtSeg/10/00000016_mask.png,train,rain,False,0,3145721,3145728,0.0
dissertation/data/processed/iddaw_masks/train/RAIN/gtSeg/10/00000004_mask.png,train,rain,False,0,3143548,3145728,0.0
dissertation/data/processed/iddaw_masks/train/RAIN/gtSeg/10/00000008_mask.png,train,rain,False,0,3145709,3145728,0.0
dissertation/data/processed/iddaw_masks/train/RAIN/gtSeg/10/00000014_mask.png,train,rain,False,0,3145013,3145728,0.0
dissertation/data/processed/iddaw_masks/train/RAIN/gtSeg/10/00000003_mask.png,train,rain,False,0,3145435,3145728,0.0
dissertation/data/processed/iddaw_masks/train/RAIN/gtSeg/12/00000002_mask.png,train,rain,False,0,3145728,3145728,0.0
dissertation/data/processed/iddaw_masks/train/RAIN/gtSeg/12/00000013_mask.png,train,rain,False,0,3145718,3145728,0.0
dissertation/data/processed/iddaw_masks/train/RAIN/gtSeg/12/00000011_mask.png,train,rain,False,0,3145728,3145728,0.0
dissertation/data/processed/iddaw_masks/train/RAIN/gtSeg/12/00000000_mask.png,train,rain,False,0,3145728,3145728,0.0
dissertation/data/processed/iddaw_masks/train/RAIN/gtSeg/12/00000010_mask.png,train,rain,False,0,3145723,3145728,0.0
dissertation/data/processed/iddaw_masks/train/RAIN/gtSeg/12/00000005_mask.png,train,rain,False,0,3145728,3145728,0.0
dissertation/data/processed/iddaw_masks/train/RAIN/gtSeg/12/00000007_mask.png,train,rain,False,0,3145728,3145728,0.0
dissertation/data/processed/iddaw_masks/train/RAIN/gtSeg/12/00000012_mask.png,train,rain,False,0,3145702,3145728,0.0
dissertation/data/processed/iddaw_masks/train/RAIN/gtSeg/12/00000001_mask.png,train,rain,False,0,3145712,3145728,0.0
dissertation/data/processed/iddaw_masks/train/RAIN/gtSeg/12/00000006_mask.png,train,rain,False,0,3145728,3145728,0.0
dissertation/data/processed/iddaw_masks/train/RAIN/gtSeg/12/00000009_mask.png,train,rain,False,0,3141532,3145728,0.0
dissertation/data/processed/iddaw_masks/train/RAIN/gtSeg/12/00000004_mask.png,train,rain,False,0,3145721,3145728,0.0
dissertation/data/processed/iddaw_masks/train/RAIN/gtSeg/12/00000008_mask.png,train,rain,False,0,3145724,3145728,0.0
dissertation/data/processed/iddaw_masks/train/RAIN/gtSeg/12/00000014_mask.png,train,rain,False,0,3145718,3145728,0.0
dissertation/data/processed/iddaw_masks/train/RAIN/gtSeg/12/00000003_mask.png,train,rain,False,0,3145704,3145728,0.0
dissertation/data/processed/iddaw_masks/train/RAIN/gtSeg/23/00000002_mask.png,train,rain,False,0,3145728,3145728,0.0
dissertation/data/processed/iddaw_masks/train/RAIN/gtSeg/23/00000000_mask.png,train,rain,False,0,3145728,3145728,0.0
dissertation/data/processed/iddaw_masks/train/RAIN/gtSeg/23/00000001_mask.png,train,rain,False,0,3145728,3145728,0.0
dissertation/data/processed/iddaw_masks/train/RAIN/gtSeg/23/00000004_mask.png,train,rain,False,0,3142891,3145728,0.0
dissertation/data/processed/iddaw_masks/train/RAIN/gtSeg/23/00000003_mask.png,train,rain,False,0,3145714,3145728,0.0
dissertation/data/processed/iddaw_masks/train/RAIN/gtSeg/5/00000002_mask.png,train,rain,False,0,3145017,3145728,0.0
dissertation/data/processed/iddaw_masks/train/RAIN/gtSeg/5/00000000_mask.png,train,rain,False,0,3145546,3145728,0.0
dissertation/data/processed/iddaw_masks/train/RAIN/gtSeg/5/00000005_mask.png,train,rain,False,0,3145188,3145728,0.0
dissertation/data/processed/iddaw_masks/train/RAIN/gtSeg/5/00000007_mask.png,train,rain,False,0,3145728,3145728,0.0
dissertation/data/processed/iddaw_masks/train/RAIN/gtSeg/5/00000001_mask.png,train,rain,False,0,3145476,3145728,0.0
dissertation/data/processed/iddaw_masks/train/RAIN/gtSeg/5/00000006_mask.png,train,rain,False,0,3144770,3145728,0.0
dissertation/data/processed/iddaw_masks/train/RAIN/gtSeg/5/00000004_mask.png,train,rain,False,0,3145389,3145728,0.0
dissertation/data/processed/iddaw_masks/train/RAIN/gtSeg/5/00000003_mask.png,train,rain,False,0,3143461,3145728,0.0
dissertation/data/processed/iddaw_masks/train/RAIN/gtSeg/15/00000002_mask.png,train,rain,False,0,3145728,3145728,0.0
dissertation/data/processed/iddaw_masks/train/RAIN/gtSeg/15/00000013_mask.png,train,rain,False,0,3145505,3145728,0.0
dissertation/data/processed/iddaw_masks/train/RAIN/gtSeg/15/00000011_mask.png,train,rain,False,0,3145728,3145728,0.0
dissertation/data/processed/iddaw_masks/train/RAIN/gtSeg/15/00000000_mask.png,train,rain,True,10320,3145728,3145728,0.0032806396484375
dissertation/data/processed/iddaw_masks/train/RAIN/gtSeg/15/00000010_mask.png,train,rain,False,0,3143598,3145728,0.0
dissertation/data/processed/iddaw_masks/train/RAIN/gtSeg/15/00000005_mask.png,train,rain,False,0,3145728,3145728,0.0
dissertation/data/processed/iddaw_masks/train/RAIN/gtSeg/15/00000007_mask.png,train,rain,False,0,3145728,3145728,0.0
dissertation/data/processed/iddaw_masks/train/RAIN/gtSeg/15/00000015_mask.png,train,rain,False,0,3145728,3145728,0.0
dissertation/data/processed/iddaw_masks/train/RAIN/gtSeg/15/00000012_mask.png,train,rain,False,0,3145654,3145728,0.0
dissertation/data/processed/iddaw_masks/train/RAIN/gtSeg/15/00000001_mask.png,train,rain,False,0,3144617,3145728,0.0
dissertation/data/processed/iddaw_masks/train/RAIN/gtSeg/15/00000006_mask.png,train,rain,False,0,3145728,3145728,0.0
dissertation/data/processed/iddaw_masks/train/RAIN/gtSeg/15/00000009_mask.png,train,rain,False,0,3145682,3145728,0.0
dissertation/data/processed/iddaw_masks/train/RAIN/gtSeg/15/00000016_mask.png,train,rain,False,0,3145677,3145728,0.0
dissertation/data/processed/iddaw_masks/train/RAIN/gtSeg/15/00000004_mask.png,train,rain,False,0,3145728,3145728,0.0
dissertation/data/processed/iddaw_masks/train/RAIN/gtSeg/15/00000008_mask.png,train,rain,False,0,3145667,3145728,0.0
dissertation/data/processed/iddaw_masks/train/RAIN/gtSeg/15/00000014_mask.png,train,rain,False,0,3145728,3145728,0.0
dissertation/data/processed/iddaw_masks/train/RAIN/gtSeg/15/00000003_mask.png,train,rain,False,0,3145728,3145728,0.0
dissertation/data/processed/iddaw_masks/train/RAIN/gtSeg/42/00000002_mask.png,train,rain,False,0,3145272,3145728,0.0
dissertation/data/processed/iddaw_masks/train/RAIN/gtSeg/42/00000034_mask.png,train,rain,False,0,3145726,3145728,0.0
dissertation/data/processed/iddaw_masks/train/RAIN/gtSeg/42/00000013_mask.png,train,rain,False,0,3145619,3145728,0.0
dissertation/data/processed/iddaw_masks/train/RAIN/gtSeg/42/00000049_mask.png,train,rain,False,0,3145688,3145728,0.0
dissertation/data/processed/iddaw_masks/train/RAIN/gtSeg/42/00000018_mask.png,train,rain,False,0,3145728,3145728,0.0
dissertation/data/processed/iddaw_masks/train/RAIN/gtSeg/42/00000050_mask.png,train,rain,False,0,3145706,3145728,0.0
dissertation/data/processed/iddaw_masks/train/RAIN/gtSeg/42/00000029_mask.png,train,rain,False,0,3145400,3145728,0.0
dissertation/data/processed/iddaw_masks/train/RAIN/gtSeg/42/00000057_mask.png,train,rain,False,0,3145695,3145728,0.0
dissertation/data/processed/iddaw_masks/train/RAIN/gtSeg/42/00000017_mask.png,train,rain,False,0,3145692,3145728,0.0
dissertation/data/processed/iddaw_masks/train/RAIN/gtSeg/42/00000024_mask.png,train,rain,False,0,3144389,3145728,0.0
dissertation/data/processed/iddaw_masks/train/RAIN/gtSeg/42/00000021_mask.png,train,rain,False,0,3145728,3145728,0.0
dissertation/data/processed/iddaw_masks/train/RAIN/gtSeg/42/00000035_mask.png,train,rain,False,0,3144827,3145728,0.0
dissertation/data/processed/iddaw_masks/train/RAIN/gtSeg/42/00000011_mask.png,train,rain,False,0,3145675,3145728,0.0
dissertation/data/processed/iddaw_masks/train/RAIN/gtSeg/42/00000000_mask.png,train,rain,False,0,3145429,3145728,0.0
dissertation/data/processed/iddaw_masks/train/RAIN/gtSeg/42/00000010_mask.png,train,rain,False,0,3145630,3145728,0.0
dissertation/data/processed/iddaw_masks/train/RAIN/gtSeg/42/00000019_mask.png,train,rain,False,0,3145723,3145728,0.0
dissertation/data/processed/iddaw_masks/train/RAIN/gtSeg/42/00000005_mask.png,train,rain,False,0,3145495,3145728,0.0
dissertation/data/processed/iddaw_masks/train/RAIN/gtSeg/42/00000065_mask.png,train,rain,False,0,3145388,3145728,0.0
dissertation/data/processed/iddaw_masks/train/RAIN/gtSeg/42/00000043_mask.png,train,rain,False,0,3145694,3145728,0.0
dissertation/data/processed/iddaw_masks/train/RAIN/gtSeg/42/00000059_mask.png,train,rain,False,0,3145723,3145728,0.0
dissertation/data/processed/iddaw_masks/train/RAIN/gtSeg/42/00000007_mask.png,train,rain,False,0,3145634,3145728,0.0
dissertation/data/processed/iddaw_masks/train/RAIN/gtSeg/42/00000066_mask.png,train,rain,False,0,3144858,3145728,0.0
dissertation/data/processed/iddaw_masks/train/RAIN/gtSeg/42/00000047_mask.png,train,rain,False,0,3145573,3145728,0.0
dissertation/data/processed/iddaw_masks/train/RAIN/gtSeg/42/00000027_mask.png,train,rain,False,0,3145722,3145728,0.0
dissertation/data/processed/iddaw_masks/train/RAIN/gtSeg/42/00000023_mask.png,train,rain,False,0,3145592,3145728,0.0
dissertation/data/processed/iddaw_masks/train/RAIN/gtSeg/42/00000040_mask.png,train,rain,False,0,3145710,3145728,0.0
dissertation/data/processed/iddaw_masks/train/RAIN/gtSeg/42/00000022_mask.png,train,rain,False,0,3145728,3145728,0.0
dissertation/data/processed/iddaw_masks/train/RAIN/gtSeg/42/00000015_mask.png,train,rain,False,0,3145635,3145728,0.0
dissertation/data/processed/iddaw_masks/train/RAIN/gtSeg/42/00000044_mask.png,train,rain,False,0,3145694,3145728,0.0
dissertation/data/processed/iddaw_masks/train/RAIN/gtSeg/42/00000012_mask.png,train,rain,False,0,3145724,3145728,0.0
dissertation/data/processed/iddaw_masks/train/RAIN/gtSeg/42/00000001_mask.png,train,rain,False,0,3145728,3145728,0.0
dissertation/data/processed/iddaw_masks/train/RAIN/gtSeg/42/00000006_mask.png,train,rain,False,0,3145602,3145728,0.0
dissertation/data/processed/iddaw_masks/train/RAIN/gtSeg/42/00000048_mask.png,train,rain,False,0,3145696,3145728,0.0
dissertation/data/processed/iddaw_masks/train/RAIN/gtSeg/42/00000030_mask.png,train,rain,False,0,3145702,3145728,0.0
dissertation/data/processed/iddaw_masks/train/RAIN/gtSeg/42/00000031_mask.png,train,rain,False,0,3145727,3145728,0.0
dissertation/data/processed/iddaw_masks/train/RAIN/gtSeg/42/00000033_mask.png,train,rain,False,0,3145722,3145728,0.0
dissertation/data/processed/iddaw_masks/train/RAIN/gtSeg/42/00000064_mask.png,train,rain,False,0,3145230,3145728,0.0
dissertation/data/processed/iddaw_masks/train/RAIN/gtSeg/42/00000055_mask.png,train,rain,False,0,3145723,3145728,0.0
dissertation/data/processed/iddaw_masks/train/RAIN/gtSeg/42/00000028_mask.png,train,rain,False,0,3145647,3145728,0.0
dissertation/data/processed/iddaw_masks/train/RAIN/gtSeg/42/00000039_mask.png,train,rain,False,0,3143681,3145728,0.0
dissertation/data/processed/iddaw_masks/train/RAIN/gtSeg/42/00000038_mask.png,train,rain,False,0,3145678,3145728,0.0
dissertation/data/processed/iddaw_masks/train/RAIN/gtSeg/42/00000062_mask.png,train,rain,False,0,3145709,3145728,0.0
dissertation/data/processed/iddaw_masks/train/RAIN/gtSeg/42/00000052_mask.png,train,rain,False,0,3145606,3145728,0.0
dissertation/data/processed/iddaw_masks/train/RAIN/gtSeg/42/00000051_mask.png,train,rain,False,0,3145688,3145728,0.0
dissertation/data/processed/iddaw_masks/train/RAIN/gtSeg/42/00000037_mask.png,train,rain,False,0,3145542,3145728,0.0
dissertation/data/processed/iddaw_masks/train/RAIN/gtSeg/42/00000009_mask.png,train,rain,False,0,3145637,3145728,0.0
dissertation/data/processed/iddaw_masks/train/RAIN/gtSeg/42/00000042_mask.png,train,rain,False,0,3145726,3145728,0.0
dissertation/data/processed/iddaw_masks/train/RAIN/gtSeg/42/00000054_mask.png,train,rain,False,0,3145700,3145728,0.0
dissertation/data/processed/iddaw_masks/train/RAIN/gtSeg/42/00000063_mask.png,train,rain,False,0,3145355,3145728,0.0
dissertation/data/processed/iddaw_masks/train/RAIN/gtSeg/42/00000020_mask.png,train,rain,False,0,3145728,3145728,0.0
dissertation/data/processed/iddaw_masks/train/RAIN/gtSeg/42/00000058_mask.png,train,rain,False,0,3145638,3145728,0.0
dissertation/data/processed/iddaw_masks/train/RAIN/gtSeg/42/00000056_mask.png,train,rain,False,0,3145687,3145728,0.0
dissertation/data/processed/iddaw_masks/train/RAIN/gtSeg/42/00000046_mask.png,train,rain,False,0,3145382,3145728,0.0
dissertation/data/processed/iddaw_masks/train/RAIN/gtSeg/42/00000067_mask.png,train,rain,False,0,3145653,3145728,0.0
dissertation/data/processed/iddaw_masks/train/RAIN/gtSeg/42/00000016_mask.png,train,rain,False,0,3145240,3145728,0.0
dissertation/data/processed/iddaw_masks/train/RAIN/gtSeg/42/00000061_mask.png,train,rain,False,0,3145687,3145728,0.0
dissertation/data/processed/iddaw_masks/train/RAIN/gtSeg/42/00000036_mask.png,train,rain,False,0,3142269,3145728,0.0
dissertation/data/processed/iddaw_masks/train/RAIN/gtSeg/42/00000026_mask.png,train,rain,False,0,3145668,3145728,0.0
dissertation/data/processed/iddaw_masks/train/RAIN/gtSeg/42/00000045_mask.png,train,rain,False,0,3145140,3145728,0.0
dissertation/data/processed/iddaw_masks/train/RAIN/gtSeg/42/00000041_mask.png,train,rain,False,0,3145728,3145728,0.0
dissertation/data/processed/iddaw_masks/train/RAIN/gtSeg/42/00000004_mask.png,train,rain,False,0,3145566,3145728,0.0
dissertation/data/processed/iddaw_masks/train/RAIN/gtSeg/42/00000025_mask.png,train,rain,False,0,3145722,3145728,0.0
dissertation/data/processed/iddaw_masks/train/RAIN/gtSeg/42/00000008_mask.png,train,rain,False,0,3145464,3145728,0.0
dissertation/data/processed/iddaw_masks/train/RAIN/gtSeg/42/00000060_mask.png,train,rain,False,0,3145628,3145728,0.0
dissertation/data/processed/iddaw_masks/train/RAIN/gtSeg/42/00000014_mask.png,train,rain,False,0,3144392,3145728,0.0
dissertation/data/processed/iddaw_masks/train/RAIN/gtSeg/42/00000032_mask.png,train,rain,False,0,3143662,3145728,0.0
dissertation/data/processed/iddaw_masks/train/RAIN/gtSeg/42/00000053_mask.png,train,rain,False,0,3145681,3145728,0.0
dissertation/data/processed/iddaw_masks/train/RAIN/gtSeg/42/00000003_mask.png,train,rain,False,0,3145429,3145728,0.0
dissertation/data/processed/iddaw_masks/train/RAIN/gtSeg/43/00000002_mask.png,train,rain,False,0,3145572,3145728,0.0
dissertation/data/processed/iddaw_masks/train/RAIN/gtSeg/43/00000034_mask.png,train,rain,False,0,3145728,3145728,0.0
dissertation/data/processed/iddaw_masks/train/RAIN/gtSeg/43/00000013_mask.png,train,rain,False,0,3145728,3145728,0.0
dissertation/data/processed/iddaw_masks/train/RAIN/gtSeg/43/00000049_mask.png,train,rain,False,0,3145673,3145728,0.0
dissertation/data/processed/iddaw_masks/train/RAIN/gtSeg/43/00000018_mask.png,train,rain,False,0,3145728,3145728,0.0
dissertation/data/processed/iddaw_masks/train/RAIN/gtSeg/43/00000050_mask.png,train,rain,False,0,3145676,3145728,0.0
dissertation/data/processed/iddaw_masks/train/RAIN/gtSeg/43/00000029_mask.png,train,rain,False,0,3145728,3145728,0.0
dissertation/data/processed/iddaw_masks/train/RAIN/gtSeg/43/00000057_mask.png,train,rain,False,0,3145728,3145728,0.0
dissertation/data/processed/iddaw_masks/train/RAIN/gtSeg/43/00000017_mask.png,train,rain,False,0,3145728,3145728,0.0
dissertation/data/processed/iddaw_masks/train/RAIN/gtSeg/43/00000024_mask.png,train,rain,False,0,3145728,3145728,0.0
dissertation/data/processed/iddaw_masks/train/RAIN/gtSeg/43/00000021_mask.png,train,rain,False,0,3145728,3145728,0.0
dissertation/data/processed/iddaw_masks/train/RAIN/gtSeg/43/00000035_mask.png,train,rain,False,0,3145728,3145728,0.0
dissertation/data/processed/iddaw_masks/train/RAIN/gtSeg/43/00000011_mask.png,train,rain,False,0,3145286,3145728,0.0
dissertation/data/processed/iddaw_masks/train/RAIN/gtSeg/43/00000000_mask.png,train,rain,False,0,3145683,3145728,0.0
dissertation/data/processed/iddaw_masks/train/RAIN/gtSeg/43/00000010_mask.png,train,rain,False,0,3145712,3145728,0.0
dissertation/data/processed/iddaw_masks/train/RAIN/gtSeg/43/00000019_mask.png,train,rain,False,0,3145728,3145728,0.0
dissertation/data/processed/iddaw_masks/train/RAIN/gtSeg/43/00000005_mask.png,train,rain,False,0,3145373,3145728,0.0
dissertation/data/processed/iddaw_masks/train/RAIN/gtSeg/43/00000043_mask.png,train,rain,False,0,3145454,3145728,0.0
dissertation/data/processed/iddaw_masks/train/RAIN/gtSeg/43/00000007_mask.png,train,rain,False,0,3145725,3145728,0.0
dissertation/data/processed/iddaw_masks/train/RAIN/gtSeg/43/00000047_mask.png,train,rain,False,0,3145728,3145728,0.0
dissertation/data/processed/iddaw_masks/train/RAIN/gtSeg/43/00000027_mask.png,train,rain,False,0,3145728,3145728,0.0
dissertation/data/processed/iddaw_masks/train/RAIN/gtSeg/43/00000023_mask.png,train,rain,False,0,3145728,3145728,0.0
dissertation/data/processed/iddaw_masks/train/RAIN/gtSeg/43/00000040_mask.png,train,rain,False,0,3145728,3145728,0.0
dissertation/data/processed/iddaw_masks/train/RAIN/gtSeg/43/00000022_mask.png,train,rain,False,0,3145728,3145728,0.0
dissertation/data/processed/iddaw_masks/train/RAIN/gtSeg/43/00000015_mask.png,train,rain,False,0,3145728,3145728,0.0
dissertation/data/processed/iddaw_masks/train/RAIN/gtSeg/43/00000044_mask.png,train,rain,False,0,3145728,3145728,0.0
dissertation/data/processed/iddaw_masks/train/RAIN/gtSeg/43/00000012_mask.png,train,rain,False,0,3145728,3145728,0.0
dissertation/data/processed/iddaw_masks/train/RAIN/gtSeg/43/00000001_mask.png,train,rain,False,0,3145726,3145728,0.0
dissertation/data/processed/iddaw_masks/train/RAIN/gtSeg/43/00000006_mask.png,train,rain,False,0,3145550,3145728,0.0
dissertation/data/processed/iddaw_masks/train/RAIN/gtSeg/43/00000048_mask.png,train,rain,False,0,3145710,3145728,0.0
dissertation/data/processed/iddaw_masks/train/RAIN/gtSeg/43/00000030_mask.png,train,rain,False,0,3145728,3145728,0.0
dissertation/data/processed/iddaw_masks/train/RAIN/gtSeg/43/00000031_mask.png,train,rain,False,0,3145728,3145728,0.0
dissertation/data/processed/iddaw_masks/train/RAIN/gtSeg/43/00000033_mask.png,train,rain,False,0,3145728,3145728,0.0
dissertation/data/processed/iddaw_masks/train/RAIN/gtSeg/43/00000055_mask.png,train,rain,False,0,3145705,3145728,0.0
dissertation/data/processed/iddaw_masks/train/RAIN/gtSeg/43/00000028_mask.png,train,rain,False,0,3145728,3145728,0.0
dissertation/data/processed/iddaw_masks/train/RAIN/gtSeg/43/00000039_mask.png,train,rain,False,0,3145728,3145728,0.0
dissertation/data/processed/iddaw_masks/train/RAIN/gtSeg/43/00000038_mask.png,train,rain,False,0,3145728,3145728,0.0
dissertation/data/processed/iddaw_masks/train/RAIN/gtSeg/43/00000052_mask.png,train,rain,False,0,3145728,3145728,0.0
dissertation/data/processed/iddaw_masks/train/RAIN/gtSeg/43/00000051_mask.png,train,rain,True,5036,3145645,3145728,0.0016009435266853061
dissertation/data/processed/iddaw_masks/train/RAIN/gtSeg/43/00000037_mask.png,train,rain,False,0,3145728,3145728,0.0
dissertation/data/processed/iddaw_masks/train/RAIN/gtSeg/43/00000009_mask.png,train,rain,False,0,3145571,3145728,0.0
dissertation/data/processed/iddaw_masks/train/RAIN/gtSeg/43/00000042_mask.png,train,rain,False,0,3145726,3145728,0.0
dissertation/data/processed/iddaw_masks/train/RAIN/gtSeg/43/00000054_mask.png,train,rain,False,0,3145728,3145728,0.0
dissertation/data/processed/iddaw_masks/train/RAIN/gtSeg/43/00000020_mask.png,train,rain,False,0,3145728,3145728,0.0
dissertation/data/processed/iddaw_masks/train/RAIN/gtSeg/43/00000056_mask.png,train,rain,False,0,3145700,3145728,0.0
dissertation/data/processed/iddaw_masks/train/RAIN/gtSeg/43/00000046_mask.png,train,rain,False,0,3145728,3145728,0.0
dissertation/data/processed/iddaw_masks/train/RAIN/gtSeg/43/00000016_mask.png,train,rain,False,0,3145728,3145728,0.0
dissertation/data/processed/iddaw_masks/train/RAIN/gtSeg/43/00000036_mask.png,train,rain,False,0,3145728,3145728,0.0
dissertation/data/processed/iddaw_masks/train/RAIN/gtSeg/43/00000026_mask.png,train,rain,False,0,3145728,3145728,0.0
dissertation/data/processed/iddaw_masks/train/RAIN/gtSeg/43/00000045_mask.png,train,rain,False,0,3145728,3145728,0.0
dissertation/data/processed/iddaw_masks/train/RAIN/gtSeg/43/00000041_mask.png,train,rain,False,0,3145728,3145728,0.0
dissertation/data/processed/iddaw_masks/train/RAIN/gtSeg/43/00000004_mask.png,train,rain,False,0,3145373,3145728,0.0
dissertation/data/processed/iddaw_masks/train/RAIN/gtSeg/43/00000025_mask.png,train,rain,False,0,3145728,3145728,0.0
dissertation/data/processed/iddaw_masks/train/RAIN/gtSeg/43/00000008_mask.png,train,rain,False,0,3145728,3145728,0.0
dissertation/data/processed/iddaw_masks/train/RAIN/gtSeg/43/00000014_mask.png,train,rain,False,0,3145728,3145728,0.0
dissertation/data/processed/iddaw_masks/train/RAIN/gtSeg/43/00000032_mask.png,train,rain,False,0,3145675,3145728,0.0
dissertation/data/processed/iddaw_masks/train/RAIN/gtSeg/43/00000053_mask.png,train,rain,False,0,3145298,3145728,0.0
dissertation/data/processed/iddaw_masks/train/RAIN/gtSeg/43/00000003_mask.png,train,rain,False,0,3145689,3145728,0.0
dissertation/data/processed/iddaw_masks/train/RAIN/gtSeg/3/00000002_mask.png,train,rain,False,0,3145728,3145728,0.0
dissertation/data/processed/iddaw_masks/train/RAIN/gtSeg/3/00000013_mask.png,train,rain,False,0,3145728,3145728,0.0
dissertation/data/processed/iddaw_masks/train/RAIN/gtSeg/3/00000011_mask.png,train,rain,False,0,3145728,3145728,0.0
dissertation/data/processed/iddaw_masks/train/RAIN/gtSeg/3/00000000_mask.png,train,rain,False,0,3145728,3145728,0.0
dissertation/data/processed/iddaw_masks/train/RAIN/gtSeg/3/00000010_mask.png,train,rain,False,0,3145682,3145728,0.0
dissertation/data/processed/iddaw_masks/train/RAIN/gtSeg/3/00000005_mask.png,train,rain,False,0,3145716,3145728,0.0
dissertation/data/processed/iddaw_masks/train/RAIN/gtSeg/3/00000007_mask.png,train,rain,True,2313,3145687,3145728,0.0007352924814197979
dissertation/data/processed/iddaw_masks/train/RAIN/gtSeg/3/00000015_mask.png,train,rain,False,0,3145003,3145728,0.0
dissertation/data/processed/iddaw_masks/train/RAIN/gtSeg/3/00000012_mask.png,train,rain,False,0,3145688,3145728,0.0
dissertation/data/processed/iddaw_masks/train/RAIN/gtSeg/3/00000001_mask.png,train,rain,False,0,3145728,3145728,0.0
dissertation/data/processed/iddaw_masks/train/RAIN/gtSeg/3/00000006_mask.png,train,rain,False,0,3145728,3145728,0.0
dissertation/data/processed/iddaw_masks/train/RAIN/gtSeg/3/00000009_mask.png,train,rain,False,0,3145709,3145728,0.0
dissertation/data/processed/iddaw_masks/train/RAIN/gtSeg/3/00000004_mask.png,train,rain,False,0,3145728,3145728,0.0
dissertation/data/processed/iddaw_masks/train/RAIN/gtSeg/3/00000008_mask.png,train,rain,False,0,3145728,3145728,0.0
dissertation/data/processed/iddaw_masks/train/RAIN/gtSeg/3/00000014_mask.png,train,rain,False,0,3145725,3145728,0.0
dissertation/data/processed/iddaw_masks/train/RAIN/gtSeg/3/00000003_mask.png,train,rain,False,0,3145728,3145728,0.0
dissertation/data/processed/iddaw_masks/train/RAIN/gtSeg/45/00000097_mask.png,train,rain,False,0,3141573,3145728,0.0
dissertation/data/processed/iddaw_masks/train/RAIN/gtSeg/45/00000002_mask.png,train,rain,False,0,3145728,3145728,0.0
dissertation/data/processed/iddaw_masks/train/RAIN/gtSeg/45/00000034_mask.png,train,rain,False,0,3145728,3145728,0.0
dissertation/data/processed/iddaw_masks/train/RAIN/gtSeg/45/00000013_mask.png,train,rain,False,0,3142166,3145728,0.0
dissertation/data/processed/iddaw_masks/train/RAIN/gtSeg/45/00000068_mask.png,train,rain,False,0,3145728,3145728,0.0
dissertation/data/processed/iddaw_masks/train/RAIN/gtSeg/45/00000049_mask.png,train,rain,False,0,3145728,3145728,0.0
dissertation/data/processed/iddaw_masks/train/RAIN/gtSeg/45/00000018_mask.png,train,rain,False,0,3145243,3145728,0.0
dissertation/data/processed/iddaw_masks/train/RAIN/gtSeg/45/00000050_mask.png,train,rain,False,0,3145728,3145728,0.0
dissertation/data/processed/iddaw_masks/train/RAIN/gtSeg/45/00000091_mask.png,train,rain,False,0,3145668,3145728,0.0
dissertation/data/processed/iddaw_masks/train/RAIN/gtSeg/45/00000103_mask.png,train,rain,False,0,3145728,3145728,0.0
dissertation/data/processed/iddaw_masks/train/RAIN/gtSeg/45/00000082_mask.png,train,rain,False,0,3145716,3145728,0.0
dissertation/data/processed/iddaw_masks/train/RAIN/gtSeg/45/00000029_mask.png,train,rain,False,0,3145728,3145728,0.0
dissertation/data/processed/iddaw_masks/train/RAIN/gtSeg/45/00000075_mask.png,train,rain,False,0,3145700,3145728,0.0
dissertation/data/processed/iddaw_masks/train/RAIN/gtSeg/45/00000057_mask.png,train,rain,False,0,3145728,3145728,0.0
dissertation/data/processed/iddaw_masks/train/RAIN/gtSeg/45/00000017_mask.png,train,rain,False,0,3145695,3145728,0.0
dissertation/data/processed/iddaw_masks/train/RAIN/gtSeg/45/00000083_mask.png,train,rain,False,0,3145196,3145728,0.0
dissertation/data/processed/iddaw_masks/train/RAIN/gtSeg/45/00000069_mask.png,train,rain,False,0,3145728,3145728,0.0
dissertation/data/processed/iddaw_masks/train/RAIN/gtSeg/45/00000024_mask.png,train,rain,False,0,3145728,3145728,0.0
dissertation/data/processed/iddaw_masks/train/RAIN/gtSeg/45/00000102_mask.png,train,rain,False,0,3145728,3145728,0.0
dissertation/data/processed/iddaw_masks/train/RAIN/gtSeg/45/00000021_mask.png,train,rain,False,0,3145725,3145728,0.0
dissertation/data/processed/iddaw_masks/train/RAIN/gtSeg/45/00000079_mask.png,train,rain,False,0,3145690,3145728,0.0
dissertation/data/processed/iddaw_masks/train/RAIN/gtSeg/45/00000035_mask.png,train,rain,False,0,3145728,3145728,0.0
dissertation/data/processed/iddaw_masks/train/RAIN/gtSeg/45/00000093_mask.png,train,rain,False,0,3145728,3145728,0.0
dissertation/data/processed/iddaw_masks/train/RAIN/gtSeg/45/00000011_mask.png,train,rain,False,0,3145728,3145728,0.0
dissertation/data/processed/iddaw_masks/train/RAIN/gtSeg/45/00000000_mask.png,train,rain,False,0,3145721,3145728,0.0
dissertation/data/processed/iddaw_masks/train/RAIN/gtSeg/45/00000072_mask.png,train,rain,False,0,3145728,3145728,0.0
dissertation/data/processed/iddaw_masks/train/RAIN/gtSeg/45/00000010_mask.png,train,rain,False,0,3145706,3145728,0.0
dissertation/data/processed/iddaw_masks/train/RAIN/gtSeg/45/00000019_mask.png,train,rain,False,0,3145641,3145728,0.0
dissertation/data/processed/iddaw_masks/train/RAIN/gtSeg/45/00000005_mask.png,train,rain,False,0,3145727,3145728,0.0
dissertation/data/processed/iddaw_masks/train/RAIN/gtSeg/45/00000077_mask.png,train,rain,False,0,3144667,3145728,0.0
dissertation/data/processed/iddaw_masks/train/RAIN/gtSeg/45/00000081_mask.png,train,rain,False,0,3145728,3145728,0.0
dissertation/data/processed/iddaw_masks/train/RAIN/gtSeg/45/00000098_mask.png,train,rain,False,0,3145722,3145728,0.0
dissertation/data/processed/iddaw_masks/train/RAIN/gtSeg/45/00000094_mask.png,train,rain,False,0,3145728,3145728,0.0
dissertation/data/processed/iddaw_masks/train/RAIN/gtSeg/45/00000065_mask.png,train,rain,False,0,3145728,3145728,0.0
dissertation/data/processed/iddaw_masks/train/RAIN/gtSeg/45/00000074_mask.png,train,rain,False,0,3145727,3145728,0.0
dissertation/data/processed/iddaw_masks/train/RAIN/gtSeg/45/00000043_mask.png,train,rain,False,0,3145728,3145728,0.0
dissertation/data/processed/iddaw_masks/train/RAIN/gtSeg/45/00000059_mask.png,train,rain,False,0,3145728,3145728,0.0
dissertation/data/processed/iddaw_masks/train/RAIN/gtSeg/45/00000100_mask.png,train,rain,False,0,3145366,3145728,0.0
dissertation/data/processed/iddaw_masks/train/RAIN/gtSeg/45/00000007_mask.png,train,rain,False,0,3145728,3145728,0.0
dissertation/data/processed/iddaw_masks/train/RAIN/gtSeg/45/00000080_mask.png,train,rain,False,0,3144945,3145728,0.0
dissertation/data/processed/iddaw_masks/train/RAIN/gtSeg/45/00000086_mask.png,train,rain,False,0,3145615,3145728,0.0
dissertation/data/processed/iddaw_masks/train/RAIN/gtSeg/45/00000066_mask.png,train,rain,False,0,3145728,3145728,0.0
dissertation/data/processed/iddaw_masks/train/RAIN/gtSeg/45/00000047_mask.png,train,rain,False,0,3145728,3145728,0.0
dissertation/data/processed/iddaw_masks/train/RAIN/gtSeg/45/00000027_mask.png,train,rain,False,0,3145728,3145728,0.0
dissertation/data/processed/iddaw_masks/train/RAIN/gtSeg/45/00000023_mask.png,train,rain,False,0,3145728,3145728,0.0
dissertation/data/processed/iddaw_masks/train/RAIN/gtSeg/45/00000099_mask.png,train,rain,False,0,3145728,3145728,0.0
dissertation/data/processed/iddaw_masks/train/RAIN/gtSeg/45/00000084_mask.png,train,rain,False,0,3145728,3145728,0.0
dissertation/data/processed/iddaw_masks/train/RAIN/gtSeg/45/00000095_mask.png,train,rain,False,0,3145728,3145728,0.0
dissertation/data/processed/iddaw_masks/train/RAIN/gtSeg/45/00000040_mask.png,train,rain,False,0,3145244,3145728,0.0
dissertation/data/processed/iddaw_masks/train/RAIN/gtSeg/45/00000022_mask.png,train,rain,False,0,3145728,3145728,0.0
dissertation/data/processed/iddaw_masks/train/RAIN/gtSeg/45/00000015_mask.png,train,rain,False,0,3145377,3145728,0.0
dissertation/data/processed/iddaw_masks/train/RAIN/gtSeg/45/00000044_mask.png,train,rain,False,0,3144788,3145728,0.0
dissertation/data/processed/iddaw_masks/train/RAIN/gtSeg/45/00000085_mask.png,train,rain,False,0,3145728,3145728,0.0
dissertation/data/processed/iddaw_masks/train/RAIN/gtSeg/45/00000012_mask.png,train,rain,False,0,3144904,3145728,0.0
dissertation/data/processed/iddaw_masks/train/RAIN/gtSeg/45/00000001_mask.png,train,rain,False,0,3145728,3145728,0.0
dissertation/data/processed/iddaw_masks/train/RAIN/gtSeg/45/00000107_mask.png,train,rain,False,0,3145660,3145728,0.0
dissertation/data/processed/iddaw_masks/train/RAIN/gtSeg/45/00000006_mask.png,train,rain,False,0,3145728,3145728,0.0
dissertation/data/processed/iddaw_masks/train/RAIN/gtSeg/45/00000105_mask.png,train,rain,False,0,3145606,3145728,0.0
dissertation/data/processed/iddaw_masks/train/RAIN/gtSeg/45/00000073_mask.png,train,rain,False,0,3145728,3145728,0.0
dissertation/data/processed/iddaw_masks/train/RAIN/gtSeg/45/00000101_mask.png,train,rain,False,0,3143604,3145728,0.0
dissertation/data/processed/iddaw_masks/train/RAIN/gtSeg/45/00000087_mask.png,train,rain,False,0,3145585,3145728,0.0
dissertation/data/processed/iddaw_masks/train/RAIN/gtSeg/45/00000048_mask.png,train,rain,False,0,3145728,3145728,0.0
dissertation/data/processed/iddaw_masks/train/RAIN/gtSeg/45/00000030_mask.png,train,rain,False,0,3145728,3145728,0.0
dissertation/data/processed/iddaw_masks/train/RAIN/gtSeg/45/00000031_mask.png,train,rain,False,0,3141630,3145728,0.0
dissertation/data/processed/iddaw_masks/train/RAIN/gtSeg/45/00000033_mask.png,train,rain,False,0,3143679,3145728,0.0
dissertation/data/processed/iddaw_masks/train/RAIN/gtSeg/45/00000076_mask.png,train,rain,False,0,3145716,3145728,0.0
dissertation/data/processed/iddaw_masks/train/RAIN/gtSeg/45/00000108_mask.png,train,rain,False,0,3145728,3145728,0.0
dissertation/data/processed/iddaw_masks/train/RAIN/gtSeg/45/00000064_mask.png,train,rain,False,0,3145728,3145728,0.0
dissertation/data/processed/iddaw_masks/train/RAIN/gtSeg/45/00000055_mask.png,train,rain,False,0,3145694,3145728,0.0
dissertation/data/processed/iddaw_masks/train/RAIN/gtSeg/45/00000028_mask.png,train,rain,False,0,3141638,3145728,0.0
dissertation/data/processed/iddaw_masks/train/RAIN/gtSeg/45/00000039_mask.png,train,rain,False,0,3145534,3145728,0.0
dissertation/data/processed/iddaw_masks/train/RAIN/gtSeg/45/00000089_mask.png,train,rain,False,0,3145711,3145728,0.0
dissertation/data/processed/iddaw_masks/train/RAIN/gtSeg/45/00000096_mask.png,train,rain,False,0,3144627,3145728,0.0
dissertation/data/processed/iddaw_masks/train/RAIN/gtSeg/45/00000038_mask.png,train,rain,False,0,3145728,3145728,0.0
dissertation/data/processed/iddaw_masks/train/RAIN/gtSeg/45/00000062_mask.png,train,rain,False,0,3145728,3145728,0.0
dissertation/data/processed/iddaw_masks/train/RAIN/gtSeg/45/00000052_mask.png,train,rain,False,0,3145657,3145728,0.0
dissertation/data/processed/iddaw_masks/train/RAIN/gtSeg/45/00000051_mask.png,train,rain,False,0,3141294,3145728,0.0
dissertation/data/processed/iddaw_masks/train/RAIN/gtSeg/45/00000106_mask.png,train,rain,False,0,3145718,3145728,0.0
dissertation/data/processed/iddaw_masks/train/RAIN/gtSeg/45/00000037_mask.png,train,rain,False,0,3145728,3145728,0.0
dissertation/data/processed/iddaw_masks/train/RAIN/gtSeg/45/00000009_mask.png,train,rain,False,0,3145728,3145728,0.0
dissertation/data/processed/iddaw_masks/train/RAIN/gtSeg/45/00000042_mask.png,train,rain,False,0,3145728,3145728,0.0
dissertation/data/processed/iddaw_masks/train/RAIN/gtSeg/45/00000054_mask.png,train,rain,False,0,3145728,3145728,0.0
dissertation/data/processed/iddaw_masks/train/RAIN/gtSeg/45/00000063_mask.png,train,rain,False,0,3145718,3145728,0.0
dissertation/data/processed/iddaw_masks/train/RAIN/gtSeg/45/00000071_mask.png,train,rain,False,0,3145728,3145728,0.0
dissertation/data/processed/iddaw_masks/train/RAIN/gtSeg/45/00000109_mask.png,train,rain,False,0,3145430,3145728,0.0
dissertation/data/processed/iddaw_masks/train/RAIN/gtSeg/45/00000020_mask.png,train,rain,False,0,3145629,3145728,0.0
dissertation/data/processed/iddaw_masks/train/RAIN/gtSeg/45/00000058_mask.png,train,rain,False,0,3145728,3145728,0.0
dissertation/data/processed/iddaw_masks/train/RAIN/gtSeg/45/00000078_mask.png,train,rain,False,0,3145665,3145728,0.0
dissertation/data/processed/iddaw_masks/train/RAIN/gtSeg/45/00000056_mask.png,train,rain,False,0,3145698,3145728,0.0
dissertation/data/processed/iddaw_masks/train/RAIN/gtSeg/45/00000046_mask.png,train,rain,False,0,3142168,3145728,0.0
dissertation/data/processed/iddaw_masks/train/RAIN/gtSeg/45/00000067_mask.png,train,rain,False,0,3145728,3145728,0.0
dissertation/data/processed/iddaw_masks/train/RAIN/gtSeg/45/00000016_mask.png,train,rain,False,0,3143801,3145728,0.0
dissertation/data/processed/iddaw_masks/train/RAIN/gtSeg/45/00000061_mask.png,train,rain,False,0,3145728,3145728,0.0
dissertation/data/processed/iddaw_masks/train/RAIN/gtSeg/45/00000036_mask.png,train,rain,False,0,3145280,3145728,0.0
dissertation/data/processed/iddaw_masks/train/RAIN/gtSeg/45/00000026_mask.png,train,rain,False,0,3145728,3145728,0.0
dissertation/data/processed/iddaw_masks/train/RAIN/gtSeg/45/00000045_mask.png,train,rain,False,0,3144788,3145728,0.0
dissertation/data/processed/iddaw_masks/train/RAIN/gtSeg/45/00000041_mask.png,train,rain,False,0,3145728,3145728,0.0
dissertation/data/processed/iddaw_masks/train/RAIN/gtSeg/45/00000104_mask.png,train,rain,False,0,3145460,3145728,0.0
dissertation/data/processed/iddaw_masks/train/RAIN/gtSeg/45/00000004_mask.png,train,rain,False,0,3145728,3145728,0.0
dissertation/data/processed/iddaw_masks/train/RAIN/gtSeg/45/00000025_mask.png,train,rain,False,0,3145728,3145728,0.0
dissertation/data/processed/iddaw_masks/train/RAIN/gtSeg/45/00000092_mask.png,train,rain,False,0,3145728,3145728,0.0
dissertation/data/processed/iddaw_masks/train/RAIN/gtSeg/45/00000008_mask.png,train,rain,False,0,3145728,3145728,0.0
dissertation/data/processed/iddaw_masks/train/RAIN/gtSeg/45/00000070_mask.png,train,rain,False,0,3145728,3145728,0.0
dissertation/data/processed/iddaw_masks/train/RAIN/gtSeg/45/00000088_mask.png,train,rain,False,0,3145721,3145728,0.0
dissertation/data/processed/iddaw_masks/train/RAIN/gtSeg/45/00000090_mask.png,train,rain,False,0,3145659,3145728,0.0
dissertation/data/processed/iddaw_masks/train/RAIN/gtSeg/45/00000060_mask.png,train,rain,False,0,3145728,3145728,0.0
dissertation/data/processed/iddaw_masks/train/RAIN/gtSeg/45/00000014_mask.png,train,rain,False,0,3144102,3145728,0.0
dissertation/data/processed/iddaw_masks/train/RAIN/gtSeg/45/00000032_mask.png,train,rain,False,0,3145728,3145728,0.0
dissertation/data/processed/iddaw_masks/train/RAIN/gtSeg/45/00000053_mask.png,train,rain,False,0,3145728,3145728,0.0
dissertation/data/processed/iddaw_masks/train/RAIN/gtSeg/45/00000003_mask.png,train,rain,False,0,3145728,3145728,0.0
dissertation/data/processed/iddaw_masks/train/RAIN/gtSeg/1/00000000_mask.png,train,rain,False,0,3145568,3145728,0.0
dissertation/data/processed/iddaw_masks/train/RAIN/gtSeg/1/00000001_mask.png,train,rain,False,0,3145709,3145728,0.0
dissertation/data/processed/iddaw_masks/train/RAIN/gtSeg/29/00000002_mask.png,train,rain,False,0,3145698,3145728,0.0
dissertation/data/processed/iddaw_masks/train/RAIN/gtSeg/29/00000013_mask.png,train,rain,False,0,3145723,3145728,0.0
dissertation/data/processed/iddaw_masks/train/RAIN/gtSeg/29/00000018_mask.png,train,rain,False,0,3145503,3145728,0.0
dissertation/data/processed/iddaw_masks/train/RAIN/gtSeg/29/00000017_mask.png,train,rain,False,0,3145722,3145728,0.0
dissertation/data/processed/iddaw_masks/train/RAIN/gtSeg/29/00000011_mask.png,train,rain,False,0,3145728,3145728,0.0
dissertation/data/processed/iddaw_masks/train/RAIN/gtSeg/29/00000000_mask.png,train,rain,False,0,3145728,3145728,0.0
dissertation/data/processed/iddaw_masks/train/RAIN/gtSeg/29/00000010_mask.png,train,rain,False,0,3145728,3145728,0.0
dissertation/data/processed/iddaw_masks/train/RAIN/gtSeg/29/00000019_mask.png,train,rain,False,0,3145718,3145728,0.0
dissertation/data/processed/iddaw_masks/train/RAIN/gtSeg/29/00000005_mask.png,train,rain,False,0,3145728,3145728,0.0
dissertation/data/processed/iddaw_masks/train/RAIN/gtSeg/29/00000007_mask.png,train,rain,False,0,3143545,3145728,0.0
dissertation/data/processed/iddaw_masks/train/RAIN/gtSeg/29/00000015_mask.png,train,rain,False,0,3145688,3145728,0.0
dissertation/data/processed/iddaw_masks/train/RAIN/gtSeg/29/00000012_mask.png,train,rain,False,0,3145724,3145728,0.0
dissertation/data/processed/iddaw_masks/train/RAIN/gtSeg/29/00000001_mask.png,train,rain,False,0,3145728,3145728,0.0
dissertation/data/processed/iddaw_masks/train/RAIN/gtSeg/29/00000006_mask.png,train,rain,True,6665,3145728,3145728,0.0021187464396158853
dissertation/data/processed/iddaw_masks/train/RAIN/gtSeg/29/00000009_mask.png,train,rain,False,0,3145726,3145728,0.0
dissertation/data/processed/iddaw_masks/train/RAIN/gtSeg/29/00000016_mask.png,train,rain,False,0,3145728,3145728,0.0
dissertation/data/processed/iddaw_masks/train/RAIN/gtSeg/29/00000004_mask.png,train,rain,False,0,3145698,3145728,0.0
dissertation/data/processed/iddaw_masks/train/RAIN/gtSeg/29/00000008_mask.png,train,rain,False,0,3145728,3145728,0.0
dissertation/data/processed/iddaw_masks/train/RAIN/gtSeg/29/00000014_mask.png,train,rain,False,0,3145707,3145728,0.0
dissertation/data/processed/iddaw_masks/train/RAIN/gtSeg/29/00000003_mask.png,train,rain,False,0,3145472,3145728,0.0
dissertation/data/processed/iddaw_masks/train/RAIN/gtSeg/7/00000002_mask.png,train,rain,False,0,3145674,3145728,0.0
dissertation/data/processed/iddaw_masks/train/RAIN/gtSeg/7/00000034_mask.png,train,rain,False,0,3145728,3145728,0.0
dissertation/data/processed/iddaw_masks/train/RAIN/gtSeg/7/00000013_mask.png,train,rain,False,0,3145705,3145728,0.0
dissertation/data/processed/iddaw_masks/train/RAIN/gtSeg/7/00000049_mask.png,train,rain,False,0,3145708,3145728,0.0
dissertation/data/processed/iddaw_masks/train/RAIN/gtSeg/7/00000018_mask.png,train,rain,False,0,3145695,3145728,0.0
dissertation/data/processed/iddaw_masks/train/RAIN/gtSeg/7/00000050_mask.png,train,rain,False,0,3145697,3145728,0.0
dissertation/data/processed/iddaw_masks/train/RAIN/gtSeg/7/00000029_mask.png,train,rain,False,0,3145728,3145728,0.0
dissertation/data/processed/iddaw_masks/train/RAIN/gtSeg/7/00000057_mask.png,train,rain,False,0,3145403,3145728,0.0
dissertation/data/processed/iddaw_masks/train/RAIN/gtSeg/7/00000017_mask.png,train,rain,False,0,3145718,3145728,0.0
dissertation/data/processed/iddaw_masks/train/RAIN/gtSeg/7/00000024_mask.png,train,rain,False,0,3145668,3145728,0.0
dissertation/data/processed/iddaw_masks/train/RAIN/gtSeg/7/00000021_mask.png,train,rain,False,0,3145596,3145728,0.0
dissertation/data/processed/iddaw_masks/train/RAIN/gtSeg/7/00000035_mask.png,train,rain,False,0,3145728,3145728,0.0
dissertation/data/processed/iddaw_masks/train/RAIN/gtSeg/7/00000011_mask.png,train,rain,False,0,3145728,3145728,0.0
dissertation/data/processed/iddaw_masks/train/RAIN/gtSeg/7/00000000_mask.png,train,rain,False,0,3145023,3145728,0.0
dissertation/data/processed/iddaw_masks/train/RAIN/gtSeg/7/00000010_mask.png,train,rain,False,0,3145680,3145728,0.0
dissertation/data/processed/iddaw_masks/train/RAIN/gtSeg/7/00000019_mask.png,train,rain,False,0,3145728,3145728,0.0
dissertation/data/processed/iddaw_masks/train/RAIN/gtSeg/7/00000005_mask.png,train,rain,False,0,3145581,3145728,0.0
dissertation/data/processed/iddaw_masks/train/RAIN/gtSeg/7/00000043_mask.png,train,rain,False,0,3145715,3145728,0.0
dissertation/data/processed/iddaw_masks/train/RAIN/gtSeg/7/00000059_mask.png,train,rain,False,0,3145728,3145728,0.0
dissertation/data/processed/iddaw_masks/train/RAIN/gtSeg/7/00000007_mask.png,train,rain,False,0,3145185,3145728,0.0
dissertation/data/processed/iddaw_masks/train/RAIN/gtSeg/7/00000047_mask.png,train,rain,False,0,3145728,3145728,0.0
dissertation/data/processed/iddaw_masks/train/RAIN/gtSeg/7/00000027_mask.png,train,rain,False,0,3145728,3145728,0.0
dissertation/data/processed/iddaw_masks/train/RAIN/gtSeg/7/00000023_mask.png,train,rain,False,0,3145728,3145728,0.0
dissertation/data/processed/iddaw_masks/train/RAIN/gtSeg/7/00000040_mask.png,train,rain,False,0,3145728,3145728,0.0
dissertation/data/processed/iddaw_masks/train/RAIN/gtSeg/7/00000022_mask.png,train,rain,False,0,3145728,3145728,0.0
dissertation/data/processed/iddaw_masks/train/RAIN/gtSeg/7/00000015_mask.png,train,rain,False,0,3145728,3145728,0.0
dissertation/data/processed/iddaw_masks/train/RAIN/gtSeg/7/00000044_mask.png,train,rain,False,0,3145698,3145728,0.0
dissertation/data/processed/iddaw_masks/train/RAIN/gtSeg/7/00000012_mask.png,train,rain,False,0,3145728,3145728,0.0
dissertation/data/processed/iddaw_masks/train/RAIN/gtSeg/7/00000001_mask.png,train,rain,False,0,3145728,3145728,0.0
dissertation/data/processed/iddaw_masks/train/RAIN/gtSeg/7/00000006_mask.png,train,rain,False,0,3145724,3145728,0.0
dissertation/data/processed/iddaw_masks/train/RAIN/gtSeg/7/00000048_mask.png,train,rain,False,0,3144800,3145728,0.0
dissertation/data/processed/iddaw_masks/train/RAIN/gtSeg/7/00000030_mask.png,train,rain,False,0,3145720,3145728,0.0
dissertation/data/processed/iddaw_masks/train/RAIN/gtSeg/7/00000031_mask.png,train,rain,True,4431,3145635,3145728,0.0014086186095971084
dissertation/data/processed/iddaw_masks/train/RAIN/gtSeg/7/00000033_mask.png,train,rain,False,0,3145728,3145728,0.0
dissertation/data/processed/iddaw_masks/train/RAIN/gtSeg/7/00000055_mask.png,train,rain,False,0,3145728,3145728,0.0
dissertation/data/processed/iddaw_masks/train/RAIN/gtSeg/7/00000028_mask.png,train,rain,False,0,3145728,3145728,0.0
dissertation/data/processed/iddaw_masks/train/RAIN/gtSeg/7/00000039_mask.png,train,rain,False,0,3145728,3145728,0.0
dissertation/data/processed/iddaw_masks/train/RAIN/gtSeg/7/00000038_mask.png,train,rain,False,0,3145673,3145728,0.0
dissertation/data/processed/iddaw_masks/train/RAIN/gtSeg/7/00000052_mask.png,train,rain,False,0,3145722,3145728,0.0
dissertation/data/processed/iddaw_masks/train/RAIN/gtSeg/7/00000051_mask.png,train,rain,False,0,3145728,3145728,0.0
dissertation/data/processed/iddaw_masks/train/RAIN/gtSeg/7/00000037_mask.png,train,rain,False,0,3145728,3145728,0.0
dissertation/data/processed/iddaw_masks/train/RAIN/gtSeg/7/00000009_mask.png,train,rain,False,0,3145650,3145728,0.0
dissertation/data/processed/iddaw_masks/train/RAIN/gtSeg/7/00000042_mask.png,train,rain,False,0,3145229,3145728,0.0
dissertation/data/processed/iddaw_masks/train/RAIN/gtSeg/7/00000054_mask.png,train,rain,False,0,3145719,3145728,0.0
dissertation/data/processed/iddaw_masks/train/RAIN/gtSeg/7/00000020_mask.png,train,rain,False,0,3145728,3145728,0.0
dissertation/data/processed/iddaw_masks/train/RAIN/gtSeg/7/00000058_mask.png,train,rain,False,0,3145728,3145728,0.0
dissertation/data/processed/iddaw_masks/train/RAIN/gtSeg/7/00000056_mask.png,train,rain,False,0,3145728,3145728,0.0
dissertation/data/processed/iddaw_masks/train/RAIN/gtSeg/7/00000046_mask.png,train,rain,False,0,3141634,3145728,0.0
dissertation/data/processed/iddaw_masks/train/RAIN/gtSeg/7/00000016_mask.png,train,rain,False,0,3145728,3145728,0.0
dissertation/data/processed/iddaw_masks/train/RAIN/gtSeg/7/00000036_mask.png,train,rain,False,0,3145728,3145728,0.0
dissertation/data/processed/iddaw_masks/train/RAIN/gtSeg/7/00000026_mask.png,train,rain,False,0,3145728,3145728,0.0
dissertation/data/processed/iddaw_masks/train/RAIN/gtSeg/7/00000045_mask.png,train,rain,False,0,3145716,3145728,0.0
dissertation/data/processed/iddaw_masks/train/RAIN/gtSeg/7/00000041_mask.png,train,rain,False,0,3143681,3145728,0.0
dissertation/data/processed/iddaw_masks/train/RAIN/gtSeg/7/00000004_mask.png,train,rain,False,0,3141638,3145728,0.0
dissertation/data/processed/iddaw_masks/train/RAIN/gtSeg/7/00000025_mask.png,train,rain,False,0,3145703,3145728,0.0
dissertation/data/processed/iddaw_masks/train/RAIN/gtSeg/7/00000008_mask.png,train,rain,False,0,3145716,3145728,0.0
dissertation/data/processed/iddaw_masks/train/RAIN/gtSeg/7/00000060_mask.png,train,rain,False,0,3145646,3145728,0.0
dissertation/data/processed/iddaw_masks/train/RAIN/gtSeg/7/00000014_mask.png,train,rain,False,0,3145703,3145728,0.0
dissertation/data/processed/iddaw_masks/train/RAIN/gtSeg/7/00000032_mask.png,train,rain,False,0,3145728,3145728,0.0
dissertation/data/processed/iddaw_masks/train/RAIN/gtSeg/7/00000053_mask.png,train,rain,False,0,3145728,3145728,0.0
dissertation/data/processed/iddaw_masks/train/RAIN/gtSeg/7/00000003_mask.png,train,rain,False,0,3145498,3145728,0.0
dissertation/data/processed/iddaw_masks/train/RAIN/gtSeg/32/00000000_mask.png,train,rain,False,0,3143681,3145728,0.0
dissertation/data/processed/iddaw_masks/train/RAIN/gtSeg/32/00000001_mask.png,train,rain,False,0,3143677,3145728,0.0
dissertation/data/processed/iddaw_masks/train/RAIN/gtSeg/33/00000000_mask.png,train,rain,False,0,3143639,3145728,0.0
dissertation/data/processed/iddaw_masks/train/RAIN/gtSeg/33/00000001_mask.png,train,rain,False,0,3145728,3145728,0.0
dissertation/data/processed/iddaw_masks/train/RAIN/gtSeg/31/00000002_mask.png,train,rain,False,0,3145728,3145728,0.0
dissertation/data/processed/iddaw_masks/train/RAIN/gtSeg/31/00000034_mask.png,train,rain,False,0,3145728,3145728,0.0
dissertation/data/processed/iddaw_masks/train/RAIN/gtSeg/31/00000013_mask.png,train,rain,False,0,3141427,3145728,0.0
dissertation/data/processed/iddaw_masks/train/RAIN/gtSeg/31/00000049_mask.png,train,rain,False,0,3145728,3145728,0.0
dissertation/data/processed/iddaw_masks/train/RAIN/gtSeg/31/00000018_mask.png,train,rain,False,0,3145728,3145728,0.0
dissertation/data/processed/iddaw_masks/train/RAIN/gtSeg/31/00000050_mask.png,train,rain,False,0,3145718,3145728,0.0
dissertation/data/processed/iddaw_masks/train/RAIN/gtSeg/31/00000029_mask.png,train,rain,False,0,3145728,3145728,0.0
dissertation/data/processed/iddaw_masks/train/RAIN/gtSeg/31/00000057_mask.png,train,rain,False,0,3145728,3145728,0.0
dissertation/data/processed/iddaw_masks/train/RAIN/gtSeg/31/00000017_mask.png,train,rain,False,0,3145724,3145728,0.0
dissertation/data/processed/iddaw_masks/train/RAIN/gtSeg/31/00000024_mask.png,train,rain,False,0,3145728,3145728,0.0
dissertation/data/processed/iddaw_masks/train/RAIN/gtSeg/31/00000021_mask.png,train,rain,False,0,3145728,3145728,0.0
dissertation/data/processed/iddaw_masks/train/RAIN/gtSeg/31/00000035_mask.png,train,rain,False,0,3145713,3145728,0.0
dissertation/data/processed/iddaw_masks/train/RAIN/gtSeg/31/00000011_mask.png,train,rain,True,140,3145710,3145728,4.450505609226534e-05
dissertation/data/processed/iddaw_masks/train/RAIN/gtSeg/31/00000000_mask.png,train,rain,False,0,3145723,3145728,0.0
dissertation/data/processed/iddaw_masks/train/RAIN/gtSeg/31/00000010_mask.png,train,rain,True,99,3145705,3145728,3.14714825452482e-05
dissertation/data/processed/iddaw_masks/train/RAIN/gtSeg/31/00000019_mask.png,train,rain,False,0,3145728,3145728,0.0
dissertation/data/processed/iddaw_masks/train/RAIN/gtSeg/31/00000005_mask.png,train,rain,False,0,3145574,3145728,0.0
dissertation/data/processed/iddaw_masks/train/RAIN/gtSeg/31/00000043_mask.png,train,rain,False,0,3145391,3145728,0.0
dissertation/data/processed/iddaw_masks/train/RAIN/gtSeg/31/00000059_mask.png,train,rain,False,0,3145725,3145728,0.0
dissertation/data/processed/iddaw_masks/train/RAIN/gtSeg/31/00000007_mask.png,train,rain,False,0,3141634,3145728,0.0
dissertation/data/processed/iddaw_masks/train/RAIN/gtSeg/31/00000047_mask.png,train,rain,False,0,3145642,3145728,0.0
dissertation/data/processed/iddaw_masks/train/RAIN/gtSeg/31/00000027_mask.png,train,rain,False,0,3145217,3145728,0.0
dissertation/data/processed/iddaw_masks/train/RAIN/gtSeg/31/00000023_mask.png,train,rain,False,0,3145724,3145728,0.0
dissertation/data/processed/iddaw_masks/train/RAIN/gtSeg/31/00000040_mask.png,train,rain,False,0,3145657,3145728,0.0
dissertation/data/processed/iddaw_masks/train/RAIN/gtSeg/31/00000022_mask.png,train,rain,False,0,3145728,3145728,0.0
dissertation/data/processed/iddaw_masks/train/RAIN/gtSeg/31/00000015_mask.png,train,rain,False,0,3145703,3145728,0.0
dissertation/data/processed/iddaw_masks/train/RAIN/gtSeg/31/00000044_mask.png,train,rain,False,0,3144505,3145728,0.0
dissertation/data/processed/iddaw_masks/train/RAIN/gtSeg/31/00000012_mask.png,train,rain,False,0,3145728,3145728,0.0
dissertation/data/processed/iddaw_masks/train/RAIN/gtSeg/31/00000001_mask.png,train,rain,False,0,3145709,3145728,0.0
dissertation/data/processed/iddaw_masks/train/RAIN/gtSeg/31/00000006_mask.png,train,rain,False,0,3144748,3145728,0.0
dissertation/data/processed/iddaw_masks/train/RAIN/gtSeg/31/00000048_mask.png,train,rain,False,0,3145647,3145728,0.0
dissertation/data/processed/iddaw_masks/train/RAIN/gtSeg/31/00000030_mask.png,train,rain,False,0,3145697,3145728,0.0
dissertation/data/processed/iddaw_masks/train/RAIN/gtSeg/31/00000031_mask.png,train,rain,False,0,3145692,3145728,0.0
dissertation/data/processed/iddaw_masks/train/RAIN/gtSeg/31/00000033_mask.png,train,rain,False,0,3145555,3145728,0.0
dissertation/data/processed/iddaw_masks/train/RAIN/gtSeg/31/00000055_mask.png,train,rain,False,0,3145728,3145728,0.0
dissertation/data/processed/iddaw_masks/train/RAIN/gtSeg/31/00000028_mask.png,train,rain,False,0,3145728,3145728,0.0
dissertation/data/processed/iddaw_masks/train/RAIN/gtSeg/31/00000039_mask.png,train,rain,False,0,3145728,3145728,0.0
dissertation/data/processed/iddaw_masks/train/RAIN/gtSeg/31/00000038_mask.png,train,rain,False,0,3145656,3145728,0.0
dissertation/data/processed/iddaw_masks/train/RAIN/gtSeg/31/00000062_mask.png,train,rain,False,0,3145684,3145728,0.0
dissertation/data/processed/iddaw_masks/train/RAIN/gtSeg/31/00000052_mask.png,train,rain,False,0,3145650,3145728,0.0
dissertation/data/processed/iddaw_masks/train/RAIN/gtSeg/31/00000051_mask.png,train,rain,False,0,3145728,3145728,0.0
dissertation/data/processed/iddaw_masks/train/RAIN/gtSeg/31/00000037_mask.png,train,rain,False,0,3145728,3145728,0.0
dissertation/data/processed/iddaw_masks/train/RAIN/gtSeg/31/00000009_mask.png,train,rain,False,0,3145561,3145728,0.0
dissertation/data/processed/iddaw_masks/train/RAIN/gtSeg/31/00000042_mask.png,train,rain,False,0,3145728,3145728,0.0
dissertation/data/processed/iddaw_masks/train/RAIN/gtSeg/31/00000054_mask.png,train,rain,False,0,3145726,3145728,0.0
dissertation/data/processed/iddaw_masks/train/RAIN/gtSeg/31/00000020_mask.png,train,rain,False,0,3145728,3145728,0.0
dissertation/data/processed/iddaw_masks/train/RAIN/gtSeg/31/00000058_mask.png,train,rain,False,0,3145728,3145728,0.0
dissertation/data/processed/iddaw_masks/train/RAIN/gtSeg/31/00000056_mask.png,train,rain,False,0,3145726,3145728,0.0
dissertation/data/processed/iddaw_masks/train/RAIN/gtSeg/31/00000046_mask.png,train,rain,False,0,3145719,3145728,0.0
dissertation/data/processed/iddaw_masks/train/RAIN/gtSeg/31/00000016_mask.png,train,rain,False,0,3145713,3145728,0.0
dissertation/data/processed/iddaw_masks/train/RAIN/gtSeg/31/00000061_mask.png,train,rain,False,0,3145726,3145728,0.0
dissertation/data/processed/iddaw_masks/train/RAIN/gtSeg/31/00000036_mask.png,train,rain,False,0,3145712,3145728,0.0
dissertation/data/processed/iddaw_masks/train/RAIN/gtSeg/31/00000026_mask.png,train,rain,False,0,3145712,3145728,0.0
dissertation/data/processed/iddaw_masks/train/RAIN/gtSeg/31/00000045_mask.png,train,rain,False,0,3144804,3145728,0.0
dissertation/data/processed/iddaw_masks/train/RAIN/gtSeg/31/00000041_mask.png,train,rain,False,0,3145728,3145728,0.0
dissertation/data/processed/iddaw_masks/train/RAIN/gtSeg/31/00000004_mask.png,train,rain,False,0,3145434,3145728,0.0
dissertation/data/processed/iddaw_masks/train/RAIN/gtSeg/31/00000025_mask.png,train,rain,False,0,3145688,3145728,0.0
dissertation/data/processed/iddaw_masks/train/RAIN/gtSeg/31/00000008_mask.png,train,rain,False,0,3145728,3145728,0.0
dissertation/data/processed/iddaw_masks/train/RAIN/gtSeg/31/00000060_mask.png,train,rain,False,0,3145703,3145728,0.0
dissertation/data/processed/iddaw_masks/train/RAIN/gtSeg/31/00000014_mask.png,train,rain,False,0,3145616,3145728,0.0
dissertation/data/processed/iddaw_masks/train/RAIN/gtSeg/31/00000032_mask.png,train,rain,False,0,3145666,3145728,0.0
dissertation/data/processed/iddaw_masks/train/RAIN/gtSeg/31/00000053_mask.png,train,rain,False,0,3145712,3145728,0.0
dissertation/data/processed/iddaw_masks/train/RAIN/gtSeg/31/00000003_mask.png,train,rain,True,3012,3145728,3145728,0.000957489013671875
dissertation/data/processed/iddaw_masks/train/RAIN/gtSeg/9/00000000_mask.png,train,rain,False,0,3145197,3145728,0.0
dissertation/data/processed/iddaw_masks/train/RAIN/gtSeg/9/00000001_mask.png,train,rain,False,0,3145617,3145728,0.0
dissertation/data/processed/iddaw_masks/train/SNOW/gtSeg/188/00000002_mask.png,train,snow,False,0,3145728,3145728,0.0
dissertation/data/processed/iddaw_masks/train/SNOW/gtSeg/188/00000013_mask.png,train,snow,False,0,3144890,3145728,0.0
dissertation/data/processed/iddaw_masks/train/SNOW/gtSeg/188/00000018_mask.png,train,snow,False,0,3145672,3145728,0.0
dissertation/data/processed/iddaw_masks/train/SNOW/gtSeg/188/00000029_mask.png,train,snow,False,0,3145624,3145728,0.0
dissertation/data/processed/iddaw_masks/train/SNOW/gtSeg/188/00000017_mask.png,train,snow,False,0,3145728,3145728,0.0
dissertation/data/processed/iddaw_masks/train/SNOW/gtSeg/188/00000024_mask.png,train,snow,False,0,3104043,3145728,0.0
dissertation/data/processed/iddaw_masks/train/SNOW/gtSeg/188/00000021_mask.png,train,snow,False,0,3145642,3145728,0.0
dissertation/data/processed/iddaw_masks/train/SNOW/gtSeg/188/00000011_mask.png,train,snow,False,0,3145246,3145728,0.0
dissertation/data/processed/iddaw_masks/train/SNOW/gtSeg/188/00000000_mask.png,train,snow,False,0,3145459,3145728,0.0
dissertation/data/processed/iddaw_masks/train/SNOW/gtSeg/188/00000010_mask.png,train,snow,False,0,3144936,3145728,0.0
dissertation/data/processed/iddaw_masks/train/SNOW/gtSeg/188/00000019_mask.png,train,snow,False,0,3145707,3145728,0.0
dissertation/data/processed/iddaw_masks/train/SNOW/gtSeg/188/00000005_mask.png,train,snow,False,0,3145728,3145728,0.0
dissertation/data/processed/iddaw_masks/train/SNOW/gtSeg/188/00000007_mask.png,train,snow,False,0,3143467,3145728,0.0
dissertation/data/processed/iddaw_masks/train/SNOW/gtSeg/188/00000027_mask.png,train,snow,False,0,3145436,3145728,0.0
dissertation/data/processed/iddaw_masks/train/SNOW/gtSeg/188/00000023_mask.png,train,snow,False,0,3145728,3145728,0.0
dissertation/data/processed/iddaw_masks/train/SNOW/gtSeg/188/00000022_mask.png,train,snow,False,0,3145713,3145728,0.0
dissertation/data/processed/iddaw_masks/train/SNOW/gtSeg/188/00000015_mask.png,train,snow,False,0,3145728,3145728,0.0
dissertation/data/processed/iddaw_masks/train/SNOW/gtSeg/188/00000012_mask.png,train,snow,False,0,3145665,3145728,0.0
dissertation/data/processed/iddaw_masks/train/SNOW/gtSeg/188/00000001_mask.png,train,snow,False,0,3145590,3145728,0.0
dissertation/data/processed/iddaw_masks/train/SNOW/gtSeg/188/00000006_mask.png,train,snow,False,0,3145727,3145728,0.0
dissertation/data/processed/iddaw_masks/train/SNOW/gtSeg/188/00000030_mask.png,train,snow,False,0,3145723,3145728,0.0
dissertation/data/processed/iddaw_masks/train/SNOW/gtSeg/188/00000031_mask.png,train,snow,False,0,3144994,3145728,0.0
dissertation/data/processed/iddaw_masks/train/SNOW/gtSeg/188/00000028_mask.png,train,snow,False,0,3145380,3145728,0.0
dissertation/data/processed/iddaw_masks/train/SNOW/gtSeg/188/00000009_mask.png,train,snow,False,0,3145697,3145728,0.0
dissertation/data/processed/iddaw_masks/train/SNOW/gtSeg/188/00000020_mask.png,train,snow,False,0,3145305,3145728,0.0
dissertation/data/processed/iddaw_masks/train/SNOW/gtSeg/188/00000016_mask.png,train,snow,False,0,3145726,3145728,0.0
dissertation/data/processed/iddaw_masks/train/SNOW/gtSeg/188/00000026_mask.png,train,snow,False,0,3145551,3145728,0.0
dissertation/data/processed/iddaw_masks/train/SNOW/gtSeg/188/00000004_mask.png,train,snow,False,0,3145701,3145728,0.0
dissertation/data/processed/iddaw_masks/train/SNOW/gtSeg/188/00000025_mask.png,train,snow,False,0,3144952,3145728,0.0
dissertation/data/processed/iddaw_masks/train/SNOW/gtSeg/188/00000008_mask.png,train,snow,False,0,3145690,3145728,0.0
dissertation/data/processed/iddaw_masks/train/SNOW/gtSeg/188/00000014_mask.png,train,snow,False,0,3145709,3145728,0.0
dissertation/data/processed/iddaw_masks/train/SNOW/gtSeg/188/00000032_mask.png,train,snow,False,0,3145607,3145728,0.0
dissertation/data/processed/iddaw_masks/train/SNOW/gtSeg/188/00000003_mask.png,train,snow,False,0,3145728,3145728,0.0
dissertation/data/processed/iddaw_masks/train/SNOW/gtSeg/190/00000002_mask.png,train,snow,False,0,3145728,3145728,0.0
dissertation/data/processed/iddaw_masks/train/SNOW/gtSeg/190/00000034_mask.png,train,snow,False,0,3145728,3145728,0.0
dissertation/data/processed/iddaw_masks/train/SNOW/gtSeg/190/00000013_mask.png,train,snow,False,0,3145127,3145728,0.0
dissertation/data/processed/iddaw_masks/train/SNOW/gtSeg/190/00000018_mask.png,train,snow,False,0,3145728,3145728,0.0
dissertation/data/processed/iddaw_masks/train/SNOW/gtSeg/190/00000029_mask.png,train,snow,False,0,3145724,3145728,0.0
dissertation/data/processed/iddaw_masks/train/SNOW/gtSeg/190/00000017_mask.png,train,snow,False,0,3145614,3145728,0.0
dissertation/data/processed/iddaw_masks/train/SNOW/gtSeg/190/00000024_mask.png,train,snow,False,0,3145485,3145728,0.0
dissertation/data/processed/iddaw_masks/train/SNOW/gtSeg/190/00000021_mask.png,train,snow,False,0,3145728,3145728,0.0
dissertation/data/processed/iddaw_masks/train/SNOW/gtSeg/190/00000035_mask.png,train,snow,False,0,3145410,3145728,0.0
dissertation/data/processed/iddaw_masks/train/SNOW/gtSeg/190/00000011_mask.png,train,snow,False,0,3145308,3145728,0.0
dissertation/data/processed/iddaw_masks/train/SNOW/gtSeg/190/00000000_mask.png,train,snow,False,0,3145728,3145728,0.0
dissertation/data/processed/iddaw_masks/train/SNOW/gtSeg/190/00000010_mask.png,train,snow,False,0,3145728,3145728,0.0
dissertation/data/processed/iddaw_masks/train/SNOW/gtSeg/190/00000019_mask.png,train,snow,False,0,3144570,3145728,0.0
dissertation/data/processed/iddaw_masks/train/SNOW/gtSeg/190/00000005_mask.png,train,snow,False,0,3145728,3145728,0.0
dissertation/data/processed/iddaw_masks/train/SNOW/gtSeg/190/00000043_mask.png,train,snow,False,0,3145694,3145728,0.0
dissertation/data/processed/iddaw_masks/train/SNOW/gtSeg/190/00000007_mask.png,train,snow,False,0,3145728,3145728,0.0
dissertation/data/processed/iddaw_masks/train/SNOW/gtSeg/190/00000047_mask.png,train,snow,False,0,3143910,3145728,0.0
dissertation/data/processed/iddaw_masks/train/SNOW/gtSeg/190/00000027_mask.png,train,snow,False,0,3145728,3145728,0.0
dissertation/data/processed/iddaw_masks/train/SNOW/gtSeg/190/00000023_mask.png,train,snow,False,0,3144958,3145728,0.0
dissertation/data/processed/iddaw_masks/train/SNOW/gtSeg/190/00000040_mask.png,train,snow,False,0,3145088,3145728,0.0
dissertation/data/processed/iddaw_masks/train/SNOW/gtSeg/190/00000022_mask.png,train,snow,False,0,3145505,3145728,0.0
dissertation/data/processed/iddaw_masks/train/SNOW/gtSeg/190/00000015_mask.png,train,snow,False,0,3145539,3145728,0.0
dissertation/data/processed/iddaw_masks/train/SNOW/gtSeg/190/00000044_mask.png,train,snow,False,0,3145160,3145728,0.0
dissertation/data/processed/iddaw_masks/train/SNOW/gtSeg/190/00000012_mask.png,train,snow,False,0,3145728,3145728,0.0
dissertation/data/processed/iddaw_masks/train/SNOW/gtSeg/190/00000001_mask.png,train,snow,False,0,3145728,3145728,0.0
dissertation/data/processed/iddaw_masks/train/SNOW/gtSeg/190/00000006_mask.png,train,snow,False,0,3145699,3145728,0.0
dissertation/data/processed/iddaw_masks/train/SNOW/gtSeg/190/00000030_mask.png,train,snow,False,0,3145471,3145728,0.0
dissertation/data/processed/iddaw_masks/train/SNOW/gtSeg/190/00000031_mask.png,train,snow,False,0,3144201,3145728,0.0
dissertation/data/processed/iddaw_masks/train/SNOW/gtSeg/190/00000033_mask.png,train,snow,False,0,3144968,3145728,0.0
dissertation/data/processed/iddaw_masks/train/SNOW/gtSeg/190/00000028_mask.png,train,snow,False,0,3145699,3145728,0.0
dissertation/data/processed/iddaw_masks/train/SNOW/gtSeg/190/00000039_mask.png,train,snow,False,0,3145728,3145728,0.0
dissertation/data/processed/iddaw_masks/train/SNOW/gtSeg/190/00000038_mask.png,train,snow,False,0,3145728,3145728,0.0
dissertation/data/processed/iddaw_masks/train/SNOW/gtSeg/190/00000037_mask.png,train,snow,False,0,3145717,3145728,0.0
dissertation/data/processed/iddaw_masks/train/SNOW/gtSeg/190/00000009_mask.png,train,snow,False,0,3145728,3145728,0.0
dissertation/data/processed/iddaw_masks/train/SNOW/gtSeg/190/00000042_mask.png,train,snow,False,0,3144841,3145728,0.0
dissertation/data/processed/iddaw_masks/train/SNOW/gtSeg/190/00000020_mask.png,train,snow,False,0,3145728,3145728,0.0
dissertation/data/processed/iddaw_masks/train/SNOW/gtSeg/190/00000046_mask.png,train,snow,False,0,3145695,3145728,0.0
dissertation/data/processed/iddaw_masks/train/SNOW/gtSeg/190/00000016_mask.png,train,snow,False,0,3145648,3145728,0.0
dissertation/data/processed/iddaw_masks/train/SNOW/gtSeg/190/00000036_mask.png,train,snow,False,0,3145728,3145728,0.0
dissertation/data/processed/iddaw_masks/train/SNOW/gtSeg/190/00000026_mask.png,train,snow,False,0,3143587,3145728,0.0
dissertation/data/processed/iddaw_masks/train/SNOW/gtSeg/190/00000045_mask.png,train,snow,False,0,3145521,3145728,0.0
dissertation/data/processed/iddaw_masks/train/SNOW/gtSeg/190/00000041_mask.png,train,snow,False,0,3145576,3145728,0.0
dissertation/data/processed/iddaw_masks/train/SNOW/gtSeg/190/00000004_mask.png,train,snow,False,0,3145587,3145728,0.0
dissertation/data/processed/iddaw_masks/train/SNOW/gtSeg/190/00000025_mask.png,train,snow,False,0,3145728,3145728,0.0
dissertation/data/processed/iddaw_masks/train/SNOW/gtSeg/190/00000008_mask.png,train,snow,False,0,3145309,3145728,0.0
dissertation/data/processed/iddaw_masks/train/SNOW/gtSeg/190/00000014_mask.png,train,snow,False,0,3145727,3145728,0.0
dissertation/data/processed/iddaw_masks/train/SNOW/gtSeg/190/00000032_mask.png,train,snow,False,0,3145722,3145728,0.0
dissertation/data/processed/iddaw_masks/train/SNOW/gtSeg/190/00000003_mask.png,train,snow,False,0,3142193,3145728,0.0
dissertation/data/processed/iddaw_masks/train/SNOW/gtSeg/180/00000002_mask.png,train,snow,False,0,3145728,3145728,0.0
dissertation/data/processed/iddaw_masks/train/SNOW/gtSeg/180/00000000_mask.png,train,snow,False,0,3145728,3145728,0.0
dissertation/data/processed/iddaw_masks/train/SNOW/gtSeg/180/00000005_mask.png,train,snow,False,0,3145728,3145728,0.0
dissertation/data/processed/iddaw_masks/train/SNOW/gtSeg/180/00000001_mask.png,train,snow,False,0,3145681,3145728,0.0
dissertation/data/processed/iddaw_masks/train/SNOW/gtSeg/180/00000004_mask.png,train,snow,False,0,3145716,3145728,0.0
dissertation/data/processed/iddaw_masks/train/SNOW/gtSeg/180/00000003_mask.png,train,snow,False,0,3145728,3145728,0.0
dissertation/data/processed/iddaw_masks/train/SNOW/gtSeg/201/00000002_mask.png,train,snow,False,0,3145701,3145728,0.0
dissertation/data/processed/iddaw_masks/train/SNOW/gtSeg/201/00000000_mask.png,train,snow,False,0,3145339,3145728,0.0
dissertation/data/processed/iddaw_masks/train/SNOW/gtSeg/201/00000001_mask.png,train,snow,False,0,3145428,3145728,0.0
dissertation/data/processed/iddaw_masks/train/SNOW/gtSeg/201/00000004_mask.png,train,snow,False,0,3144943,3145728,0.0
dissertation/data/processed/iddaw_masks/train/SNOW/gtSeg/201/00000003_mask.png,train,snow,False,0,3145606,3145728,0.0
dissertation/data/processed/iddaw_masks/train/SNOW/gtSeg/186/00000002_mask.png,train,snow,False,0,3145672,3145728,0.0
dissertation/data/processed/iddaw_masks/train/SNOW/gtSeg/186/00000034_mask.png,train,snow,False,0,3145648,3145728,0.0
dissertation/data/processed/iddaw_masks/train/SNOW/gtSeg/186/00000013_mask.png,train,snow,False,0,3145725,3145728,0.0
dissertation/data/processed/iddaw_masks/train/SNOW/gtSeg/186/00000049_mask.png,train,snow,False,0,3145728,3145728,0.0
dissertation/data/processed/iddaw_masks/train/SNOW/gtSeg/186/00000018_mask.png,train,snow,False,0,3145214,3145728,0.0
dissertation/data/processed/iddaw_masks/train/SNOW/gtSeg/186/00000050_mask.png,train,snow,False,0,3145728,3145728,0.0
dissertation/data/processed/iddaw_masks/train/SNOW/gtSeg/186/00000029_mask.png,train,snow,False,0,3144934,3145728,0.0
dissertation/data/processed/iddaw_masks/train/SNOW/gtSeg/186/00000017_mask.png,train,snow,False,0,3141624,3145728,0.0
dissertation/data/processed/iddaw_masks/train/SNOW/gtSeg/186/00000024_mask.png,train,snow,False,0,3142811,3145728,0.0
dissertation/data/processed/iddaw_masks/train/SNOW/gtSeg/186/00000021_mask.png,train,snow,False,0,3144973,3145728,0.0
dissertation/data/processed/iddaw_masks/train/SNOW/gtSeg/186/00000035_mask.png,train,snow,False,0,3145655,3145728,0.0
dissertation/data/processed/iddaw_masks/train/SNOW/gtSeg/186/00000011_mask.png,train,snow,False,0,3145728,3145728,0.0
dissertation/data/processed/iddaw_masks/train/SNOW/gtSeg/186/00000000_mask.png,train,snow,False,0,3145728,3145728,0.0
dissertation/data/processed/iddaw_masks/train/SNOW/gtSeg/186/00000010_mask.png,train,snow,False,0,3145320,3145728,0.0
dissertation/data/processed/iddaw_masks/train/SNOW/gtSeg/186/00000019_mask.png,train,snow,False,0,3144827,3145728,0.0
dissertation/data/processed/iddaw_masks/train/SNOW/gtSeg/186/00000005_mask.png,train,snow,False,0,3145651,3145728,0.0
dissertation/data/processed/iddaw_masks/train/SNOW/gtSeg/186/00000043_mask.png,train,snow,False,0,3144981,3145728,0.0
dissertation/data/processed/iddaw_masks/train/SNOW/gtSeg/186/00000007_mask.png,train,snow,False,0,3144386,3145728,0.0
dissertation/data/processed/iddaw_masks/train/SNOW/gtSeg/186/00000047_mask.png,train,snow,False,0,3145728,3145728,0.0
dissertation/data/processed/iddaw_masks/train/SNOW/gtSeg/186/00000027_mask.png,train,snow,False,0,3145591,3145728,0.0
dissertation/data/processed/iddaw_masks/train/SNOW/gtSeg/186/00000023_mask.png,train,snow,False,0,3141780,3145728,0.0
dissertation/data/processed/iddaw_masks/train/SNOW/gtSeg/186/00000040_mask.png,train,snow,False,0,3143952,3145728,0.0
dissertation/data/processed/iddaw_masks/train/SNOW/gtSeg/186/00000022_mask.png,train,snow,False,0,3145698,3145728,0.0
dissertation/data/processed/iddaw_masks/train/SNOW/gtSeg/186/00000015_mask.png,train,snow,False,0,3139535,3145728,0.0
dissertation/data/processed/iddaw_masks/train/SNOW/gtSeg/186/00000044_mask.png,train,snow,False,0,3145682,3145728,0.0
dissertation/data/processed/iddaw_masks/train/SNOW/gtSeg/186/00000012_mask.png,train,snow,False,0,3144846,3145728,0.0
dissertation/data/processed/iddaw_masks/train/SNOW/gtSeg/186/00000001_mask.png,train,snow,False,0,3145644,3145728,0.0
dissertation/data/processed/iddaw_masks/train/SNOW/gtSeg/186/00000006_mask.png,train,snow,False,0,3145069,3145728,0.0
dissertation/data/processed/iddaw_masks/train/SNOW/gtSeg/186/00000048_mask.png,train,snow,False,0,3145724,3145728,0.0
dissertation/data/processed/iddaw_masks/train/SNOW/gtSeg/186/00000030_mask.png,train,snow,False,0,3145324,3145728,0.0
dissertation/data/processed/iddaw_masks/train/SNOW/gtSeg/186/00000031_mask.png,train,snow,False,0,3145446,3145728,0.0
dissertation/data/processed/iddaw_masks/train/SNOW/gtSeg/186/00000033_mask.png,train,snow,False,0,3145564,3145728,0.0
dissertation/data/processed/iddaw_masks/train/SNOW/gtSeg/186/00000028_mask.png,train,snow,False,0,3145703,3145728,0.0
dissertation/data/processed/iddaw_masks/train/SNOW/gtSeg/186/00000039_mask.png,train,snow,False,0,3145659,3145728,0.0
dissertation/data/processed/iddaw_masks/train/SNOW/gtSeg/186/00000038_mask.png,train,snow,False,0,3145638,3145728,0.0
dissertation/data/processed/iddaw_masks/train/SNOW/gtSeg/186/00000037_mask.png,train,snow,False,0,3145586,3145728,0.0
dissertation/data/processed/iddaw_masks/train/SNOW/gtSeg/186/00000009_mask.png,train,snow,False,0,3143576,3145728,0.0
dissertation/data/processed/iddaw_masks/train/SNOW/gtSeg/186/00000042_mask.png,train,snow,False,0,3145693,3145728,0.0
dissertation/data/processed/iddaw_masks/train/SNOW/gtSeg/186/00000020_mask.png,train,snow,False,0,3145212,3145728,0.0
dissertation/data/processed/iddaw_masks/train/SNOW/gtSeg/186/00000046_mask.png,train,snow,False,0,3145728,3145728,0.0
dissertation/data/processed/iddaw_masks/train/SNOW/gtSeg/186/00000016_mask.png,train,snow,False,0,3118208,3145728,0.0
dissertation/data/processed/iddaw_masks/train/SNOW/gtSeg/186/00000036_mask.png,train,snow,False,0,3145713,3145728,0.0
dissertation/data/processed/iddaw_masks/train/SNOW/gtSeg/186/00000026_mask.png,train,snow,False,0,3145658,3145728,0.0
dissertation/data/processed/iddaw_masks/train/SNOW/gtSeg/186/00000045_mask.png,train,snow,False,0,3144198,3145728,0.0
dissertation/data/processed/iddaw_masks/train/SNOW/gtSeg/186/00000041_mask.png,train,snow,False,0,3145490,3145728,0.0
dissertation/data/processed/iddaw_masks/train/SNOW/gtSeg/186/00000004_mask.png,train,snow,False,0,3144538,3145728,0.0
dissertation/data/processed/iddaw_masks/train/SNOW/gtSeg/186/00000025_mask.png,train,snow,False,0,3145682,3145728,0.0
dissertation/data/processed/iddaw_masks/train/SNOW/gtSeg/186/00000008_mask.png,train,snow,False,0,3144462,3145728,0.0
dissertation/data/processed/iddaw_masks/train/SNOW/gtSeg/186/00000014_mask.png,train,snow,False,0,3145154,3145728,0.0
dissertation/data/processed/iddaw_masks/train/SNOW/gtSeg/186/00000032_mask.png,train,snow,False,0,3145721,3145728,0.0
dissertation/data/processed/iddaw_masks/train/SNOW/gtSeg/186/00000003_mask.png,train,snow,False,0,3099225,3145728,0.0
dissertation/data/processed/iddaw_masks/train/SNOW/gtSeg/195/00000002_mask.png,train,snow,False,0,3145690,3145728,0.0
dissertation/data/processed/iddaw_masks/train/SNOW/gtSeg/195/00000013_mask.png,train,snow,False,0,3145714,3145728,0.0
dissertation/data/processed/iddaw_masks/train/SNOW/gtSeg/195/00000018_mask.png,train,snow,False,0,3145646,3145728,0.0
dissertation/data/processed/iddaw_masks/train/SNOW/gtSeg/195/00000017_mask.png,train,snow,False,0,3145728,3145728,0.0
dissertation/data/processed/iddaw_masks/train/SNOW/gtSeg/195/00000011_mask.png,train,snow,False,0,3144975,3145728,0.0
dissertation/data/processed/iddaw_masks/train/SNOW/gtSeg/195/00000000_mask.png,train,snow,False,0,3145547,3145728,0.0
dissertation/data/processed/iddaw_masks/train/SNOW/gtSeg/195/00000010_mask.png,train,snow,False,0,3144106,3145728,0.0
dissertation/data/processed/iddaw_masks/train/SNOW/gtSeg/195/00000019_mask.png,train,snow,False,0,3145717,3145728,0.0
dissertation/data/processed/iddaw_masks/train/SNOW/gtSeg/195/00000005_mask.png,train,snow,False,0,3141003,3145728,0.0
dissertation/data/processed/iddaw_masks/train/SNOW/gtSeg/195/00000007_mask.png,train,snow,False,0,3145720,3145728,0.0
dissertation/data/processed/iddaw_masks/train/SNOW/gtSeg/195/00000015_mask.png,train,snow,False,0,3145709,3145728,0.0
dissertation/data/processed/iddaw_masks/train/SNOW/gtSeg/195/00000012_mask.png,train,snow,False,0,3145728,3145728,0.0
dissertation/data/processed/iddaw_masks/train/SNOW/gtSeg/195/00000001_mask.png,train,snow,False,0,3145694,3145728,0.0
dissertation/data/processed/iddaw_masks/train/SNOW/gtSeg/195/00000006_mask.png,train,snow,False,0,3145725,3145728,0.0
dissertation/data/processed/iddaw_masks/train/SNOW/gtSeg/195/00000009_mask.png,train,snow,False,0,3145728,3145728,0.0
dissertation/data/processed/iddaw_masks/train/SNOW/gtSeg/195/00000020_mask.png,train,snow,False,0,3145665,3145728,0.0
dissertation/data/processed/iddaw_masks/train/SNOW/gtSeg/195/00000016_mask.png,train,snow,False,0,3145728,3145728,0.0
dissertation/data/processed/iddaw_masks/train/SNOW/gtSeg/195/00000004_mask.png,train,snow,False,0,3145720,3145728,0.0
dissertation/data/processed/iddaw_masks/train/SNOW/gtSeg/195/00000008_mask.png,train,snow,False,0,3145107,3145728,0.0
dissertation/data/processed/iddaw_masks/train/SNOW/gtSeg/195/00000014_mask.png,train,snow,False,0,3145559,3145728,0.0
dissertation/data/processed/iddaw_masks/train/SNOW/gtSeg/195/00000003_mask.png,train,snow,False,0,3145706,3145728,0.0
dissertation/data/processed/iddaw_masks/train/SNOW/gtSeg/183/00000130_mask.png,train,snow,False,0,3145358,3145728,0.0
dissertation/data/processed/iddaw_masks/train/SNOW/gtSeg/183/00000097_mask.png,train,snow,False,0,3143282,3145728,0.0
dissertation/data/processed/iddaw_masks/train/SNOW/gtSeg/183/00000002_mask.png,train,snow,False,0,3145300,3145728,0.0
dissertation/data/processed/iddaw_masks/train/SNOW/gtSeg/183/00000034_mask.png,train,snow,False,0,3145642,3145728,0.0
dissertation/data/processed/iddaw_masks/train/SNOW/gtSeg/183/00000013_mask.png,train,snow,False,0,3145728,3145728,0.0
dissertation/data/processed/iddaw_masks/train/SNOW/gtSeg/183/00000068_mask.png,train,snow,False,0,3142788,3145728,0.0
dissertation/data/processed/iddaw_masks/train/SNOW/gtSeg/183/00000049_mask.png,train,snow,False,0,3141884,3145728,0.0
dissertation/data/processed/iddaw_masks/train/SNOW/gtSeg/183/00000018_mask.png,train,snow,False,0,3145728,3145728,0.0
dissertation/data/processed/iddaw_masks/train/SNOW/gtSeg/183/00000050_mask.png,train,snow,False,0,3145615,3145728,0.0
dissertation/data/processed/iddaw_masks/train/SNOW/gtSeg/183/00000091_mask.png,train,snow,False,0,3145329,3145728,0.0
dissertation/data/processed/iddaw_masks/train/SNOW/gtSeg/183/00000103_mask.png,train,snow,False,0,3145593,3145728,0.0
dissertation/data/processed/iddaw_masks/train/SNOW/gtSeg/183/00000082_mask.png,train,snow,False,0,3145307,3145728,0.0
dissertation/data/processed/iddaw_masks/train/SNOW/gtSeg/183/00000163_mask.png,train,snow,False,0,3145726,3145728,0.0
dissertation/data/processed/iddaw_masks/train/SNOW/gtSeg/183/00000029_mask.png,train,snow,False,0,3144337,3145728,0.0
dissertation/data/processed/iddaw_masks/train/SNOW/gtSeg/183/00000075_mask.png,train,snow,False,0,3118913,3145728,0.0
dissertation/data/processed/iddaw_masks/train/SNOW/gtSeg/183/00000156_mask.png,train,snow,False,0,3145716,3145728,0.0
dissertation/data/processed/iddaw_masks/train/SNOW/gtSeg/183/00000057_mask.png,train,snow,False,0,3145467,3145728,0.0
dissertation/data/processed/iddaw_masks/train/SNOW/gtSeg/183/00000140_mask.png,train,snow,False,0,3145636,3145728,0.0
dissertation/data/processed/iddaw_masks/train/SNOW/gtSeg/183/00000017_mask.png,train,snow,False,0,3145728,3145728,0.0
dissertation/data/processed/iddaw_masks/train/SNOW/gtSeg/183/00000083_mask.png,train,snow,False,0,3145728,3145728,0.0
dissertation/data/processed/iddaw_masks/train/SNOW/gtSeg/183/00000145_mask.png,train,snow,False,0,3145593,3145728,0.0
dissertation/data/processed/iddaw_masks/train/SNOW/gtSeg/183/00000115_mask.png,train,snow,False,0,3145728,3145728,0.0
dissertation/data/processed/iddaw_masks/train/SNOW/gtSeg/183/00000161_mask.png,train,snow,False,0,3145715,3145728,0.0
dissertation/data/processed/iddaw_masks/train/SNOW/gtSeg/183/00000148_mask.png,train,snow,False,0,3145524,3145728,0.0
dissertation/data/processed/iddaw_masks/train/SNOW/gtSeg/183/00000069_mask.png,train,snow,False,0,3145658,3145728,0.0
dissertation/data/processed/iddaw_masks/train/SNOW/gtSeg/183/00000146_mask.png,train,snow,False,0,3145420,3145728,0.0
dissertation/data/processed/iddaw_masks/train/SNOW/gtSeg/183/00000024_mask.png,train,snow,False,0,3145724,3145728,0.0
dissertation/data/processed/iddaw_masks/train/SNOW/gtSeg/183/00000162_mask.png,train,snow,False,0,3145279,3145728,0.0
dissertation/data/processed/iddaw_masks/train/SNOW/gtSeg/183/00000102_mask.png,train,snow,False,0,3145678,3145728,0.0
dissertation/data/processed/iddaw_masks/train/SNOW/gtSeg/183/00000159_mask.png,train,snow,False,0,3145711,3145728,0.0
dissertation/data/processed/iddaw_masks/train/SNOW/gtSeg/183/00000123_mask.png,train,snow,False,0,3144288,3145728,0.0
dissertation/data/processed/iddaw_masks/train/SNOW/gtSeg/183/00000021_mask.png,train,snow,False,0,3144483,3145728,0.0
dissertation/data/processed/iddaw_masks/train/SNOW/gtSeg/183/00000116_mask.png,train,snow,False,0,3145724,3145728,0.0
dissertation/data/processed/iddaw_masks/train/SNOW/gtSeg/183/00000079_mask.png,train,snow,False,0,3145728,3145728,0.0
dissertation/data/processed/iddaw_masks/train/SNOW/gtSeg/183/00000035_mask.png,train,snow,False,0,3145639,3145728,0.0
dissertation/data/processed/iddaw_masks/train/SNOW/gtSeg/183/00000093_mask.png,train,snow,False,0,3145598,3145728,0.0
dissertation/data/processed/iddaw_masks/train/SNOW/gtSeg/183/00000011_mask.png,train,snow,False,0,3144576,3145728,0.0
dissertation/data/processed/iddaw_masks/train/SNOW/gtSeg/183/00000000_mask.png,train,snow,False,0,3145728,3145728,0.0
dissertation/data/processed/iddaw_masks/train/SNOW/gtSeg/183/00000129_mask.png,train,snow,False,0,3145651,3145728,0.0
dissertation/data/processed/iddaw_masks/train/SNOW/gtSeg/183/00000072_mask.png,train,snow,False,0,3144675,3145728,0.0
dissertation/data/processed/iddaw_masks/train/SNOW/gtSeg/183/00000010_mask.png,train,snow,False,0,3145728,3145728,0.0
dissertation/data/processed/iddaw_masks/train/SNOW/gtSeg/183/00000158_mask.png,train,snow,False,0,3145728,3145728,0.0
dissertation/data/processed/iddaw_masks/train/SNOW/gtSeg/183/00000019_mask.png,train,snow,False,0,3145728,3145728,0.0
dissertation/data/processed/iddaw_masks/train/SNOW/gtSeg/183/00000005_mask.png,train,snow,False,0,3145719,3145728,0.0
dissertation/data/processed/iddaw_masks/train/SNOW/gtSeg/183/00000077_mask.png,train,snow,False,0,3145728,3145728,0.0
dissertation/data/processed/iddaw_masks/train/SNOW/gtSeg/183/00000081_mask.png,train,snow,False,0,3145563,3145728,0.0
dissertation/data/processed/iddaw_masks/train/SNOW/gtSeg/183/00000134_mask.png,train,snow,False,0,3145683,3145728,0.0
dissertation/data/processed/iddaw_masks/train/SNOW/gtSeg/183/00000139_mask.png,train,snow,False,0,3145724,3145728,0.0
dissertation/data/processed/iddaw_masks/train/SNOW/gtSeg/183/00000098_mask.png,train,snow,False,0,3145567,3145728,0.0
dissertation/data/processed/iddaw_masks/train/SNOW/gtSeg/183/00000094_mask.png,train,snow,False,0,3145645,3145728,0.0
dissertation/data/processed/iddaw_masks/train/SNOW/gtSeg/183/00000065_mask.png,train,snow,False,0,3145003,3145728,0.0
dissertation/data/processed/iddaw_masks/train/SNOW/gtSeg/183/00000121_mask.png,train,snow,False,0,3145700,3145728,0.0
dissertation/data/processed/iddaw_masks/train/SNOW/gtSeg/183/00000136_mask.png,train,snow,False,0,3145686,3145728,0.0
dissertation/data/processed/iddaw_masks/train/SNOW/gtSeg/183/00000143_mask.png,train,snow,False,0,3145604,3145728,0.0
dissertation/data/processed/iddaw_masks/train/SNOW/gtSeg/183/00000074_mask.png,train,snow,False,0,3145506,3145728,0.0
dissertation/data/processed/iddaw_masks/train/SNOW/gtSeg/183/00000124_mask.png,train,snow,False,0,3145419,3145728,0.0
dissertation/data/processed/iddaw_masks/train/SNOW/gtSeg/183/00000043_mask.png,train,snow,False,0,3145726,3145728,0.0
dissertation/data/processed/iddaw_masks/train/SNOW/gtSeg/183/00000059_mask.png,train,snow,False,0,3145691,3145728,0.0
dissertation/data/processed/iddaw_masks/train/SNOW/gtSeg/183/00000144_mask.png,train,snow,False,0,3145708,3145728,0.0
dissertation/data/processed/iddaw_masks/train/SNOW/gtSeg/183/00000119_mask.png,train,snow,False,0,3145728,3145728,0.0
dissertation/data/processed/iddaw_masks/train/SNOW/gtSeg/183/00000100_mask.png,train,snow,False,0,3145669,3145728,0.0
dissertation/data/processed/iddaw_masks/train/SNOW/gtSeg/183/00000007_mask.png,train,snow,False,0,3145692,3145728,0.0
dissertation/data/processed/iddaw_masks/train/SNOW/gtSeg/183/00000080_mask.png,train,snow,False,0,3144509,3145728,0.0
dissertation/data/processed/iddaw_masks/train/SNOW/gtSeg/183/00000086_mask.png,train,snow,False,0,3145600,3145728,0.0
dissertation/data/processed/iddaw_masks/train/SNOW/gtSeg/183/00000066_mask.png,train,snow,False,0,3138828,3145728,0.0
dissertation/data/processed/iddaw_masks/train/SNOW/gtSeg/183/00000047_mask.png,train,snow,False,0,3143971,3145728,0.0
dissertation/data/processed/iddaw_masks/train/SNOW/gtSeg/183/00000027_mask.png,train,snow,False,0,3145728,3145728,0.0
dissertation/data/processed/iddaw_masks/train/SNOW/gtSeg/183/00000023_mask.png,train,snow,False,0,3144732,3145728,0.0
dissertation/data/processed/iddaw_masks/train/SNOW/gtSeg/183/00000165_mask.png,train,snow,False,0,3145269,3145728,0.0
dissertation/data/processed/iddaw_masks/train/SNOW/gtSeg/183/00000157_mask.png,train,snow,False,0,3145707,3145728,0.0
dissertation/data/processed/iddaw_masks/train/SNOW/gtSeg/183/00000099_mask.png,train,snow,False,0,3145323,3145728,0.0
dissertation/data/processed/iddaw_masks/train/SNOW/gtSeg/183/00000084_mask.png,train,snow,False,0,3145727,3145728,0.0
dissertation/data/processed/iddaw_masks/train/SNOW/gtSeg/183/00000095_mask.png,train,snow,False,0,3145588,3145728,0.0
dissertation/data/processed/iddaw_masks/train/SNOW/gtSeg/183/00000154_mask.png,train,snow,False,0,3145366,3145728,0.0
dissertation/data/processed/iddaw_masks/train/SNOW/gtSeg/183/00000040_mask.png,train,snow,False,0,3145716,3145728,0.0
dissertation/data/processed/iddaw_masks/train/SNOW/gtSeg/183/00000114_mask.png,train,snow,False,0,3145566,3145728,0.0
dissertation/data/processed/iddaw_masks/train/SNOW/gtSeg/183/00000022_mask.png,train,snow,False,0,3145728,3145728,0.0
dissertation/data/processed/iddaw_masks/train/SNOW/gtSeg/183/00000015_mask.png,train,snow,False,0,3145183,3145728,0.0
dissertation/data/processed/iddaw_masks/train/SNOW/gtSeg/183/00000155_mask.png,train,snow,False,0,3145676,3145728,0.0
dissertation/data/processed/iddaw_masks/train/SNOW/gtSeg/183/00000044_mask.png,train,snow,False,0,3145682,3145728,0.0
dissertation/data/processed/iddaw_masks/train/SNOW/gtSeg/183/00000122_mask.png,train,snow,False,0,3144573,3145728,0.0
dissertation/data/processed/iddaw_masks/train/SNOW/gtSeg/183/00000085_mask.png,train,snow,False,0,3144984,3145728,0.0
dissertation/data/processed/iddaw_masks/train/SNOW/gtSeg/183/00000012_mask.png,train,snow,False,0,3145713,3145728,0.0
dissertation/data/processed/iddaw_masks/train/SNOW/gtSeg/183/00000001_mask.png,train,snow,False,0,3145711,3145728,0.0
dissertation/data/processed/iddaw_masks/train/SNOW/gtSeg/183/00000160_mask.png,train,snow,False,0,3145420,3145728,0.0
dissertation/data/processed/iddaw_masks/train/SNOW/gtSeg/183/00000151_mask.png,train,snow,False,0,3145688,3145728,0.0
dissertation/data/processed/iddaw_masks/train/SNOW/gtSeg/183/00000107_mask.png,train,snow,False,0,3145659,3145728,0.0
dissertation/data/processed/iddaw_masks/train/SNOW/gtSeg/183/00000006_mask.png,train,snow,False,0,3142580,3145728,0.0
dissertation/data/processed/iddaw_masks/train/SNOW/gtSeg/183/00000120_mask.png,train,snow,False,0,3145523,3145728,0.0
dissertation/data/processed/iddaw_masks/train/SNOW/gtSeg/183/00000105_mask.png,train,snow,False,0,3145663,3145728,0.0
dissertation/data/processed/iddaw_masks/train/SNOW/gtSeg/183/00000073_mask.png,train,snow,False,0,3144092,3145728,0.0
dissertation/data/processed/iddaw_masks/train/SNOW/gtSeg/183/00000110_mask.png,train,snow,False,0,3145683,3145728,0.0
dissertation/data/processed/iddaw_masks/train/SNOW/gtSeg/183/00000150_mask.png,train,snow,False,0,3145728,3145728,0.0
dissertation/data/processed/iddaw_masks/train/SNOW/gtSeg/183/00000137_mask.png,train,snow,False,0,3145680,3145728,0.0
dissertation/data/processed/iddaw_masks/train/SNOW/gtSeg/183/00000101_mask.png,train,snow,False,0,3145463,3145728,0.0
dissertation/data/processed/iddaw_masks/train/SNOW/gtSeg/183/00000131_mask.png,train,snow,False,0,3144935,3145728,0.0
dissertation/data/processed/iddaw_masks/train/SNOW/gtSeg/183/00000087_mask.png,train,snow,False,0,3145656,3145728,0.0
dissertation/data/processed/iddaw_masks/train/SNOW/gtSeg/183/00000048_mask.png,train,snow,False,0,3145728,3145728,0.0
dissertation/data/processed/iddaw_masks/train/SNOW/gtSeg/183/00000030_mask.png,train,snow,False,0,3143633,3145728,0.0
dissertation/data/processed/iddaw_masks/train/SNOW/gtSeg/183/00000031_mask.png,train,snow,False,0,3145417,3145728,0.0
dissertation/data/processed/iddaw_masks/train/SNOW/gtSeg/183/00000125_mask.png,train,snow,False,0,3145728,3145728,0.0
dissertation/data/processed/iddaw_masks/train/SNOW/gtSeg/183/00000033_mask.png,train,snow,False,0,3145690,3145728,0.0
dissertation/data/processed/iddaw_masks/train/SNOW/gtSeg/183/00000076_mask.png,train,snow,False,0,3145280,3145728,0.0
dissertation/data/processed/iddaw_masks/train/SNOW/gtSeg/183/00000108_mask.png,train,snow,False,0,3145728,3145728,0.0
dissertation/data/processed/iddaw_masks/train/SNOW/gtSeg/183/00000064_mask.png,train,snow,False,0,3144468,3145728,0.0
dissertation/data/processed/iddaw_masks/train/SNOW/gtSeg/183/00000055_mask.png,train,snow,False,0,3132558,3145728,0.0
dissertation/data/processed/iddaw_masks/train/SNOW/gtSeg/183/00000028_mask.png,train,snow,False,0,3145728,3145728,0.0
dissertation/data/processed/iddaw_masks/train/SNOW/gtSeg/183/00000039_mask.png,train,snow,False,0,3145701,3145728,0.0
dissertation/data/processed/iddaw_masks/train/SNOW/gtSeg/183/00000089_mask.png,train,snow,False,0,3144515,3145728,0.0
dissertation/data/processed/iddaw_masks/train/SNOW/gtSeg/183/00000096_mask.png,train,snow,False,0,3145585,3145728,0.0
dissertation/data/processed/iddaw_masks/train/SNOW/gtSeg/183/00000166_mask.png,train,snow,False,0,3145728,3145728,0.0
dissertation/data/processed/iddaw_masks/train/SNOW/gtSeg/183/00000038_mask.png,train,snow,False,0,3145533,3145728,0.0
dissertation/data/processed/iddaw_masks/train/SNOW/gtSeg/183/00000062_mask.png,train,snow,False,0,3145465,3145728,0.0
dissertation/data/processed/iddaw_masks/train/SNOW/gtSeg/183/00000052_mask.png,train,snow,False,0,3145658,3145728,0.0
dissertation/data/processed/iddaw_masks/train/SNOW/gtSeg/183/00000051_mask.png,train,snow,False,0,3145543,3145728,0.0
dissertation/data/processed/iddaw_masks/train/SNOW/gtSeg/183/00000106_mask.png,train,snow,False,0,3145643,3145728,0.0
dissertation/data/processed/iddaw_masks/train/SNOW/gtSeg/183/00000037_mask.png,train,snow,False,0,3145728,3145728,0.0
dissertation/data/processed/iddaw_masks/train/SNOW/gtSeg/183/00000147_mask.png,train,snow,False,0,3145728,3145728,0.0
dissertation/data/processed/iddaw_masks/train/SNOW/gtSeg/183/00000009_mask.png,train,snow,False,0,3145721,3145728,0.0
dissertation/data/processed/iddaw_masks/train/SNOW/gtSeg/183/00000042_mask.png,train,snow,False,0,3145728,3145728,0.0
dissertation/data/processed/iddaw_masks/train/SNOW/gtSeg/183/00000054_mask.png,train,snow,False,0,3145694,3145728,0.0
dissertation/data/processed/iddaw_masks/train/SNOW/gtSeg/183/00000063_mask.png,train,snow,False,0,3145728,3145728,0.0
dissertation/data/processed/iddaw_masks/train/SNOW/gtSeg/183/00000071_mask.png,train,snow,False,0,3145478,3145728,0.0
dissertation/data/processed/iddaw_masks/train/SNOW/gtSeg/183/00000109_mask.png,train,snow,False,0,3145688,3145728,0.0
dissertation/data/processed/iddaw_masks/train/SNOW/gtSeg/183/00000133_mask.png,train,snow,False,0,3145441,3145728,0.0
dissertation/data/processed/iddaw_masks/train/SNOW/gtSeg/183/00000126_mask.png,train,snow,False,0,3144246,3145728,0.0
dissertation/data/processed/iddaw_masks/train/SNOW/gtSeg/183/00000153_mask.png,train,snow,False,0,3145429,3145728,0.0
dissertation/data/processed/iddaw_masks/train/SNOW/gtSeg/183/00000138_mask.png,train,snow,False,0,3145693,3145728,0.0
dissertation/data/processed/iddaw_masks/train/SNOW/gtSeg/183/00000152_mask.png,train,snow,False,0,3145228,3145728,0.0
dissertation/data/processed/iddaw_masks/train/SNOW/gtSeg/183/00000141_mask.png,train,snow,False,0,3145719,3145728,0.0
dissertation/data/processed/iddaw_masks/train/SNOW/gtSeg/183/00000112_mask.png,train,snow,False,0,3145728,3145728,0.0
dissertation/data/processed/iddaw_masks/train/SNOW/gtSeg/183/00000020_mask.png,train,snow,False,0,3142907,3145728,0.0
dissertation/data/processed/iddaw_masks/train/SNOW/gtSeg/183/00000058_mask.png,train,snow,False,0,3145402,3145728,0.0
dissertation/data/processed/iddaw_masks/train/SNOW/gtSeg/183/00000078_mask.png,train,snow,False,0,3145671,3145728,0.0
dissertation/data/processed/iddaw_masks/train/SNOW/gtSeg/183/00000056_mask.png,train,snow,False,0,3145501,3145728,0.0
dissertation/data/processed/iddaw_masks/train/SNOW/gtSeg/183/00000046_mask.png,train,snow,False,0,3145713,3145728,0.0
dissertation/data/processed/iddaw_masks/train/SNOW/gtSeg/183/00000067_mask.png,train,snow,False,0,3133045,3145728,0.0
dissertation/data/processed/iddaw_masks/train/SNOW/gtSeg/183/00000016_mask.png,train,snow,False,0,3145638,3145728,0.0
dissertation/data/processed/iddaw_masks/train/SNOW/gtSeg/183/00000061_mask.png,train,snow,False,0,3145333,3145728,0.0
dissertation/data/processed/iddaw_masks/train/SNOW/gtSeg/183/00000127_mask.png,train,snow,False,0,3145295,3145728,0.0
dissertation/data/processed/iddaw_masks/train/SNOW/gtSeg/183/00000036_mask.png,train,snow,False,0,3145714,3145728,0.0
dissertation/data/processed/iddaw_masks/train/SNOW/gtSeg/183/00000026_mask.png,train,snow,False,0,3145542,3145728,0.0
dissertation/data/processed/iddaw_masks/train/SNOW/gtSeg/183/00000142_mask.png,train,snow,False,0,3145728,3145728,0.0
dissertation/data/processed/iddaw_masks/train/SNOW/gtSeg/183/00000045_mask.png,train,snow,False,0,3145656,3145728,0.0
dissertation/data/processed/iddaw_masks/train/SNOW/gtSeg/183/00000041_mask.png,train,snow,False,0,3145728,3145728,0.0
dissertation/data/processed/iddaw_masks/train/SNOW/gtSeg/183/00000104_mask.png,train,snow,False,0,3145345,3145728,0.0
dissertation/data/processed/iddaw_masks/train/SNOW/gtSeg/183/00000004_mask.png,train,snow,False,0,3145728,3145728,0.0
dissertation/data/processed/iddaw_masks/train/SNOW/gtSeg/183/00000111_mask.png,train,snow,False,0,3145648,3145728,0.0
dissertation/data/processed/iddaw_masks/train/SNOW/gtSeg/183/00000117_mask.png,train,snow,False,0,3145602,3145728,0.0
dissertation/data/processed/iddaw_masks/train/SNOW/gtSeg/183/00000164_mask.png,train,snow,False,0,3144061,3145728,0.0
dissertation/data/processed/iddaw_masks/train/SNOW/gtSeg/183/00000113_mask.png,train,snow,False,0,3145728,3145728,0.0
dissertation/data/processed/iddaw_masks/train/SNOW/gtSeg/183/00000025_mask.png,train,snow,False,0,3145548,3145728,0.0
dissertation/data/processed/iddaw_masks/train/SNOW/gtSeg/183/00000092_mask.png,train,snow,False,0,3145680,3145728,0.0
dissertation/data/processed/iddaw_masks/train/SNOW/gtSeg/183/00000008_mask.png,train,snow,False,0,3143726,3145728,0.0
dissertation/data/processed/iddaw_masks/train/SNOW/gtSeg/183/00000135_mask.png,train,snow,False,0,3145708,3145728,0.0
dissertation/data/processed/iddaw_masks/train/SNOW/gtSeg/183/00000070_mask.png,train,snow,False,0,3145666,3145728,0.0
dissertation/data/processed/iddaw_masks/train/SNOW/gtSeg/183/00000088_mask.png,train,snow,False,0,3145257,3145728,0.0
dissertation/data/processed/iddaw_masks/train/SNOW/gtSeg/183/00000118_mask.png,train,snow,False,0,3145728,3145728,0.0
dissertation/data/processed/iddaw_masks/train/SNOW/gtSeg/183/00000090_mask.png,train,snow,False,0,3145586,3145728,0.0
dissertation/data/processed/iddaw_masks/train/SNOW/gtSeg/183/00000132_mask.png,train,snow,False,0,3144263,3145728,0.0
dissertation/data/processed/iddaw_masks/train/SNOW/gtSeg/183/00000060_mask.png,train,snow,False,0,3144705,3145728,0.0
dissertation/data/processed/iddaw_masks/train/SNOW/gtSeg/183/00000014_mask.png,train,snow,False,0,3145691,3145728,0.0
dissertation/data/processed/iddaw_masks/train/SNOW/gtSeg/183/00000032_mask.png,train,snow,False,0,3144668,3145728,0.0
dissertation/data/processed/iddaw_masks/train/SNOW/gtSeg/183/00000053_mask.png,train,snow,False,0,3145308,3145728,0.0
dissertation/data/processed/iddaw_masks/train/SNOW/gtSeg/183/00000128_mask.png,train,snow,False,0,3145728,3145728,0.0
dissertation/data/processed/iddaw_masks/train/SNOW/gtSeg/183/00000003_mask.png,train,snow,False,0,3145728,3145728,0.0
dissertation/data/processed/iddaw_masks/train/SNOW/gtSeg/183/00000149_mask.png,train,snow,False,0,3145053,3145728,0.0
dissertation/data/processed/iddaw_masks/train/SNOW/gtSeg/198/00000097_mask.png,train,snow,False,0,3145728,3145728,0.0
dissertation/data/processed/iddaw_masks/train/SNOW/gtSeg/198/00000002_mask.png,train,snow,False,0,3145376,3145728,0.0
dissertation/data/processed/iddaw_masks/train/SNOW/gtSeg/198/00000034_mask.png,train,snow,False,0,3145728,3145728,0.0
dissertation/data/processed/iddaw_masks/train/SNOW/gtSeg/198/00000013_mask.png,train,snow,False,0,3145728,3145728,0.0
dissertation/data/processed/iddaw_masks/train/SNOW/gtSeg/198/00000068_mask.png,train,snow,False,0,3145451,3145728,0.0
dissertation/data/processed/iddaw_masks/train/SNOW/gtSeg/198/00000049_mask.png,train,snow,False,0,3145728,3145728,0.0
dissertation/data/processed/iddaw_masks/train/SNOW/gtSeg/198/00000018_mask.png,train,snow,False,0,3145455,3145728,0.0
dissertation/data/processed/iddaw_masks/train/SNOW/gtSeg/198/00000050_mask.png,train,snow,False,0,3144968,3145728,0.0
dissertation/data/processed/iddaw_masks/train/SNOW/gtSeg/198/00000091_mask.png,train,snow,False,0,3145229,3145728,0.0
dissertation/data/processed/iddaw_masks/train/SNOW/gtSeg/198/00000082_mask.png,train,snow,False,0,3145728,3145728,0.0
dissertation/data/processed/iddaw_masks/train/SNOW/gtSeg/198/00000029_mask.png,train,snow,False,0,3145728,3145728,0.0
dissertation/data/processed/iddaw_masks/train/SNOW/gtSeg/198/00000075_mask.png,train,snow,False,0,3145728,3145728,0.0
dissertation/data/processed/iddaw_masks/train/SNOW/gtSeg/198/00000057_mask.png,train,snow,False,0,3145728,3145728,0.0
dissertation/data/processed/iddaw_masks/train/SNOW/gtSeg/198/00000017_mask.png,train,snow,False,0,3145728,3145728,0.0
dissertation/data/processed/iddaw_masks/train/SNOW/gtSeg/198/00000083_mask.png,train,snow,False,0,3145705,3145728,0.0
dissertation/data/processed/iddaw_masks/train/SNOW/gtSeg/198/00000069_mask.png,train,snow,False,0,3145728,3145728,0.0
dissertation/data/processed/iddaw_masks/train/SNOW/gtSeg/198/00000024_mask.png,train,snow,False,0,3145728,3145728,0.0
dissertation/data/processed/iddaw_masks/train/SNOW/gtSeg/198/00000021_mask.png,train,snow,False,0,3145728,3145728,0.0
dissertation/data/processed/iddaw_masks/train/SNOW/gtSeg/198/00000079_mask.png,train,snow,False,0,3144972,3145728,0.0
dissertation/data/processed/iddaw_masks/train/SNOW/gtSeg/198/00000035_mask.png,train,snow,False,0,3145728,3145728,0.0
dissertation/data/processed/iddaw_masks/train/SNOW/gtSeg/198/00000093_mask.png,train,snow,False,0,3145728,3145728,0.0
dissertation/data/processed/iddaw_masks/train/SNOW/gtSeg/198/00000011_mask.png,train,snow,False,0,3145692,3145728,0.0
dissertation/data/processed/iddaw_masks/train/SNOW/gtSeg/198/00000000_mask.png,train,snow,False,0,3145714,3145728,0.0
dissertation/data/processed/iddaw_masks/train/SNOW/gtSeg/198/00000072_mask.png,train,snow,False,0,3145250,3145728,0.0
dissertation/data/processed/iddaw_masks/train/SNOW/gtSeg/198/00000010_mask.png,train,snow,False,0,3145596,3145728,0.0
dissertation/data/processed/iddaw_masks/train/SNOW/gtSeg/198/00000019_mask.png,train,snow,False,0,3145692,3145728,0.0
dissertation/data/processed/iddaw_masks/train/SNOW/gtSeg/198/00000005_mask.png,train,snow,False,0,3145698,3145728,0.0
dissertation/data/processed/iddaw_masks/train/SNOW/gtSeg/198/00000077_mask.png,train,snow,False,0,3145690,3145728,0.0
dissertation/data/processed/iddaw_masks/train/SNOW/gtSeg/198/00000081_mask.png,train,snow,False,0,3145583,3145728,0.0
dissertation/data/processed/iddaw_masks/train/SNOW/gtSeg/198/00000094_mask.png,train,snow,False,0,3145728,3145728,0.0
dissertation/data/processed/iddaw_masks/train/SNOW/gtSeg/198/00000065_mask.png,train,snow,False,0,3145714,3145728,0.0
dissertation/data/processed/iddaw_masks/train/SNOW/gtSeg/198/00000074_mask.png,train,snow,False,0,3143478,3145728,0.0
dissertation/data/processed/iddaw_masks/train/SNOW/gtSeg/198/00000043_mask.png,train,snow,False,0,3145710,3145728,0.0
dissertation/data/processed/iddaw_masks/train/SNOW/gtSeg/198/00000059_mask.png,train,snow,False,0,3145728,3145728,0.0
dissertation/data/processed/iddaw_masks/train/SNOW/gtSeg/198/00000007_mask.png,train,snow,False,0,3145728,3145728,0.0
dissertation/data/processed/iddaw_masks/train/SNOW/gtSeg/198/00000080_mask.png,train,snow,False,0,3145680,3145728,0.0
dissertation/data/processed/iddaw_masks/train/SNOW/gtSeg/198/00000086_mask.png,train,snow,False,0,3145236,3145728,0.0
dissertation/data/processed/iddaw_masks/train/SNOW/gtSeg/198/00000066_mask.png,train,snow,False,0,3145728,3145728,0.0
dissertation/data/processed/iddaw_masks/train/SNOW/gtSeg/198/00000047_mask.png,train,snow,False,0,3145724,3145728,0.0
dissertation/data/processed/iddaw_masks/train/SNOW/gtSeg/198/00000027_mask.png,train,snow,False,0,3145693,3145728,0.0
dissertation/data/processed/iddaw_masks/train/SNOW/gtSeg/198/00000023_mask.png,train,snow,False,0,3145578,3145728,0.0
dissertation/data/processed/iddaw_masks/train/SNOW/gtSeg/198/00000084_mask.png,train,snow,False,0,3145728,3145728,0.0
dissertation/data/processed/iddaw_masks/train/SNOW/gtSeg/198/00000095_mask.png,train,snow,False,0,3145728,3145728,0.0
dissertation/data/processed/iddaw_masks/train/SNOW/gtSeg/198/00000040_mask.png,train,snow,False,0,3145728,3145728,0.0
dissertation/data/processed/iddaw_masks/train/SNOW/gtSeg/198/00000022_mask.png,train,snow,False,0,3145694,3145728,0.0
dissertation/data/processed/iddaw_masks/train/SNOW/gtSeg/198/00000015_mask.png,train,snow,False,0,3145722,3145728,0.0
dissertation/data/processed/iddaw_masks/train/SNOW/gtSeg/198/00000044_mask.png,train,snow,False,0,3145721,3145728,0.0
dissertation/data/processed/iddaw_masks/train/SNOW/gtSeg/198/00000085_mask.png,train,snow,False,0,3145727,3145728,0.0
dissertation/data/processed/iddaw_masks/train/SNOW/gtSeg/198/00000012_mask.png,train,snow,False,0,3145522,3145728,0.0
dissertation/data/processed/iddaw_masks/train/SNOW/gtSeg/198/00000001_mask.png,train,snow,False,0,3145728,3145728,0.0
dissertation/data/processed/iddaw_masks/train/SNOW/gtSeg/198/00000006_mask.png,train,snow,False,0,3145719,3145728,0.0
dissertation/data/processed/iddaw_masks/train/SNOW/gtSeg/198/00000073_mask.png,train,snow,False,0,3145728,3145728,0.0
dissertation/data/processed/iddaw_masks/train/SNOW/gtSeg/198/00000087_mask.png,train,snow,False,0,3145673,3145728,0.0
dissertation/data/processed/iddaw_masks/train/SNOW/gtSeg/198/00000048_mask.png,train,snow,False,0,3145728,3145728,0.0
dissertation/data/processed/iddaw_masks/train/SNOW/gtSeg/198/00000030_mask.png,train,snow,False,0,3145728,3145728,0.0
dissertation/data/processed/iddaw_masks/train/SNOW/gtSeg/198/00000031_mask.png,train,snow,False,0,3145728,3145728,0.0
dissertation/data/processed/iddaw_masks/train/SNOW/gtSeg/198/00000033_mask.png,train,snow,False,0,3145728,3145728,0.0
dissertation/data/processed/iddaw_masks/train/SNOW/gtSeg/198/00000076_mask.png,train,snow,False,0,3145638,3145728,0.0
dissertation/data/processed/iddaw_masks/train/SNOW/gtSeg/198/00000064_mask.png,train,snow,False,0,3145539,3145728,0.0
dissertation/data/processed/iddaw_masks/train/SNOW/gtSeg/198/00000055_mask.png,train,snow,False,0,3145664,3145728,0.0
dissertation/data/processed/iddaw_masks/train/SNOW/gtSeg/198/00000028_mask.png,train,snow,False,0,3145452,3145728,0.0
dissertation/data/processed/iddaw_masks/train/SNOW/gtSeg/198/00000039_mask.png,train,snow,False,0,3145717,3145728,0.0
dissertation/data/processed/iddaw_masks/train/SNOW/gtSeg/198/00000089_mask.png,train,snow,False,0,3145430,3145728,0.0
dissertation/data/processed/iddaw_masks/train/SNOW/gtSeg/198/00000096_mask.png,train,snow,False,0,3145467,3145728,0.0
dissertation/data/processed/iddaw_masks/train/SNOW/gtSeg/198/00000038_mask.png,train,snow,False,0,3143966,3145728,0.0
dissertation/data/processed/iddaw_masks/train/SNOW/gtSeg/198/00000062_mask.png,train,snow,False,0,3145728,3145728,0.0
dissertation/data/processed/iddaw_masks/train/SNOW/gtSeg/198/00000052_mask.png,train,snow,False,0,3145641,3145728,0.0
dissertation/data/processed/iddaw_masks/train/SNOW/gtSeg/198/00000051_mask.png,train,snow,False,0,3145728,3145728,0.0
dissertation/data/processed/iddaw_masks/train/SNOW/gtSeg/198/00000037_mask.png,train,snow,False,0,3145726,3145728,0.0
dissertation/data/processed/iddaw_masks/train/SNOW/gtSeg/198/00000009_mask.png,train,snow,False,0,3145643,3145728,0.0
dissertation/data/processed/iddaw_masks/train/SNOW/gtSeg/198/00000042_mask.png,train,snow,False,0,3145728,3145728,0.0
dissertation/data/processed/iddaw_masks/train/SNOW/gtSeg/198/00000054_mask.png,train,snow,False,0,3145728,3145728,0.0
dissertation/data/processed/iddaw_masks/train/SNOW/gtSeg/198/00000063_mask.png,train,snow,False,0,3145366,3145728,0.0
dissertation/data/processed/iddaw_masks/train/SNOW/gtSeg/198/00000071_mask.png,train,snow,False,0,3145722,3145728,0.0
dissertation/data/processed/iddaw_masks/train/SNOW/gtSeg/198/00000020_mask.png,train,snow,False,0,3145644,3145728,0.0
dissertation/data/processed/iddaw_masks/train/SNOW/gtSeg/198/00000058_mask.png,train,snow,False,0,3145672,3145728,0.0
dissertation/data/processed/iddaw_masks/train/SNOW/gtSeg/198/00000078_mask.png,train,snow,False,0,3145596,3145728,0.0
dissertation/data/processed/iddaw_masks/train/SNOW/gtSeg/198/00000056_mask.png,train,snow,False,0,3145728,3145728,0.0
dissertation/data/processed/iddaw_masks/train/SNOW/gtSeg/198/00000046_mask.png,train,snow,False,0,3145728,3145728,0.0
dissertation/data/processed/iddaw_masks/train/SNOW/gtSeg/198/00000067_mask.png,train,snow,False,0,3145247,3145728,0.0
dissertation/data/processed/iddaw_masks/train/SNOW/gtSeg/198/00000016_mask.png,train,snow,False,0,3145715,3145728,0.0
dissertation/data/processed/iddaw_masks/train/SNOW/gtSeg/198/00000061_mask.png,train,snow,False,0,3145728,3145728,0.0
dissertation/data/processed/iddaw_masks/train/SNOW/gtSeg/198/00000036_mask.png,train,snow,False,0,3145728,3145728,0.0
dissertation/data/processed/iddaw_masks/train/SNOW/gtSeg/198/00000026_mask.png,train,snow,False,0,3145728,3145728,0.0
dissertation/data/processed/iddaw_masks/train/SNOW/gtSeg/198/00000045_mask.png,train,snow,False,0,3145728,3145728,0.0
dissertation/data/processed/iddaw_masks/train/SNOW/gtSeg/198/00000041_mask.png,train,snow,False,0,3145728,3145728,0.0
dissertation/data/processed/iddaw_masks/train/SNOW/gtSeg/198/00000004_mask.png,train,snow,False,0,3145728,3145728,0.0
dissertation/data/processed/iddaw_masks/train/SNOW/gtSeg/198/00000025_mask.png,train,snow,False,0,3139756,3145728,0.0
dissertation/data/processed/iddaw_masks/train/SNOW/gtSeg/198/00000092_mask.png,train,snow,False,0,3145728,3145728,0.0
dissertation/data/processed/iddaw_masks/train/SNOW/gtSeg/198/00000008_mask.png,train,snow,False,0,3145728,3145728,0.0
dissertation/data/processed/iddaw_masks/train/SNOW/gtSeg/198/00000070_mask.png,train,snow,False,0,3145728,3145728,0.0
dissertation/data/processed/iddaw_masks/train/SNOW/gtSeg/198/00000088_mask.png,train,snow,False,0,3145728,3145728,0.0
dissertation/data/processed/iddaw_masks/train/SNOW/gtSeg/198/00000090_mask.png,train,snow,False,0,3142677,3145728,0.0
dissertation/data/processed/iddaw_masks/train/SNOW/gtSeg/198/00000060_mask.png,train,snow,False,0,3145728,3145728,0.0
dissertation/data/processed/iddaw_masks/train/SNOW/gtSeg/198/00000014_mask.png,train,snow,False,0,3145728,3145728,0.0
dissertation/data/processed/iddaw_masks/train/SNOW/gtSeg/198/00000032_mask.png,train,snow,False,0,3142820,3145728,0.0
dissertation/data/processed/iddaw_masks/train/SNOW/gtSeg/198/00000053_mask.png,train,snow,False,0,3145717,3145728,0.0
dissertation/data/processed/iddaw_masks/train/SNOW/gtSeg/198/00000003_mask.png,train,snow,False,0,3145715,3145728,0.0
dissertation/data/processed/iddaw_masks/train/SNOW/gtSeg/181/00000000_mask.png,train,snow,False,0,3145728,3145728,0.0
dissertation/data/processed/iddaw_masks/train/SNOW/gtSeg/181/00000001_mask.png,train,snow,False,0,3145728,3145728,0.0
dissertation/data/processed/iddaw_masks/train/SNOW/gtSeg/185/00000002_mask.png,train,snow,False,0,3145722,3145728,0.0
dissertation/data/processed/iddaw_masks/train/SNOW/gtSeg/185/00000034_mask.png,train,snow,False,0,3145326,3145728,0.0
dissertation/data/processed/iddaw_masks/train/SNOW/gtSeg/185/00000013_mask.png,train,snow,False,0,3145536,3145728,0.0
dissertation/data/processed/iddaw_masks/train/SNOW/gtSeg/185/00000018_mask.png,train,snow,False,0,3145693,3145728,0.0
dissertation/data/processed/iddaw_masks/train/SNOW/gtSeg/185/00000029_mask.png,train,snow,False,0,3144409,3145728,0.0
dissertation/data/processed/iddaw_masks/train/SNOW/gtSeg/185/00000017_mask.png,train,snow,False,0,3145654,3145728,0.0
dissertation/data/processed/iddaw_masks/train/SNOW/gtSeg/185/00000024_mask.png,train,snow,False,0,3142687,3145728,0.0
dissertation/data/processed/iddaw_masks/train/SNOW/gtSeg/185/00000021_mask.png,train,snow,False,0,3145382,3145728,0.0
dissertation/data/processed/iddaw_masks/train/SNOW/gtSeg/185/00000035_mask.png,train,snow,False,0,3145728,3145728,0.0
dissertation/data/processed/iddaw_masks/train/SNOW/gtSeg/185/00000011_mask.png,train,snow,False,0,3145310,3145728,0.0
dissertation/data/processed/iddaw_masks/train/SNOW/gtSeg/185/00000000_mask.png,train,snow,False,0,3145652,3145728,0.0
dissertation/data/processed/iddaw_masks/train/SNOW/gtSeg/185/00000010_mask.png,train,snow,False,0,3145728,3145728,0.0
dissertation/data/processed/iddaw_masks/train/SNOW/gtSeg/185/00000019_mask.png,train,snow,False,0,3145696,3145728,0.0
dissertation/data/processed/iddaw_masks/train/SNOW/gtSeg/185/00000005_mask.png,train,snow,False,0,3145723,3145728,0.0
dissertation/data/processed/iddaw_masks/train/SNOW/gtSeg/185/00000007_mask.png,train,snow,False,0,3145707,3145728,0.0
dissertation/data/processed/iddaw_masks/train/SNOW/gtSeg/185/00000027_mask.png,train,snow,False,0,3141246,3145728,0.0
dissertation/data/processed/iddaw_masks/train/SNOW/gtSeg/185/00000023_mask.png,train,snow,False,0,3145351,3145728,0.0
dissertation/data/processed/iddaw_masks/train/SNOW/gtSeg/185/00000022_mask.png,train,snow,False,0,3145728,3145728,0.0
dissertation/data/processed/iddaw_masks/train/SNOW/gtSeg/185/00000015_mask.png,train,snow,False,0,3145728,3145728,0.0
dissertation/data/processed/iddaw_masks/train/SNOW/gtSeg/185/00000012_mask.png,train,snow,False,0,3145709,3145728,0.0
dissertation/data/processed/iddaw_masks/train/SNOW/gtSeg/185/00000001_mask.png,train,snow,False,0,3144488,3145728,0.0
dissertation/data/processed/iddaw_masks/train/SNOW/gtSeg/185/00000006_mask.png,train,snow,False,0,3145705,3145728,0.0
dissertation/data/processed/iddaw_masks/train/SNOW/gtSeg/185/00000030_mask.png,train,snow,False,0,3143693,3145728,0.0
dissertation/data/processed/iddaw_masks/train/SNOW/gtSeg/185/00000031_mask.png,train,snow,False,0,3144282,3145728,0.0
dissertation/data/processed/iddaw_masks/train/SNOW/gtSeg/185/00000033_mask.png,train,snow,False,0,3145619,3145728,0.0
dissertation/data/processed/iddaw_masks/train/SNOW/gtSeg/185/00000028_mask.png,train,snow,False,0,3144665,3145728,0.0
dissertation/data/processed/iddaw_masks/train/SNOW/gtSeg/185/00000009_mask.png,train,snow,False,0,3145550,3145728,0.0
dissertation/data/processed/iddaw_masks/train/SNOW/gtSeg/185/00000020_mask.png,train,snow,False,0,3145631,3145728,0.0
dissertation/data/processed/iddaw_masks/train/SNOW/gtSeg/185/00000016_mask.png,train,snow,False,0,3145290,3145728,0.0
dissertation/data/processed/iddaw_masks/train/SNOW/gtSeg/185/00000026_mask.png,train,snow,False,0,3144613,3145728,0.0
dissertation/data/processed/iddaw_masks/train/SNOW/gtSeg/185/00000004_mask.png,train,snow,False,0,3145232,3145728,0.0
dissertation/data/processed/iddaw_masks/train/SNOW/gtSeg/185/00000025_mask.png,train,snow,False,0,3145728,3145728,0.0
dissertation/data/processed/iddaw_masks/train/SNOW/gtSeg/185/00000008_mask.png,train,snow,False,0,3145728,3145728,0.0
dissertation/data/processed/iddaw_masks/train/SNOW/gtSeg/185/00000014_mask.png,train,snow,False,0,3145057,3145728,0.0
dissertation/data/processed/iddaw_masks/train/SNOW/gtSeg/185/00000032_mask.png,train,snow,False,0,3145652,3145728,0.0
dissertation/data/processed/iddaw_masks/train/SNOW/gtSeg/185/00000003_mask.png,train,snow,False,0,3144486,3145728,0.0
dissertation/data/processed/iddaw_masks/train/SNOW/gtSeg/184/00000002_mask.png,train,snow,False,0,3145209,3145728,0.0
dissertation/data/processed/iddaw_masks/train/SNOW/gtSeg/184/00000034_mask.png,train,snow,False,0,3145416,3145728,0.0
dissertation/data/processed/iddaw_masks/train/SNOW/gtSeg/184/00000013_mask.png,train,snow,False,0,3144887,3145728,0.0
dissertation/data/processed/iddaw_masks/train/SNOW/gtSeg/184/00000068_mask.png,train,snow,False,0,3145728,3145728,0.0
dissertation/data/processed/iddaw_masks/train/SNOW/gtSeg/184/00000049_mask.png,train,snow,False,0,3145116,3145728,0.0
dissertation/data/processed/iddaw_masks/train/SNOW/gtSeg/184/00000018_mask.png,train,snow,False,0,3145728,3145728,0.0
dissertation/data/processed/iddaw_masks/train/SNOW/gtSeg/184/00000050_mask.png,train,snow,False,0,3145728,3145728,0.0
dissertation/data/processed/iddaw_masks/train/SNOW/gtSeg/184/00000091_mask.png,train,snow,False,0,3145712,3145728,0.0
dissertation/data/processed/iddaw_masks/train/SNOW/gtSeg/184/00000082_mask.png,train,snow,False,0,3145702,3145728,0.0
dissertation/data/processed/iddaw_masks/train/SNOW/gtSeg/184/00000029_mask.png,train,snow,False,0,3145728,3145728,0.0
dissertation/data/processed/iddaw_masks/train/SNOW/gtSeg/184/00000075_mask.png,train,snow,False,0,3137789,3145728,0.0
dissertation/data/processed/iddaw_masks/train/SNOW/gtSeg/184/00000057_mask.png,train,snow,False,0,3145728,3145728,0.0
dissertation/data/processed/iddaw_masks/train/SNOW/gtSeg/184/00000017_mask.png,train,snow,False,0,3145486,3145728,0.0
dissertation/data/processed/iddaw_masks/train/SNOW/gtSeg/184/00000083_mask.png,train,snow,True,1896,3145628,3145728,0.0006027413285995674
dissertation/data/processed/iddaw_masks/train/SNOW/gtSeg/184/00000069_mask.png,train,snow,False,0,3145728,3145728,0.0
dissertation/data/processed/iddaw_masks/train/SNOW/gtSeg/184/00000024_mask.png,train,snow,False,0,3145728,3145728,0.0
dissertation/data/processed/iddaw_masks/train/SNOW/gtSeg/184/00000021_mask.png,train,snow,False,0,3145728,3145728,0.0
dissertation/data/processed/iddaw_masks/train/SNOW/gtSeg/184/00000079_mask.png,train,snow,False,0,3145582,3145728,0.0
dissertation/data/processed/iddaw_masks/train/SNOW/gtSeg/184/00000035_mask.png,train,snow,False,0,3143549,3145728,0.0
dissertation/data/processed/iddaw_masks/train/SNOW/gtSeg/184/00000011_mask.png,train,snow,False,0,3145728,3145728,0.0
dissertation/data/processed/iddaw_masks/train/SNOW/gtSeg/184/00000000_mask.png,train,snow,False,0,3144079,3145728,0.0
dissertation/data/processed/iddaw_masks/train/SNOW/gtSeg/184/00000072_mask.png,train,snow,False,0,3142505,3145728,0.0
dissertation/data/processed/iddaw_masks/train/SNOW/gtSeg/184/00000010_mask.png,train,snow,False,0,3145674,3145728,0.0
dissertation/data/processed/iddaw_masks/train/SNOW/gtSeg/184/00000019_mask.png,train,snow,False,0,3145702,3145728,0.0
dissertation/data/processed/iddaw_masks/train/SNOW/gtSeg/184/00000005_mask.png,train,snow,False,0,3145728,3145728,0.0
dissertation/data/processed/iddaw_masks/train/SNOW/gtSeg/184/00000077_mask.png,train,snow,False,0,3143127,3145728,0.0
dissertation/data/processed/iddaw_masks/train/SNOW/gtSeg/184/00000081_mask.png,train,snow,False,0,3145727,3145728,0.0
dissertation/data/processed/iddaw_masks/train/SNOW/gtSeg/184/00000065_mask.png,train,snow,False,0,3145591,3145728,0.0
dissertation/data/processed/iddaw_masks/train/SNOW/gtSeg/184/00000074_mask.png,train,snow,False,0,3145389,3145728,0.0
dissertation/data/processed/iddaw_masks/train/SNOW/gtSeg/184/00000043_mask.png,train,snow,False,0,3145728,3145728,0.0
dissertation/data/processed/iddaw_masks/train/SNOW/gtSeg/184/00000059_mask.png,train,snow,False,0,3144399,3145728,0.0
dissertation/data/processed/iddaw_masks/train/SNOW/gtSeg/184/00000007_mask.png,train,snow,False,0,3145569,3145728,0.0
dissertation/data/processed/iddaw_masks/train/SNOW/gtSeg/184/00000080_mask.png,train,snow,True,677,3145648,3145728,0.00021521797734520837
dissertation/data/processed/iddaw_masks/train/SNOW/gtSeg/184/00000086_mask.png,train,snow,True,7088,3145706,3145728,0.0022532302764466865
dissertation/data/processed/iddaw_masks/train/SNOW/gtSeg/184/00000066_mask.png,train,snow,False,0,3145728,3145728,0.0
dissertation/data/processed/iddaw_masks/train/SNOW/gtSeg/184/00000047_mask.png,train,snow,False,0,3145728,3145728,0.0
dissertation/data/processed/iddaw_masks/train/SNOW/gtSeg/184/00000027_mask.png,train,snow,False,0,3145728,3145728,0.0
dissertation/data/processed/iddaw_masks/train/SNOW/gtSeg/184/00000023_mask.png,train,snow,False,0,3145367,3145728,0.0
dissertation/data/processed/iddaw_masks/train/SNOW/gtSeg/184/00000084_mask.png,train,snow,True,3368,3145587,3145728,0.0010707063578276486
dissertation/data/processed/iddaw_masks/train/SNOW/gtSeg/184/00000040_mask.png,train,snow,False,0,3145728,3145728,0.0
dissertation/data/processed/iddaw_masks/train/SNOW/gtSeg/184/00000022_mask.png,train,snow,False,0,3145673,3145728,0.0
dissertation/data/processed/iddaw_masks/train/SNOW/gtSeg/184/00000015_mask.png,train,snow,False,0,3145728,3145728,0.0
dissertation/data/processed/iddaw_masks/train/SNOW/gtSeg/184/00000044_mask.png,train,snow,False,0,3145726,3145728,0.0
dissertation/data/processed/iddaw_masks/train/SNOW/gtSeg/184/00000085_mask.png,train,snow,False,0,3145728,3145728,0.0
dissertation/data/processed/iddaw_masks/train/SNOW/gtSeg/184/00000012_mask.png,train,snow,False,0,3145578,3145728,0.0
dissertation/data/processed/iddaw_masks/train/SNOW/gtSeg/184/00000001_mask.png,train,snow,False,0,3134005,3145728,0.0
dissertation/data/processed/iddaw_masks/train/SNOW/gtSeg/184/00000006_mask.png,train,snow,False,0,3145635,3145728,0.0
dissertation/data/processed/iddaw_masks/train/SNOW/gtSeg/184/00000073_mask.png,train,snow,False,0,3128755,3145728,0.0
dissertation/data/processed/iddaw_masks/train/SNOW/gtSeg/184/00000087_mask.png,train,snow,False,0,3145673,3145728,0.0
dissertation/data/processed/iddaw_masks/train/SNOW/gtSeg/184/00000048_mask.png,train,snow,False,0,3144595,3145728,0.0
dissertation/data/processed/iddaw_masks/train/SNOW/gtSeg/184/00000030_mask.png,train,snow,False,0,3145723,3145728,0.0
dissertation/data/processed/iddaw_masks/train/SNOW/gtSeg/184/00000031_mask.png,train,snow,False,0,3145728,3145728,0.0
dissertation/data/processed/iddaw_masks/train/SNOW/gtSeg/184/00000033_mask.png,train,snow,False,0,3145728,3145728,0.0
dissertation/data/processed/iddaw_masks/train/SNOW/gtSeg/184/00000076_mask.png,train,snow,False,0,3145724,3145728,0.0
dissertation/data/processed/iddaw_masks/train/SNOW/gtSeg/184/00000064_mask.png,train,snow,False,0,3145728,3145728,0.0
dissertation/data/processed/iddaw_masks/train/SNOW/gtSeg/184/00000055_mask.png,train,snow,False,0,3145728,3145728,0.0
dissertation/data/processed/iddaw_masks/train/SNOW/gtSeg/184/00000028_mask.png,train,snow,False,0,3145559,3145728,0.0
dissertation/data/processed/iddaw_masks/train/SNOW/gtSeg/184/00000039_mask.png,train,snow,False,0,3145728,3145728,0.0
dissertation/data/processed/iddaw_masks/train/SNOW/gtSeg/184/00000089_mask.png,train,snow,False,0,3145727,3145728,0.0
dissertation/data/processed/iddaw_masks/train/SNOW/gtSeg/184/00000038_mask.png,train,snow,False,0,3145728,3145728,0.0
dissertation/data/processed/iddaw_masks/train/SNOW/gtSeg/184/00000062_mask.png,train,snow,False,0,3145013,3145728,0.0
dissertation/data/processed/iddaw_masks/train/SNOW/gtSeg/184/00000052_mask.png,train,snow,False,0,3144915,3145728,0.0
dissertation/data/processed/iddaw_masks/train/SNOW/gtSeg/184/00000051_mask.png,train,snow,False,0,3145638,3145728,0.0
dissertation/data/processed/iddaw_masks/train/SNOW/gtSeg/184/00000037_mask.png,train,snow,False,0,3145728,3145728,0.0
dissertation/data/processed/iddaw_masks/train/SNOW/gtSeg/184/00000009_mask.png,train,snow,False,0,3145727,3145728,0.0
dissertation/data/processed/iddaw_masks/train/SNOW/gtSeg/184/00000042_mask.png,train,snow,False,0,3145728,3145728,0.0
dissertation/data/processed/iddaw_masks/train/SNOW/gtSeg/184/00000054_mask.png,train,snow,False,0,3145728,3145728,0.0
dissertation/data/processed/iddaw_masks/train/SNOW/gtSeg/184/00000063_mask.png,train,snow,False,0,3145600,3145728,0.0
dissertation/data/processed/iddaw_masks/train/SNOW/gtSeg/184/00000071_mask.png,train,snow,False,0,3143885,3145728,0.0
dissertation/data/processed/iddaw_masks/train/SNOW/gtSeg/184/00000020_mask.png,train,snow,False,0,3145542,3145728,0.0
dissertation/data/processed/iddaw_masks/train/SNOW/gtSeg/184/00000058_mask.png,train,snow,False,0,3145728,3145728,0.0
dissertation/data/processed/iddaw_masks/train/SNOW/gtSeg/184/00000078_mask.png,train,snow,False,0,3145728,3145728,0.0
dissertation/data/processed/iddaw_masks/train/SNOW/gtSeg/184/00000056_mask.png,train,snow,False,0,3145728,3145728,0.0
dissertation/data/processed/iddaw_masks/train/SNOW/gtSeg/184/00000046_mask.png,train,snow,False,0,3132598,3145728,0.0
dissertation/data/processed/iddaw_masks/train/SNOW/gtSeg/184/00000067_mask.png,train,snow,False,0,3145728,3145728,0.0
dissertation/data/processed/iddaw_masks/train/SNOW/gtSeg/184/00000016_mask.png,train,snow,False,0,3145640,3145728,0.0
dissertation/data/processed/iddaw_masks/train/SNOW/gtSeg/184/00000061_mask.png,train,snow,False,0,3145728,3145728,0.0
dissertation/data/processed/iddaw_masks/train/SNOW/gtSeg/184/00000036_mask.png,train,snow,False,0,3145424,3145728,0.0
dissertation/data/processed/iddaw_masks/train/SNOW/gtSeg/184/00000026_mask.png,train,snow,False,0,3145728,3145728,0.0
dissertation/data/processed/iddaw_masks/train/SNOW/gtSeg/184/00000045_mask.png,train,snow,False,0,3142607,3145728,0.0
dissertation/data/processed/iddaw_masks/train/SNOW/gtSeg/184/00000041_mask.png,train,snow,False,0,3144688,3145728,0.0
dissertation/data/processed/iddaw_masks/train/SNOW/gtSeg/184/00000004_mask.png,train,snow,False,0,3145598,3145728,0.0
dissertation/data/processed/iddaw_masks/train/SNOW/gtSeg/184/00000025_mask.png,train,snow,False,0,3143669,3145728,0.0
dissertation/data/processed/iddaw_masks/train/SNOW/gtSeg/184/00000008_mask.png,train,snow,False,0,3145652,3145728,0.0
dissertation/data/processed/iddaw_masks/train/SNOW/gtSeg/184/00000070_mask.png,train,snow,False,0,3144041,3145728,0.0
dissertation/data/processed/iddaw_masks/train/SNOW/gtSeg/184/00000088_mask.png,train,snow,True,1123,3145252,3145728,0.0003570461126803194
dissertation/data/processed/iddaw_masks/train/SNOW/gtSeg/184/00000090_mask.png,train,snow,True,3903,3145578,3145728,0.00124078945109611
dissertation/data/processed/iddaw_masks/train/SNOW/gtSeg/184/00000060_mask.png,train,snow,False,0,3145728,3145728,0.0
dissertation/data/processed/iddaw_masks/train/SNOW/gtSeg/184/00000014_mask.png,train,snow,False,0,3145335,3145728,0.0
dissertation/data/processed/iddaw_masks/train/SNOW/gtSeg/184/00000032_mask.png,train,snow,False,0,3145498,3145728,0.0
dissertation/data/processed/iddaw_masks/train/SNOW/gtSeg/184/00000053_mask.png,train,snow,False,0,3145728,3145728,0.0
dissertation/data/processed/iddaw_masks/train/SNOW/gtSeg/184/00000003_mask.png,train,snow,False,0,3145577,3145728,0.0
dissertation/data/processed/iddaw_masks/train/SNOW/gtSeg/182/00000002_mask.png,train,snow,False,0,3145537,3145728,0.0
dissertation/data/processed/iddaw_masks/train/SNOW/gtSeg/182/00000000_mask.png,train,snow,False,0,3145728,3145728,0.0
dissertation/data/processed/iddaw_masks/train/SNOW/gtSeg/182/00000005_mask.png,train,snow,False,0,3145636,3145728,0.0
dissertation/data/processed/iddaw_masks/train/SNOW/gtSeg/182/00000007_mask.png,train,snow,False,0,3143950,3145728,0.0
dissertation/data/processed/iddaw_masks/train/SNOW/gtSeg/182/00000001_mask.png,train,snow,False,0,3145728,3145728,0.0
dissertation/data/processed/iddaw_masks/train/SNOW/gtSeg/182/00000006_mask.png,train,snow,False,0,3144940,3145728,0.0
dissertation/data/processed/iddaw_masks/train/SNOW/gtSeg/182/00000009_mask.png,train,snow,False,0,3145728,3145728,0.0
dissertation/data/processed/iddaw_masks/train/SNOW/gtSeg/182/00000004_mask.png,train,snow,False,0,3145388,3145728,0.0
dissertation/data/processed/iddaw_masks/train/SNOW/gtSeg/182/00000008_mask.png,train,snow,False,0,3145290,3145728,0.0
dissertation/data/processed/iddaw_masks/train/SNOW/gtSeg/182/00000003_mask.png,train,snow,False,0,3145723,3145728,0.0
dissertation/data/processed/iddaw_masks/train/SNOW/gtSeg/187/00000002_mask.png,train,snow,False,0,3145421,3145728,0.0
dissertation/data/processed/iddaw_masks/train/SNOW/gtSeg/187/00000013_mask.png,train,snow,False,0,3145728,3145728,0.0
dissertation/data/processed/iddaw_masks/train/SNOW/gtSeg/187/00000018_mask.png,train,snow,False,0,3145728,3145728,0.0
dissertation/data/processed/iddaw_masks/train/SNOW/gtSeg/187/00000017_mask.png,train,snow,False,0,3144539,3145728,0.0
dissertation/data/processed/iddaw_masks/train/SNOW/gtSeg/187/00000024_mask.png,train,snow,False,0,3145728,3145728,0.0
dissertation/data/processed/iddaw_masks/train/SNOW/gtSeg/187/00000021_mask.png,train,snow,False,0,3145693,3145728,0.0
dissertation/data/processed/iddaw_masks/train/SNOW/gtSeg/187/00000011_mask.png,train,snow,False,0,3145728,3145728,0.0
dissertation/data/processed/iddaw_masks/train/SNOW/gtSeg/187/00000000_mask.png,train,snow,False,0,3145720,3145728,0.0
dissertation/data/processed/iddaw_masks/train/SNOW/gtSeg/187/00000010_mask.png,train,snow,False,0,3145728,3145728,0.0
dissertation/data/processed/iddaw_masks/train/SNOW/gtSeg/187/00000019_mask.png,train,snow,False,0,3145707,3145728,0.0
dissertation/data/processed/iddaw_masks/train/SNOW/gtSeg/187/00000005_mask.png,train,snow,False,0,3145728,3145728,0.0
dissertation/data/processed/iddaw_masks/train/SNOW/gtSeg/187/00000007_mask.png,train,snow,False,0,3144576,3145728,0.0
dissertation/data/processed/iddaw_masks/train/SNOW/gtSeg/187/00000023_mask.png,train,snow,False,0,3145693,3145728,0.0
dissertation/data/processed/iddaw_masks/train/SNOW/gtSeg/187/00000022_mask.png,train,snow,False,0,3144110,3145728,0.0
dissertation/data/processed/iddaw_masks/train/SNOW/gtSeg/187/00000015_mask.png,train,snow,False,0,3145668,3145728,0.0
dissertation/data/processed/iddaw_masks/train/SNOW/gtSeg/187/00000012_mask.png,train,snow,False,0,3145728,3145728,0.0
dissertation/data/processed/iddaw_masks/train/SNOW/gtSeg/187/00000001_mask.png,train,snow,False,0,3145031,3145728,0.0
dissertation/data/processed/iddaw_masks/train/SNOW/gtSeg/187/00000006_mask.png,train,snow,False,0,3145728,3145728,0.0
dissertation/data/processed/iddaw_masks/train/SNOW/gtSeg/187/00000009_mask.png,train,snow,False,0,3145679,3145728,0.0
dissertation/data/processed/iddaw_masks/train/SNOW/gtSeg/187/00000020_mask.png,train,snow,False,0,3145075,3145728,0.0
dissertation/data/processed/iddaw_masks/train/SNOW/gtSeg/187/00000016_mask.png,train,snow,False,0,3145728,3145728,0.0
dissertation/data/processed/iddaw_masks/train/SNOW/gtSeg/187/00000026_mask.png,train,snow,False,0,3145117,3145728,0.0
dissertation/data/processed/iddaw_masks/train/SNOW/gtSeg/187/00000004_mask.png,train,snow,False,0,3145723,3145728,0.0
dissertation/data/processed/iddaw_masks/train/SNOW/gtSeg/187/00000025_mask.png,train,snow,False,0,3145701,3145728,0.0
dissertation/data/processed/iddaw_masks/train/SNOW/gtSeg/187/00000008_mask.png,train,snow,False,0,3145728,3145728,0.0
dissertation/data/processed/iddaw_masks/train/SNOW/gtSeg/187/00000014_mask.png,train,snow,False,0,3145668,3145728,0.0
dissertation/data/processed/iddaw_masks/train/SNOW/gtSeg/187/00000003_mask.png,train,snow,False,0,3145728,3145728,0.0
dissertation/data/processed/iddaw_masks/train/SNOW/gtSeg/178/00000002_mask.png,train,snow,False,0,3145580,3145728,0.0
dissertation/data/processed/iddaw_masks/train/SNOW/gtSeg/178/00000013_mask.png,train,snow,False,0,3145728,3145728,0.0
dissertation/data/processed/iddaw_masks/train/SNOW/gtSeg/178/00000018_mask.png,train,snow,False,0,3145266,3145728,0.0
dissertation/data/processed/iddaw_masks/train/SNOW/gtSeg/178/00000017_mask.png,train,snow,False,0,3128071,3145728,0.0
dissertation/data/processed/iddaw_masks/train/SNOW/gtSeg/178/00000021_mask.png,train,snow,False,0,3145541,3145728,0.0
dissertation/data/processed/iddaw_masks/train/SNOW/gtSeg/178/00000011_mask.png,train,snow,False,0,3145670,3145728,0.0
dissertation/data/processed/iddaw_masks/train/SNOW/gtSeg/178/00000000_mask.png,train,snow,False,0,3144206,3145728,0.0
dissertation/data/processed/iddaw_masks/train/SNOW/gtSeg/178/00000010_mask.png,train,snow,False,0,3145724,3145728,0.0
dissertation/data/processed/iddaw_masks/train/SNOW/gtSeg/178/00000019_mask.png,train,snow,False,0,3144904,3145728,0.0
dissertation/data/processed/iddaw_masks/train/SNOW/gtSeg/178/00000005_mask.png,train,snow,False,0,3145685,3145728,0.0
dissertation/data/processed/iddaw_masks/train/SNOW/gtSeg/178/00000007_mask.png,train,snow,False,0,3145518,3145728,0.0
dissertation/data/processed/iddaw_masks/train/SNOW/gtSeg/178/00000022_mask.png,train,snow,False,0,3145342,3145728,0.0
dissertation/data/processed/iddaw_masks/train/SNOW/gtSeg/178/00000015_mask.png,train,snow,False,0,3145589,3145728,0.0
dissertation/data/processed/iddaw_masks/train/SNOW/gtSeg/178/00000012_mask.png,train,snow,False,0,3145728,3145728,0.0
dissertation/data/processed/iddaw_masks/train/SNOW/gtSeg/178/00000001_mask.png,train,snow,False,0,3145457,3145728,0.0
dissertation/data/processed/iddaw_masks/train/SNOW/gtSeg/178/00000006_mask.png,train,snow,False,0,3145639,3145728,0.0
dissertation/data/processed/iddaw_masks/train/SNOW/gtSeg/178/00000009_mask.png,train,snow,False,0,3145518,3145728,0.0
dissertation/data/processed/iddaw_masks/train/SNOW/gtSeg/178/00000020_mask.png,train,snow,False,0,3140404,3145728,0.0
dissertation/data/processed/iddaw_masks/train/SNOW/gtSeg/178/00000016_mask.png,train,snow,False,0,3145687,3145728,0.0
dissertation/data/processed/iddaw_masks/train/SNOW/gtSeg/178/00000004_mask.png,train,snow,False,0,3135568,3145728,0.0
dissertation/data/processed/iddaw_masks/train/SNOW/gtSeg/178/00000008_mask.png,train,snow,False,0,3145704,3145728,0.0
dissertation/data/processed/iddaw_masks/train/SNOW/gtSeg/178/00000014_mask.png,train,snow,False,0,3145700,3145728,0.0
dissertation/data/processed/iddaw_masks/train/SNOW/gtSeg/178/00000003_mask.png,train,snow,False,0,3145490,3145728,0.0
dissertation/data/processed/iddaw_masks/train/SNOW/gtSeg/179/00000002_mask.png,train,snow,False,0,3141520,3145728,0.0
dissertation/data/processed/iddaw_masks/train/SNOW/gtSeg/179/00000013_mask.png,train,snow,False,0,3143701,3145728,0.0
dissertation/data/processed/iddaw_masks/train/SNOW/gtSeg/179/00000011_mask.png,train,snow,False,0,3142743,3145728,0.0
dissertation/data/processed/iddaw_masks/train/SNOW/gtSeg/179/00000000_mask.png,train,snow,False,0,3142227,3145728,0.0
dissertation/data/processed/iddaw_masks/train/SNOW/gtSeg/179/00000010_mask.png,train,snow,False,0,3144985,3145728,0.0
dissertation/data/processed/iddaw_masks/train/SNOW/gtSeg/179/00000005_mask.png,train,snow,False,0,3143985,3145728,0.0
dissertation/data/processed/iddaw_masks/train/SNOW/gtSeg/179/00000007_mask.png,train,snow,False,0,3140432,3145728,0.0
dissertation/data/processed/iddaw_masks/train/SNOW/gtSeg/179/00000012_mask.png,train,snow,False,0,3143681,3145728,0.0
dissertation/data/processed/iddaw_masks/train/SNOW/gtSeg/179/00000001_mask.png,train,snow,False,0,3142319,3145728,0.0
dissertation/data/processed/iddaw_masks/train/SNOW/gtSeg/179/00000006_mask.png,train,snow,False,0,3143647,3145728,0.0
dissertation/data/processed/iddaw_masks/train/SNOW/gtSeg/179/00000009_mask.png,train,snow,False,0,3144532,3145728,0.0
dissertation/data/processed/iddaw_masks/train/SNOW/gtSeg/179/00000004_mask.png,train,snow,False,0,3145039,3145728,0.0
dissertation/data/processed/iddaw_masks/train/SNOW/gtSeg/179/00000008_mask.png,train,snow,False,0,3145472,3145728,0.0
dissertation/data/processed/iddaw_masks/train/SNOW/gtSeg/179/00000003_mask.png,train,snow,False,0,3138566,3145728,0.0
dissertation/data/processed/iddaw_masks/train/SNOW/gtSeg/197/00000002_mask.png,train,snow,False,0,3144809,3145728,0.0
dissertation/data/processed/iddaw_masks/train/SNOW/gtSeg/197/00000000_mask.png,train,snow,False,0,3145728,3145728,0.0
dissertation/data/processed/iddaw_masks/train/SNOW/gtSeg/197/00000010_mask.png,train,snow,False,0,3145728,3145728,0.0
dissertation/data/processed/iddaw_masks/train/SNOW/gtSeg/197/00000005_mask.png,train,snow,False,0,3145619,3145728,0.0
dissertation/data/processed/iddaw_masks/train/SNOW/gtSeg/197/00000007_mask.png,train,snow,False,0,3145137,3145728,0.0
dissertation/data/processed/iddaw_masks/train/SNOW/gtSeg/197/00000001_mask.png,train,snow,False,0,3145728,3145728,0.0
dissertation/data/processed/iddaw_masks/train/SNOW/gtSeg/197/00000006_mask.png,train,snow,False,0,3143736,3145728,0.0
dissertation/data/processed/iddaw_masks/train/SNOW/gtSeg/197/00000009_mask.png,train,snow,False,0,3145728,3145728,0.0
dissertation/data/processed/iddaw_masks/train/SNOW/gtSeg/197/00000004_mask.png,train,snow,False,0,3145728,3145728,0.0
dissertation/data/processed/iddaw_masks/train/SNOW/gtSeg/197/00000008_mask.png,train,snow,False,0,3145151,3145728,0.0
dissertation/data/processed/iddaw_masks/train/SNOW/gtSeg/197/00000003_mask.png,train,snow,False,0,3145728,3145728,0.0
dissertation/data/processed/iddaw_masks/train/SNOW/gtSeg/193/00000002_mask.png,train,snow,False,0,3145728,3145728,0.0
dissertation/data/processed/iddaw_masks/train/SNOW/gtSeg/193/00000000_mask.png,train,snow,False,0,3145728,3145728,0.0
dissertation/data/processed/iddaw_masks/train/SNOW/gtSeg/193/00000005_mask.png,train,snow,False,0,3144207,3145728,0.0
dissertation/data/processed/iddaw_masks/train/SNOW/gtSeg/193/00000001_mask.png,train,snow,False,0,3145525,3145728,0.0
dissertation/data/processed/iddaw_masks/train/SNOW/gtSeg/193/00000006_mask.png,train,snow,False,0,3145405,3145728,0.0
dissertation/data/processed/iddaw_masks/train/SNOW/gtSeg/193/00000004_mask.png,train,snow,False,0,3144756,3145728,0.0
dissertation/data/processed/iddaw_masks/train/SNOW/gtSeg/193/00000003_mask.png,train,snow,False,0,3145364,3145728,0.0
dissertation/data/processed/iddaw_masks/train/LOWLIGHT/gtSeg/147/00000000_mask.png,train,lowlight,True,1068,3145728,3145728,0.000339508056640625
dissertation/data/processed/iddaw_masks/train/LOWLIGHT/gtSeg/129/00000002_mask.png,train,lowlight,False,0,3145728,3145728,0.0
dissertation/data/processed/iddaw_masks/train/LOWLIGHT/gtSeg/129/00000000_mask.png,train,lowlight,False,0,3145728,3145728,0.0
dissertation/data/processed/iddaw_masks/train/LOWLIGHT/gtSeg/129/00000005_mask.png,train,lowlight,False,0,3145724,3145728,0.0
dissertation/data/processed/iddaw_masks/train/LOWLIGHT/gtSeg/129/00000007_mask.png,train,lowlight,False,0,3145728,3145728,0.0
dissertation/data/processed/iddaw_masks/train/LOWLIGHT/gtSeg/129/00000001_mask.png,train,lowlight,False,0,3145697,3145728,0.0
dissertation/data/processed/iddaw_masks/train/LOWLIGHT/gtSeg/129/00000006_mask.png,train,lowlight,False,0,3145728,3145728,0.0
dissertation/data/processed/iddaw_masks/train/LOWLIGHT/gtSeg/129/00000004_mask.png,train,lowlight,False,0,3145728,3145728,0.0
dissertation/data/processed/iddaw_masks/train/LOWLIGHT/gtSeg/129/00000003_mask.png,train,lowlight,False,0,3145728,3145728,0.0
dissertation/data/processed/iddaw_masks/train/LOWLIGHT/gtSeg/168/00000002_mask.png,train,lowlight,False,0,3145728,3145728,0.0
dissertation/data/processed/iddaw_masks/train/LOWLIGHT/gtSeg/168/00000000_mask.png,train,lowlight,False,0,3145728,3145728,0.0
dissertation/data/processed/iddaw_masks/train/LOWLIGHT/gtSeg/168/00000010_mask.png,train,lowlight,False,0,3145659,3145728,0.0
dissertation/data/processed/iddaw_masks/train/LOWLIGHT/gtSeg/168/00000005_mask.png,train,lowlight,False,0,3145728,3145728,0.0
dissertation/data/processed/iddaw_masks/train/LOWLIGHT/gtSeg/168/00000007_mask.png,train,lowlight,False,0,3145718,3145728,0.0
dissertation/data/processed/iddaw_masks/train/LOWLIGHT/gtSeg/168/00000001_mask.png,train,lowlight,False,0,3145728,3145728,0.0
dissertation/data/processed/iddaw_masks/train/LOWLIGHT/gtSeg/168/00000006_mask.png,train,lowlight,False,0,3145728,3145728,0.0
dissertation/data/processed/iddaw_masks/train/LOWLIGHT/gtSeg/168/00000009_mask.png,train,lowlight,False,0,3145728,3145728,0.0
dissertation/data/processed/iddaw_masks/train/LOWLIGHT/gtSeg/168/00000004_mask.png,train,lowlight,False,0,3145728,3145728,0.0
dissertation/data/processed/iddaw_masks/train/LOWLIGHT/gtSeg/168/00000008_mask.png,train,lowlight,False,0,3145728,3145728,0.0
dissertation/data/processed/iddaw_masks/train/LOWLIGHT/gtSeg/168/00000003_mask.png,train,lowlight,False,0,3145728,3145728,0.0
dissertation/data/processed/iddaw_masks/train/LOWLIGHT/gtSeg/145/00000002_mask.png,train,lowlight,False,0,3145721,3145728,0.0
dissertation/data/processed/iddaw_masks/train/LOWLIGHT/gtSeg/145/00000000_mask.png,train,lowlight,False,0,3145728,3145728,0.0
dissertation/data/processed/iddaw_masks/train/LOWLIGHT/gtSeg/145/00000010_mask.png,train,lowlight,False,0,3145617,3145728,0.0
dissertation/data/processed/iddaw_masks/train/LOWLIGHT/gtSeg/145/00000005_mask.png,train,lowlight,False,0,3145728,3145728,0.0
dissertation/data/processed/iddaw_masks/train/LOWLIGHT/gtSeg/145/00000007_mask.png,train,lowlight,False,0,3145718,3145728,0.0
dissertation/data/processed/iddaw_masks/train/LOWLIGHT/gtSeg/145/00000001_mask.png,train,lowlight,False,0,3145716,3145728,0.0
dissertation/data/processed/iddaw_masks/train/LOWLIGHT/gtSeg/145/00000006_mask.png,train,lowlight,False,0,3145065,3145728,0.0
dissertation/data/processed/iddaw_masks/train/LOWLIGHT/gtSeg/145/00000009_mask.png,train,lowlight,False,0,3145388,3145728,0.0
dissertation/data/processed/iddaw_masks/train/LOWLIGHT/gtSeg/145/00000004_mask.png,train,lowlight,False,0,3145632,3145728,0.0
dissertation/data/processed/iddaw_masks/train/LOWLIGHT/gtSeg/145/00000008_mask.png,train,lowlight,False,0,3145728,3145728,0.0
dissertation/data/processed/iddaw_masks/train/LOWLIGHT/gtSeg/145/00000003_mask.png,train,lowlight,False,0,3145728,3145728,0.0
dissertation/data/processed/iddaw_masks/train/LOWLIGHT/gtSeg/175/00000002_mask.png,train,lowlight,False,0,3145699,3145728,0.0
dissertation/data/processed/iddaw_masks/train/LOWLIGHT/gtSeg/175/00000034_mask.png,train,lowlight,False,0,3145714,3145728,0.0
dissertation/data/processed/iddaw_masks/train/LOWLIGHT/gtSeg/175/00000013_mask.png,train,lowlight,False,0,3145728,3145728,0.0
dissertation/data/processed/iddaw_masks/train/LOWLIGHT/gtSeg/175/00000049_mask.png,train,lowlight,False,0,3145728,3145728,0.0
dissertation/data/processed/iddaw_masks/train/LOWLIGHT/gtSeg/175/00000018_mask.png,train,lowlight,False,0,3145728,3145728,0.0
dissertation/data/processed/iddaw_masks/train/LOWLIGHT/gtSeg/175/00000050_mask.png,train,lowlight,False,0,3145728,3145728,0.0
dissertation/data/processed/iddaw_masks/train/LOWLIGHT/gtSeg/175/00000029_mask.png,train,lowlight,False,0,3145652,3145728,0.0
dissertation/data/processed/iddaw_masks/train/LOWLIGHT/gtSeg/175/00000017_mask.png,train,lowlight,False,0,3145728,3145728,0.0
dissertation/data/processed/iddaw_masks/train/LOWLIGHT/gtSeg/175/00000024_mask.png,train,lowlight,False,0,3145728,3145728,0.0
dissertation/data/processed/iddaw_masks/train/LOWLIGHT/gtSeg/175/00000021_mask.png,train,lowlight,False,0,3145110,3145728,0.0
dissertation/data/processed/iddaw_masks/train/LOWLIGHT/gtSeg/175/00000035_mask.png,train,lowlight,False,0,3145727,3145728,0.0
dissertation/data/processed/iddaw_masks/train/LOWLIGHT/gtSeg/175/00000011_mask.png,train,lowlight,False,0,3145728,3145728,0.0
dissertation/data/processed/iddaw_masks/train/LOWLIGHT/gtSeg/175/00000000_mask.png,train,lowlight,False,0,3145728,3145728,0.0
dissertation/data/processed/iddaw_masks/train/LOWLIGHT/gtSeg/175/00000010_mask.png,train,lowlight,False,0,3145728,3145728,0.0
dissertation/data/processed/iddaw_masks/train/LOWLIGHT/gtSeg/175/00000019_mask.png,train,lowlight,False,0,3145728,3145728,0.0
dissertation/data/processed/iddaw_masks/train/LOWLIGHT/gtSeg/175/00000005_mask.png,train,lowlight,False,0,3145728,3145728,0.0
dissertation/data/processed/iddaw_masks/train/LOWLIGHT/gtSeg/175/00000043_mask.png,train,lowlight,False,0,3145728,3145728,0.0
dissertation/data/processed/iddaw_masks/train/LOWLIGHT/gtSeg/175/00000007_mask.png,train,lowlight,False,0,3145728,3145728,0.0
dissertation/data/processed/iddaw_masks/train/LOWLIGHT/gtSeg/175/00000047_mask.png,train,lowlight,False,0,3145728,3145728,0.0
dissertation/data/processed/iddaw_masks/train/LOWLIGHT/gtSeg/175/00000027_mask.png,train,lowlight,False,0,3144050,3145728,0.0
dissertation/data/processed/iddaw_masks/train/LOWLIGHT/gtSeg/175/00000023_mask.png,train,lowlight,False,0,3141737,3145728,0.0
dissertation/data/processed/iddaw_masks/train/LOWLIGHT/gtSeg/175/00000040_mask.png,train,lowlight,False,0,3145728,3145728,0.0
dissertation/data/processed/iddaw_masks/train/LOWLIGHT/gtSeg/175/00000022_mask.png,train,lowlight,False,0,3145319,3145728,0.0
dissertation/data/processed/iddaw_masks/train/LOWLIGHT/gtSeg/175/00000015_mask.png,train,lowlight,False,0,3143682,3145728,0.0
dissertation/data/processed/iddaw_masks/train/LOWLIGHT/gtSeg/175/00000044_mask.png,train,lowlight,False,0,3145728,3145728,0.0
dissertation/data/processed/iddaw_masks/train/LOWLIGHT/gtSeg/175/00000012_mask.png,train,lowlight,False,0,3145728,3145728,0.0
dissertation/data/processed/iddaw_masks/train/LOWLIGHT/gtSeg/175/00000001_mask.png,train,lowlight,False,0,3145728,3145728,0.0
dissertation/data/processed/iddaw_masks/train/LOWLIGHT/gtSeg/175/00000006_mask.png,train,lowlight,False,0,3145728,3145728,0.0
dissertation/data/processed/iddaw_masks/train/LOWLIGHT/gtSeg/175/00000048_mask.png,train,lowlight,False,0,3145728,3145728,0.0
dissertation/data/processed/iddaw_masks/train/LOWLIGHT/gtSeg/175/00000030_mask.png,train,lowlight,False,0,3145399,3145728,0.0
dissertation/data/processed/iddaw_masks/train/LOWLIGHT/gtSeg/175/00000031_mask.png,train,lowlight,False,0,3145728,3145728,0.0
dissertation/data/processed/iddaw_masks/train/LOWLIGHT/gtSeg/175/00000033_mask.png,train,lowlight,False,0,3145728,3145728,0.0
dissertation/data/processed/iddaw_masks/train/LOWLIGHT/gtSeg/175/00000055_mask.png,train,lowlight,False,0,3145711,3145728,0.0
dissertation/data/processed/iddaw_masks/train/LOWLIGHT/gtSeg/175/00000039_mask.png,train,lowlight,False,0,3145728,3145728,0.0
dissertation/data/processed/iddaw_masks/train/LOWLIGHT/gtSeg/175/00000038_mask.png,train,lowlight,False,0,3145728,3145728,0.0
dissertation/data/processed/iddaw_masks/train/LOWLIGHT/gtSeg/175/00000052_mask.png,train,lowlight,False,0,3145728,3145728,0.0
dissertation/data/processed/iddaw_masks/train/LOWLIGHT/gtSeg/175/00000051_mask.png,train,lowlight,False,0,3145728,3145728,0.0
dissertation/data/processed/iddaw_masks/train/LOWLIGHT/gtSeg/175/00000037_mask.png,train,lowlight,False,0,3145728,3145728,0.0
dissertation/data/processed/iddaw_masks/train/LOWLIGHT/gtSeg/175/00000009_mask.png,train,lowlight,False,0,3145728,3145728,0.0
dissertation/data/processed/iddaw_masks/train/LOWLIGHT/gtSeg/175/00000042_mask.png,train,lowlight,False,0,3145728,3145728,0.0
dissertation/data/processed/iddaw_masks/train/LOWLIGHT/gtSeg/175/00000054_mask.png,train,lowlight,False,0,3145728,3145728,0.0
dissertation/data/processed/iddaw_masks/train/LOWLIGHT/gtSeg/175/00000020_mask.png,train,lowlight,False,0,3143723,3145728,0.0
dissertation/data/processed/iddaw_masks/train/LOWLIGHT/gtSeg/175/00000056_mask.png,train,lowlight,False,0,3145474,3145728,0.0
dissertation/data/processed/iddaw_masks/train/LOWLIGHT/gtSeg/175/00000046_mask.png,train,lowlight,False,0,3145728,3145728,0.0
dissertation/data/processed/iddaw_masks/train/LOWLIGHT/gtSeg/175/00000016_mask.png,train,lowlight,False,0,3143939,3145728,0.0
dissertation/data/processed/iddaw_masks/train/LOWLIGHT/gtSeg/175/00000036_mask.png,train,lowlight,False,0,3145728,3145728,0.0
dissertation/data/processed/iddaw_masks/train/LOWLIGHT/gtSeg/175/00000026_mask.png,train,lowlight,False,0,3145708,3145728,0.0
dissertation/data/processed/iddaw_masks/train/LOWLIGHT/gtSeg/175/00000045_mask.png,train,lowlight,False,0,3145618,3145728,0.0
dissertation/data/processed/iddaw_masks/train/LOWLIGHT/gtSeg/175/00000041_mask.png,train,lowlight,False,0,3145665,3145728,0.0
dissertation/data/processed/iddaw_masks/train/LOWLIGHT/gtSeg/175/00000004_mask.png,train,lowlight,False,0,3145728,3145728,0.0
dissertation/data/processed/iddaw_masks/train/LOWLIGHT/gtSeg/175/00000025_mask.png,train,lowlight,False,0,3141944,3145728,0.0
dissertation/data/processed/iddaw_masks/train/LOWLIGHT/gtSeg/175/00000008_mask.png,train,lowlight,False,0,3145728,3145728,0.0
dissertation/data/processed/iddaw_masks/train/LOWLIGHT/gtSeg/175/00000014_mask.png,train,lowlight,False,0,3145728,3145728,0.0
dissertation/data/processed/iddaw_masks/train/LOWLIGHT/gtSeg/175/00000032_mask.png,train,lowlight,False,0,3145728,3145728,0.0
dissertation/data/processed/iddaw_masks/train/LOWLIGHT/gtSeg/175/00000053_mask.png,train,lowlight,False,0,3145728,3145728,0.0
dissertation/data/processed/iddaw_masks/train/LOWLIGHT/gtSeg/175/00000003_mask.png,train,lowlight,False,0,3145728,3145728,0.0
dissertation/data/processed/iddaw_masks/train/LOWLIGHT/gtSeg/120/00000002_mask.png,train,lowlight,False,0,3145728,3145728,0.0
dissertation/data/processed/iddaw_masks/train/LOWLIGHT/gtSeg/120/00000000_mask.png,train,lowlight,True,1944,3145728,3145728,0.00061798095703125
dissertation/data/processed/iddaw_masks/train/LOWLIGHT/gtSeg/120/00000005_mask.png,train,lowlight,True,1316,3145728,3145728,0.0004183451334635417
dissertation/data/processed/iddaw_masks/train/LOWLIGHT/gtSeg/120/00000001_mask.png,train,lowlight,False,0,3145728,3145728,0.0
dissertation/data/processed/iddaw_masks/train/LOWLIGHT/gtSeg/120/00000004_mask.png,train,lowlight,True,894,3144756,3145728,0.00028428278696344007
dissertation/data/processed/iddaw_masks/train/LOWLIGHT/gtSeg/120/00000003_mask.png,train,lowlight,True,2122,3145701,3145728,0.0006745714230309874
dissertation/data/processed/iddaw_masks/train/LOWLIGHT/gtSeg/164/00000000_mask.png,train,lowlight,False,0,3145728,3145728,0.0
dissertation/data/processed/iddaw_masks/train/LOWLIGHT/gtSeg/164/00000001_mask.png,train,lowlight,False,0,3145728,3145728,0.0
dissertation/data/processed/iddaw_masks/train/LOWLIGHT/gtSeg/144/00000002_mask.png,train,lowlight,False,0,3145728,3145728,0.0
dissertation/data/processed/iddaw_masks/train/LOWLIGHT/gtSeg/144/00000000_mask.png,train,lowlight,False,0,3145626,3145728,0.0
dissertation/data/processed/iddaw_masks/train/LOWLIGHT/gtSeg/144/00000005_mask.png,train,lowlight,True,2199,3143552,3145728,0.000699527159086282
dissertation/data/processed/iddaw_masks/train/LOWLIGHT/gtSeg/144/00000007_mask.png,train,lowlight,False,0,3145718,3145728,0.0
dissertation/data/processed/iddaw_masks/train/LOWLIGHT/gtSeg/144/00000001_mask.png,train,lowlight,False,0,3145726,3145728,0.0
dissertation/data/processed/iddaw_masks/train/LOWLIGHT/gtSeg/144/00000006_mask.png,train,lowlight,True,398,3145723,3145728,0.00012652099374293286
dissertation/data/processed/iddaw_masks/train/LOWLIGHT/gtSeg/144/00000004_mask.png,train,lowlight,False,0,3145728,3145728,0.0
dissertation/data/processed/iddaw_masks/train/LOWLIGHT/gtSeg/144/00000008_mask.png,train,lowlight,False,0,3145575,3145728,0.0
dissertation/data/processed/iddaw_masks/train/LOWLIGHT/gtSeg/144/00000003_mask.png,train,lowlight,False,0,3145728,3145728,0.0
dissertation/data/processed/iddaw_masks/train/LOWLIGHT/gtSeg/113/00000000_mask.png,train,lowlight,False,0,3145728,3145728,0.0
dissertation/data/processed/iddaw_masks/train/LOWLIGHT/gtSeg/152/00000002_mask.png,train,lowlight,False,0,3145720,3145728,0.0
dissertation/data/processed/iddaw_masks/train/LOWLIGHT/gtSeg/152/00000000_mask.png,train,lowlight,False,0,3145727,3145728,0.0
dissertation/data/processed/iddaw_masks/train/LOWLIGHT/gtSeg/152/00000001_mask.png,train,lowlight,False,0,3141266,3145728,0.0
dissertation/data/processed/iddaw_masks/train/LOWLIGHT/gtSeg/152/00000003_mask.png,train,lowlight,False,0,3145657,3145728,0.0
dissertation/data/processed/iddaw_masks/train/LOWLIGHT/gtSeg/133/00000002_mask.png,train,lowlight,False,0,3145728,3145728,0.0
dissertation/data/processed/iddaw_masks/train/LOWLIGHT/gtSeg/133/00000034_mask.png,train,lowlight,False,0,3145728,3145728,0.0
dissertation/data/processed/iddaw_masks/train/LOWLIGHT/gtSeg/133/00000013_mask.png,train,lowlight,False,0,3145728,3145728,0.0
dissertation/data/processed/iddaw_masks/train/LOWLIGHT/gtSeg/133/00000068_mask.png,train,lowlight,False,0,3145316,3145728,0.0
dissertation/data/processed/iddaw_masks/train/LOWLIGHT/gtSeg/133/00000049_mask.png,train,lowlight,False,0,3145728,3145728,0.0
dissertation/data/processed/iddaw_masks/train/LOWLIGHT/gtSeg/133/00000018_mask.png,train,lowlight,False,0,3145728,3145728,0.0
dissertation/data/processed/iddaw_masks/train/LOWLIGHT/gtSeg/133/00000050_mask.png,train,lowlight,False,0,3145728,3145728,0.0
dissertation/data/processed/iddaw_masks/train/LOWLIGHT/gtSeg/133/00000029_mask.png,train,lowlight,False,0,3145728,3145728,0.0
dissertation/data/processed/iddaw_masks/train/LOWLIGHT/gtSeg/133/00000075_mask.png,train,lowlight,False,0,3145728,3145728,0.0
dissertation/data/processed/iddaw_masks/train/LOWLIGHT/gtSeg/133/00000057_mask.png,train,lowlight,False,0,3145700,3145728,0.0
dissertation/data/processed/iddaw_masks/train/LOWLIGHT/gtSeg/133/00000017_mask.png,train,lowlight,False,0,3145728,3145728,0.0
dissertation/data/processed/iddaw_masks/train/LOWLIGHT/gtSeg/133/00000069_mask.png,train,lowlight,False,0,3145632,3145728,0.0
dissertation/data/processed/iddaw_masks/train/LOWLIGHT/gtSeg/133/00000024_mask.png,train,lowlight,False,0,3145728,3145728,0.0
dissertation/data/processed/iddaw_masks/train/LOWLIGHT/gtSeg/133/00000021_mask.png,train,lowlight,False,0,3145728,3145728,0.0
dissertation/data/processed/iddaw_masks/train/LOWLIGHT/gtSeg/133/00000035_mask.png,train,lowlight,False,0,3145728,3145728,0.0
dissertation/data/processed/iddaw_masks/train/LOWLIGHT/gtSeg/133/00000011_mask.png,train,lowlight,False,0,3145711,3145728,0.0
dissertation/data/processed/iddaw_masks/train/LOWLIGHT/gtSeg/133/00000000_mask.png,train,lowlight,False,0,3145443,3145728,0.0
dissertation/data/processed/iddaw_masks/train/LOWLIGHT/gtSeg/133/00000072_mask.png,train,lowlight,False,0,3145674,3145728,0.0
dissertation/data/processed/iddaw_masks/train/LOWLIGHT/gtSeg/133/00000010_mask.png,train,lowlight,False,0,3145664,3145728,0.0
dissertation/data/processed/iddaw_masks/train/LOWLIGHT/gtSeg/133/00000019_mask.png,train,lowlight,False,0,3145728,3145728,0.0
dissertation/data/processed/iddaw_masks/train/LOWLIGHT/gtSeg/133/00000005_mask.png,train,lowlight,False,0,3145598,3145728,0.0
dissertation/data/processed/iddaw_masks/train/LOWLIGHT/gtSeg/133/00000077_mask.png,train,lowlight,False,0,3145725,3145728,0.0
dissertation/data/processed/iddaw_masks/train/LOWLIGHT/gtSeg/133/00000065_mask.png,train,lowlight,False,0,3145721,3145728,0.0
dissertation/data/processed/iddaw_masks/train/LOWLIGHT/gtSeg/133/00000074_mask.png,train,lowlight,False,0,3145704,3145728,0.0
dissertation/data/processed/iddaw_masks/train/LOWLIGHT/gtSeg/133/00000043_mask.png,train,lowlight,False,0,3145728,3145728,0.0
dissertation/data/processed/iddaw_masks/train/LOWLIGHT/gtSeg/133/00000059_mask.png,train,lowlight,False,0,3139116,3145728,0.0
dissertation/data/processed/iddaw_masks/train/LOWLIGHT/gtSeg/133/00000007_mask.png,train,lowlight,False,0,3143912,3145728,0.0
dissertation/data/processed/iddaw_masks/train/LOWLIGHT/gtSeg/133/00000066_mask.png,train,lowlight,False,0,3145727,3145728,0.0
dissertation/data/processed/iddaw_masks/train/LOWLIGHT/gtSeg/133/00000047_mask.png,train,lowlight,False,0,3145728,3145728,0.0
dissertation/data/processed/iddaw_masks/train/LOWLIGHT/gtSeg/133/00000027_mask.png,train,lowlight,False,0,3145728,3145728,0.0
dissertation/data/processed/iddaw_masks/train/LOWLIGHT/gtSeg/133/00000023_mask.png,train,lowlight,False,0,3145459,3145728,0.0
dissertation/data/processed/iddaw_masks/train/LOWLIGHT/gtSeg/133/00000040_mask.png,train,lowlight,False,0,3145728,3145728,0.0
dissertation/data/processed/iddaw_masks/train/LOWLIGHT/gtSeg/133/00000022_mask.png,train,lowlight,False,0,3145728,3145728,0.0
dissertation/data/processed/iddaw_masks/train/LOWLIGHT/gtSeg/133/00000015_mask.png,train,lowlight,False,0,3145660,3145728,0.0
dissertation/data/processed/iddaw_masks/train/LOWLIGHT/gtSeg/133/00000044_mask.png,train,lowlight,False,0,3145728,3145728,0.0
dissertation/data/processed/iddaw_masks/train/LOWLIGHT/gtSeg/133/00000012_mask.png,train,lowlight,False,0,3145631,3145728,0.0
dissertation/data/processed/iddaw_masks/train/LOWLIGHT/gtSeg/133/00000001_mask.png,train,lowlight,False,0,3145728,3145728,0.0
dissertation/data/processed/iddaw_masks/train/LOWLIGHT/gtSeg/133/00000006_mask.png,train,lowlight,False,0,3145728,3145728,0.0
dissertation/data/processed/iddaw_masks/train/LOWLIGHT/gtSeg/133/00000073_mask.png,train,lowlight,False,0,3145721,3145728,0.0
dissertation/data/processed/iddaw_masks/train/LOWLIGHT/gtSeg/133/00000048_mask.png,train,lowlight,False,0,3145728,3145728,0.0
dissertation/data/processed/iddaw_masks/train/LOWLIGHT/gtSeg/133/00000030_mask.png,train,lowlight,False,0,3145728,3145728,0.0
dissertation/data/processed/iddaw_masks/train/LOWLIGHT/gtSeg/133/00000031_mask.png,train,lowlight,False,0,3145690,3145728,0.0
dissertation/data/processed/iddaw_masks/train/LOWLIGHT/gtSeg/133/00000033_mask.png,train,lowlight,False,0,3145728,3145728,0.0
dissertation/data/processed/iddaw_masks/train/LOWLIGHT/gtSeg/133/00000076_mask.png,train,lowlight,False,0,3145728,3145728,0.0
dissertation/data/processed/iddaw_masks/train/LOWLIGHT/gtSeg/133/00000064_mask.png,train,lowlight,False,0,3145728,3145728,0.0
dissertation/data/processed/iddaw_masks/train/LOWLIGHT/gtSeg/133/00000055_mask.png,train,lowlight,False,0,3145725,3145728,0.0
dissertation/data/processed/iddaw_masks/train/LOWLIGHT/gtSeg/133/00000028_mask.png,train,lowlight,False,0,3145728,3145728,0.0
dissertation/data/processed/iddaw_masks/train/LOWLIGHT/gtSeg/133/00000039_mask.png,train,lowlight,False,0,3145728,3145728,0.0
dissertation/data/processed/iddaw_masks/train/LOWLIGHT/gtSeg/133/00000038_mask.png,train,lowlight,False,0,3145728,3145728,0.0
dissertation/data/processed/iddaw_masks/train/LOWLIGHT/gtSeg/133/00000062_mask.png,train,lowlight,False,0,3145683,3145728,0.0
dissertation/data/processed/iddaw_masks/train/LOWLIGHT/gtSeg/133/00000052_mask.png,train,lowlight,False,0,3145728,3145728,0.0
dissertation/data/processed/iddaw_masks/train/LOWLIGHT/gtSeg/133/00000051_mask.png,train,lowlight,False,0,3145439,3145728,0.0
dissertation/data/processed/iddaw_masks/train/LOWLIGHT/gtSeg/133/00000037_mask.png,train,lowlight,False,0,3145728,3145728,0.0
dissertation/data/processed/iddaw_masks/train/LOWLIGHT/gtSeg/133/00000009_mask.png,train,lowlight,False,0,3145714,3145728,0.0
dissertation/data/processed/iddaw_masks/train/LOWLIGHT/gtSeg/133/00000042_mask.png,train,lowlight,False,0,3145728,3145728,0.0
dissertation/data/processed/iddaw_masks/train/LOWLIGHT/gtSeg/133/00000054_mask.png,train,lowlight,False,0,3145073,3145728,0.0
dissertation/data/processed/iddaw_masks/train/LOWLIGHT/gtSeg/133/00000063_mask.png,train,lowlight,False,0,3145423,3145728,0.0
dissertation/data/processed/iddaw_masks/train/LOWLIGHT/gtSeg/133/00000071_mask.png,train,lowlight,False,0,3145728,3145728,0.0
dissertation/data/processed/iddaw_masks/train/LOWLIGHT/gtSeg/133/00000020_mask.png,train,lowlight,False,0,3145728,3145728,0.0
dissertation/data/processed/iddaw_masks/train/LOWLIGHT/gtSeg/133/00000058_mask.png,train,lowlight,False,0,3145689,3145728,0.0
dissertation/data/processed/iddaw_masks/train/LOWLIGHT/gtSeg/133/00000056_mask.png,train,lowlight,False,0,3145703,3145728,0.0
dissertation/data/processed/iddaw_masks/train/LOWLIGHT/gtSeg/133/00000046_mask.png,train,lowlight,False,0,3145728,3145728,0.0
dissertation/data/processed/iddaw_masks/train/LOWLIGHT/gtSeg/133/00000067_mask.png,train,lowlight,False,0,3145678,3145728,0.0
dissertation/data/processed/iddaw_masks/train/LOWLIGHT/gtSeg/133/00000016_mask.png,train,lowlight,False,0,2978154,3145728,0.0
dissertation/data/processed/iddaw_masks/train/LOWLIGHT/gtSeg/133/00000061_mask.png,train,lowlight,False,0,3145728,3145728,0.0
dissertation/data/processed/iddaw_masks/train/LOWLIGHT/gtSeg/133/00000036_mask.png,train,lowlight,False,0,3145659,3145728,0.0
dissertation/data/processed/iddaw_masks/train/LOWLIGHT/gtSeg/133/00000026_mask.png,train,lowlight,False,0,3145052,3145728,0.0
dissertation/data/processed/iddaw_masks/train/LOWLIGHT/gtSeg/133/00000045_mask.png,train,lowlight,False,0,3145728,3145728,0.0
dissertation/data/processed/iddaw_masks/train/LOWLIGHT/gtSeg/133/00000041_mask.png,train,lowlight,False,0,3145728,3145728,0.0
dissertation/data/processed/iddaw_masks/train/LOWLIGHT/gtSeg/133/00000004_mask.png,train,lowlight,False,0,3145728,3145728,0.0
dissertation/data/processed/iddaw_masks/train/LOWLIGHT/gtSeg/133/00000025_mask.png,train,lowlight,False,0,3145728,3145728,0.0
dissertation/data/processed/iddaw_masks/train/LOWLIGHT/gtSeg/133/00000008_mask.png,train,lowlight,False,0,3145618,3145728,0.0
dissertation/data/processed/iddaw_masks/train/LOWLIGHT/gtSeg/133/00000070_mask.png,train,lowlight,False,0,3145728,3145728,0.0
dissertation/data/processed/iddaw_masks/train/LOWLIGHT/gtSeg/133/00000060_mask.png,train,lowlight,False,0,3145719,3145728,0.0
dissertation/data/processed/iddaw_masks/train/LOWLIGHT/gtSeg/133/00000014_mask.png,train,lowlight,False,0,3145722,3145728,0.0
dissertation/data/processed/iddaw_masks/train/LOWLIGHT/gtSeg/133/00000032_mask.png,train,lowlight,False,0,3145723,3145728,0.0
dissertation/data/processed/iddaw_masks/train/LOWLIGHT/gtSeg/133/00000053_mask.png,train,lowlight,False,0,3145308,3145728,0.0
dissertation/data/processed/iddaw_masks/train/LOWLIGHT/gtSeg/133/00000003_mask.png,train,lowlight,False,0,3145683,3145728,0.0
dissertation/data/processed/iddaw_masks/train/LOWLIGHT/gtSeg/159/00000002_mask.png,train,lowlight,False,0,3145728,3145728,0.0
dissertation/data/processed/iddaw_masks/train/LOWLIGHT/gtSeg/159/00000013_mask.png,train,lowlight,False,0,3145708,3145728,0.0
dissertation/data/processed/iddaw_masks/train/LOWLIGHT/gtSeg/159/00000011_mask.png,train,lowlight,False,0,3145728,3145728,0.0
dissertation/data/processed/iddaw_masks/train/LOWLIGHT/gtSeg/159/00000000_mask.png,train,lowlight,False,0,3145724,3145728,0.0
dissertation/data/processed/iddaw_masks/train/LOWLIGHT/gtSeg/159/00000010_mask.png,train,lowlight,False,0,3143681,3145728,0.0
dissertation/data/processed/iddaw_masks/train/LOWLIGHT/gtSeg/159/00000005_mask.png,train,lowlight,False,0,3145728,3145728,0.0
dissertation/data/processed/iddaw_masks/train/LOWLIGHT/gtSeg/159/00000007_mask.png,train,lowlight,False,0,3145728,3145728,0.0
dissertation/data/processed/iddaw_masks/train/LOWLIGHT/gtSeg/159/00000015_mask.png,train,lowlight,False,0,3144121,3145728,0.0
dissertation/data/processed/iddaw_masks/train/LOWLIGHT/gtSeg/159/00000012_mask.png,train,lowlight,False,0,3144779,3145728,0.0
dissertation/data/processed/iddaw_masks/train/LOWLIGHT/gtSeg/159/00000001_mask.png,train,lowlight,False,0,3145728,3145728,0.0
dissertation/data/processed/iddaw_masks/train/LOWLIGHT/gtSeg/159/00000006_mask.png,train,lowlight,False,0,3142765,3145728,0.0
dissertation/data/processed/iddaw_masks/train/LOWLIGHT/gtSeg/159/00000009_mask.png,train,lowlight,False,0,3145728,3145728,0.0
dissertation/data/processed/iddaw_masks/train/LOWLIGHT/gtSeg/159/00000004_mask.png,train,lowlight,False,0,3145677,3145728,0.0
dissertation/data/processed/iddaw_masks/train/LOWLIGHT/gtSeg/159/00000008_mask.png,train,lowlight,False,0,3145728,3145728,0.0
dissertation/data/processed/iddaw_masks/train/LOWLIGHT/gtSeg/159/00000014_mask.png,train,lowlight,False,0,3145678,3145728,0.0
dissertation/data/processed/iddaw_masks/train/LOWLIGHT/gtSeg/159/00000003_mask.png,train,lowlight,False,0,3145726,3145728,0.0
dissertation/data/processed/iddaw_masks/train/LOWLIGHT/gtSeg/126/00000000_mask.png,train,lowlight,False,0,3145728,3145728,0.0
dissertation/data/processed/iddaw_masks/train/LOWLIGHT/gtSeg/150/00000000_mask.png,train,lowlight,True,1043,3145728,3145728,0.00033156077067057293
dissertation/data/processed/iddaw_masks/train/LOWLIGHT/gtSeg/150/00000001_mask.png,train,lowlight,True,1802,3145728,3145728,0.0005728403727213541
dissertation/data/processed/iddaw_masks/train/LOWLIGHT/gtSeg/122/00000000_mask.png,train,lowlight,False,0,3145711,3145728,0.0
dissertation/data/processed/iddaw_masks/train/LOWLIGHT/gtSeg/122/00000001_mask.png,train,lowlight,False,0,3145728,3145728,0.0
dissertation/data/processed/iddaw_masks/train/LOWLIGHT/gtSeg/141/00000002_mask.png,train,lowlight,False,0,3145728,3145728,0.0
dissertation/data/processed/iddaw_masks/train/LOWLIGHT/gtSeg/141/00000000_mask.png,train,lowlight,False,0,3145728,3145728,0.0
dissertation/data/processed/iddaw_masks/train/LOWLIGHT/gtSeg/141/00000001_mask.png,train,lowlight,False,0,3145728,3145728,0.0
dissertation/data/processed/iddaw_masks/train/LOWLIGHT/gtSeg/117/00000002_mask.png,train,lowlight,False,0,3145664,3145728,0.0
dissertation/data/processed/iddaw_masks/train/LOWLIGHT/gtSeg/117/00000000_mask.png,train,lowlight,False,0,3145728,3145728,0.0
dissertation/data/processed/iddaw_masks/train/LOWLIGHT/gtSeg/117/00000005_mask.png,train,lowlight,False,0,3144030,3145728,0.0
dissertation/data/processed/iddaw_masks/train/LOWLIGHT/gtSeg/117/00000001_mask.png,train,lowlight,False,0,3145397,3145728,0.0
dissertation/data/processed/iddaw_masks/train/LOWLIGHT/gtSeg/117/00000004_mask.png,train,lowlight,False,0,3145567,3145728,0.0
dissertation/data/processed/iddaw_masks/train/LOWLIGHT/gtSeg/117/00000003_mask.png,train,lowlight,False,0,3144774,3145728,0.0
dissertation/data/processed/iddaw_masks/train/LOWLIGHT/gtSeg/165/00000000_mask.png,train,lowlight,False,0,3145712,3145728,0.0
dissertation/data/processed/iddaw_masks/train/LOWLIGHT/gtSeg/176/00000002_mask.png,train,lowlight,False,0,3145728,3145728,0.0
dissertation/data/processed/iddaw_masks/train/LOWLIGHT/gtSeg/176/00000000_mask.png,train,lowlight,False,0,3145697,3145728,0.0
dissertation/data/processed/iddaw_masks/train/LOWLIGHT/gtSeg/176/00000001_mask.png,train,lowlight,False,0,3145728,3145728,0.0
dissertation/data/processed/iddaw_masks/train/LOWLIGHT/gtSeg/176/00000004_mask.png,train,lowlight,False,0,3145720,3145728,0.0
dissertation/data/processed/iddaw_masks/train/LOWLIGHT/gtSeg/176/00000003_mask.png,train,lowlight,False,0,3145728,3145728,0.0
dissertation/data/processed/iddaw_masks/train/LOWLIGHT/gtSeg/130/00000002_mask.png,train,lowlight,False,0,3145609,3145728,0.0
dissertation/data/processed/iddaw_masks/train/LOWLIGHT/gtSeg/130/00000013_mask.png,train,lowlight,False,0,3143675,3145728,0.0
dissertation/data/processed/iddaw_masks/train/LOWLIGHT/gtSeg/130/00000018_mask.png,train,lowlight,False,0,3145640,3145728,0.0
dissertation/data/processed/iddaw_masks/train/LOWLIGHT/gtSeg/130/00000017_mask.png,train,lowlight,False,0,3145615,3145728,0.0
dissertation/data/processed/iddaw_masks/train/LOWLIGHT/gtSeg/130/00000024_mask.png,train,lowlight,False,0,3145630,3145728,0.0
dissertation/data/processed/iddaw_masks/train/LOWLIGHT/gtSeg/130/00000021_mask.png,train,lowlight,False,0,3142810,3145728,0.0
dissertation/data/processed/iddaw_masks/train/LOWLIGHT/gtSeg/130/00000011_mask.png,train,lowlight,False,0,3145621,3145728,0.0
dissertation/data/processed/iddaw_masks/train/LOWLIGHT/gtSeg/130/00000000_mask.png,train,lowlight,False,0,3145692,3145728,0.0
dissertation/data/processed/iddaw_masks/train/LOWLIGHT/gtSeg/130/00000010_mask.png,train,lowlight,False,0,3145728,3145728,0.0
dissertation/data/processed/iddaw_masks/train/LOWLIGHT/gtSeg/130/00000019_mask.png,train,lowlight,False,0,3145728,3145728,0.0
dissertation/data/processed/iddaw_masks/train/LOWLIGHT/gtSeg/130/00000005_mask.png,train,lowlight,False,0,3145728,3145728,0.0
dissertation/data/processed/iddaw_masks/train/LOWLIGHT/gtSeg/130/00000007_mask.png,train,lowlight,False,0,3145728,3145728,0.0
dissertation/data/processed/iddaw_masks/train/LOWLIGHT/gtSeg/130/00000023_mask.png,train,lowlight,False,0,3143767,3145728,0.0
dissertation/data/processed/iddaw_masks/train/LOWLIGHT/gtSeg/130/00000022_mask.png,train,lowlight,False,0,3144768,3145728,0.0
dissertation/data/processed/iddaw_masks/train/LOWLIGHT/gtSeg/130/00000015_mask.png,train,lowlight,False,0,3145728,3145728,0.0
dissertation/data/processed/iddaw_masks/train/LOWLIGHT/gtSeg/130/00000012_mask.png,train,lowlight,False,0,3145621,3145728,0.0
dissertation/data/processed/iddaw_masks/train/LOWLIGHT/gtSeg/130/00000001_mask.png,train,lowlight,False,0,3145728,3145728,0.0
dissertation/data/processed/iddaw_masks/train/LOWLIGHT/gtSeg/130/00000006_mask.png,train,lowlight,False,0,3145710,3145728,0.0
dissertation/data/processed/iddaw_masks/train/LOWLIGHT/gtSeg/130/00000009_mask.png,train,lowlight,False,0,3145718,3145728,0.0
dissertation/data/processed/iddaw_masks/train/LOWLIGHT/gtSeg/130/00000020_mask.png,train,lowlight,False,0,3145728,3145728,0.0
dissertation/data/processed/iddaw_masks/train/LOWLIGHT/gtSeg/130/00000016_mask.png,train,lowlight,False,0,3142458,3145728,0.0
dissertation/data/processed/iddaw_masks/train/LOWLIGHT/gtSeg/130/00000004_mask.png,train,lowlight,False,0,3145691,3145728,0.0
dissertation/data/processed/iddaw_masks/train/LOWLIGHT/gtSeg/130/00000025_mask.png,train,lowlight,False,0,3145691,3145728,0.0
dissertation/data/processed/iddaw_masks/train/LOWLIGHT/gtSeg/130/00000008_mask.png,train,lowlight,False,0,3145712,3145728,0.0
dissertation/data/processed/iddaw_masks/train/LOWLIGHT/gtSeg/130/00000014_mask.png,train,lowlight,False,0,3145728,3145728,0.0
dissertation/data/processed/iddaw_masks/train/LOWLIGHT/gtSeg/130/00000003_mask.png,train,lowlight,False,0,3145728,3145728,0.0
dissertation/data/processed/iddaw_masks/train/LOWLIGHT/gtSeg/173/00000002_mask.png,train,lowlight,False,0,3145728,3145728,0.0
dissertation/data/processed/iddaw_masks/train/LOWLIGHT/gtSeg/173/00000013_mask.png,train,lowlight,False,0,3145599,3145728,0.0
dissertation/data/processed/iddaw_masks/train/LOWLIGHT/gtSeg/173/00000018_mask.png,train,lowlight,False,0,3145728,3145728,0.0
dissertation/data/processed/iddaw_masks/train/LOWLIGHT/gtSeg/173/00000017_mask.png,train,lowlight,False,0,3145597,3145728,0.0
dissertation/data/processed/iddaw_masks/train/LOWLIGHT/gtSeg/173/00000024_mask.png,train,lowlight,False,0,3145708,3145728,0.0
dissertation/data/processed/iddaw_masks/train/LOWLIGHT/gtSeg/173/00000021_mask.png,train,lowlight,False,0,3145728,3145728,0.0
dissertation/data/processed/iddaw_masks/train/LOWLIGHT/gtSeg/173/00000011_mask.png,train,lowlight,False,0,3145693,3145728,0.0
dissertation/data/processed/iddaw_masks/train/LOWLIGHT/gtSeg/173/00000000_mask.png,train,lowlight,False,0,3145661,3145728,0.0
dissertation/data/processed/iddaw_masks/train/LOWLIGHT/gtSeg/173/00000010_mask.png,train,lowlight,False,0,3145726,3145728,0.0
dissertation/data/processed/iddaw_masks/train/LOWLIGHT/gtSeg/173/00000019_mask.png,train,lowlight,False,0,3145677,3145728,0.0
dissertation/data/processed/iddaw_masks/train/LOWLIGHT/gtSeg/173/00000005_mask.png,train,lowlight,False,0,3145632,3145728,0.0
dissertation/data/processed/iddaw_masks/train/LOWLIGHT/gtSeg/173/00000007_mask.png,train,lowlight,False,0,3145721,3145728,0.0
dissertation/data/processed/iddaw_masks/train/LOWLIGHT/gtSeg/173/00000023_mask.png,train,lowlight,False,0,3142430,3145728,0.0
dissertation/data/processed/iddaw_masks/train/LOWLIGHT/gtSeg/173/00000022_mask.png,train,lowlight,False,0,3145728,3145728,0.0
dissertation/data/processed/iddaw_masks/train/LOWLIGHT/gtSeg/173/00000015_mask.png,train,lowlight,False,0,3145667,3145728,0.0
dissertation/data/processed/iddaw_masks/train/LOWLIGHT/gtSeg/173/00000012_mask.png,train,lowlight,False,0,3144204,3145728,0.0
dissertation/data/processed/iddaw_masks/train/LOWLIGHT/gtSeg/173/00000001_mask.png,train,lowlight,False,0,3145728,3145728,0.0
dissertation/data/processed/iddaw_masks/train/LOWLIGHT/gtSeg/173/00000006_mask.png,train,lowlight,False,0,3144745,3145728,0.0
dissertation/data/processed/iddaw_masks/train/LOWLIGHT/gtSeg/173/00000009_mask.png,train,lowlight,False,0,3145728,3145728,0.0
dissertation/data/processed/iddaw_masks/train/LOWLIGHT/gtSeg/173/00000020_mask.png,train,lowlight,False,0,3145728,3145728,0.0
dissertation/data/processed/iddaw_masks/train/LOWLIGHT/gtSeg/173/00000016_mask.png,train,lowlight,False,0,3145461,3145728,0.0
dissertation/data/processed/iddaw_masks/train/LOWLIGHT/gtSeg/173/00000026_mask.png,train,lowlight,False,0,3145681,3145728,0.0
dissertation/data/processed/iddaw_masks/train/LOWLIGHT/gtSeg/173/00000004_mask.png,train,lowlight,False,0,3145728,3145728,0.0
dissertation/data/processed/iddaw_masks/train/LOWLIGHT/gtSeg/173/00000025_mask.png,train,lowlight,False,0,3145690,3145728,0.0
dissertation/data/processed/iddaw_masks/train/LOWLIGHT/gtSeg/173/00000008_mask.png,train,lowlight,False,0,3145728,3145728,0.0
dissertation/data/processed/iddaw_masks/train/LOWLIGHT/gtSeg/173/00000014_mask.png,train,lowlight,False,0,3145503,3145728,0.0
dissertation/data/processed/iddaw_masks/train/LOWLIGHT/gtSeg/173/00000003_mask.png,train,lowlight,False,0,3145586,3145728,0.0
dissertation/data/processed/iddaw_masks/train/LOWLIGHT/gtSeg/154/00000000_mask.png,train,lowlight,False,0,3145728,3145728,0.0
dissertation/data/processed/iddaw_masks/train/LOWLIGHT/gtSeg/162/00000000_mask.png,train,lowlight,False,0,3145728,3145728,0.0
dissertation/data/processed/iddaw_masks/train/LOWLIGHT/gtSeg/156/00000002_mask.png,train,lowlight,False,0,3145728,3145728,0.0
dissertation/data/processed/iddaw_masks/train/LOWLIGHT/gtSeg/156/00000013_mask.png,train,lowlight,False,0,3145728,3145728,0.0
dissertation/data/processed/iddaw_masks/train/LOWLIGHT/gtSeg/156/00000011_mask.png,train,lowlight,False,0,3145728,3145728,0.0
dissertation/data/processed/iddaw_masks/train/LOWLIGHT/gtSeg/156/00000000_mask.png,train,lowlight,False,0,3145728,3145728,0.0
dissertation/data/processed/iddaw_masks/train/LOWLIGHT/gtSeg/156/00000010_mask.png,train,lowlight,False,0,3145728,3145728,0.0
dissertation/data/processed/iddaw_masks/train/LOWLIGHT/gtSeg/156/00000005_mask.png,train,lowlight,False,0,3145717,3145728,0.0
dissertation/data/processed/iddaw_masks/train/LOWLIGHT/gtSeg/156/00000007_mask.png,train,lowlight,False,0,3145728,3145728,0.0
dissertation/data/processed/iddaw_masks/train/LOWLIGHT/gtSeg/156/00000015_mask.png,train,lowlight,False,0,3145728,3145728,0.0
dissertation/data/processed/iddaw_masks/train/LOWLIGHT/gtSeg/156/00000012_mask.png,train,lowlight,False,0,3145723,3145728,0.0
dissertation/data/processed/iddaw_masks/train/LOWLIGHT/gtSeg/156/00000001_mask.png,train,lowlight,False,0,3145727,3145728,0.0
dissertation/data/processed/iddaw_masks/train/LOWLIGHT/gtSeg/156/00000006_mask.png,train,lowlight,False,0,3145728,3145728,0.0
dissertation/data/processed/iddaw_masks/train/LOWLIGHT/gtSeg/156/00000009_mask.png,train,lowlight,False,0,3145388,3145728,0.0
dissertation/data/processed/iddaw_masks/train/LOWLIGHT/gtSeg/156/00000016_mask.png,train,lowlight,True,91,3145728,3145728,2.8928120930989582e-05
dissertation/data/processed/iddaw_masks/train/LOWLIGHT/gtSeg/156/00000004_mask.png,train,lowlight,False,0,3145713,3145728,0.0
dissertation/data/processed/iddaw_masks/train/LOWLIGHT/gtSeg/156/00000008_mask.png,train,lowlight,False,0,3145728,3145728,0.0
dissertation/data/processed/iddaw_masks/train/LOWLIGHT/gtSeg/156/00000014_mask.png,train,lowlight,False,0,3145728,3145728,0.0
dissertation/data/processed/iddaw_masks/train/LOWLIGHT/gtSeg/156/00000003_mask.png,train,lowlight,False,0,3145728,3145728,0.0
dissertation/data/processed/iddaw_masks/train/LOWLIGHT/gtSeg/167/00000002_mask.png,train,lowlight,False,0,3145728,3145728,0.0
dissertation/data/processed/iddaw_masks/train/LOWLIGHT/gtSeg/167/00000013_mask.png,train,lowlight,True,193,3145663,3145728,6.135431544955706e-05
dissertation/data/processed/iddaw_masks/train/LOWLIGHT/gtSeg/167/00000018_mask.png,train,lowlight,False,0,3145728,3145728,0.0
dissertation/data/processed/iddaw_masks/train/LOWLIGHT/gtSeg/167/00000017_mask.png,train,lowlight,False,0,3145067,3145728,0.0
dissertation/data/processed/iddaw_masks/train/LOWLIGHT/gtSeg/167/00000021_mask.png,train,lowlight,False,0,3145728,3145728,0.0
dissertation/data/processed/iddaw_masks/train/LOWLIGHT/gtSeg/167/00000011_mask.png,train,lowlight,False,0,3145728,3145728,0.0
dissertation/data/processed/iddaw_masks/train/LOWLIGHT/gtSeg/167/00000000_mask.png,train,lowlight,False,0,3145728,3145728,0.0
dissertation/data/processed/iddaw_masks/train/LOWLIGHT/gtSeg/167/00000010_mask.png,train,lowlight,True,734,3145728,3145728,0.00023333231608072916
dissertation/data/processed/iddaw_masks/train/LOWLIGHT/gtSeg/167/00000019_mask.png,train,lowlight,False,0,3145722,3145728,0.0
dissertation/data/processed/iddaw_masks/train/LOWLIGHT/gtSeg/167/00000005_mask.png,train,lowlight,False,0,3145728,3145728,0.0
dissertation/data/processed/iddaw_masks/train/LOWLIGHT/gtSeg/167/00000007_mask.png,train,lowlight,True,7320,3145728,3145728,0.00232696533203125
dissertation/data/processed/iddaw_masks/train/LOWLIGHT/gtSeg/167/00000023_mask.png,train,lowlight,False,0,3145728,3145728,0.0
dissertation/data/processed/iddaw_masks/train/LOWLIGHT/gtSeg/167/00000022_mask.png,train,lowlight,False,0,3145727,3145728,0.0
dissertation/data/processed/iddaw_masks/train/LOWLIGHT/gtSeg/167/00000015_mask.png,train,lowlight,False,0,3145728,3145728,0.0
dissertation/data/processed/iddaw_masks/train/LOWLIGHT/gtSeg/167/00000012_mask.png,train,lowlight,False,0,3145728,3145728,0.0
dissertation/data/processed/iddaw_masks/train/LOWLIGHT/gtSeg/167/00000001_mask.png,train,lowlight,False,0,3145718,3145728,0.0
dissertation/data/processed/iddaw_masks/train/LOWLIGHT/gtSeg/167/00000006_mask.png,train,lowlight,False,0,3145728,3145728,0.0
dissertation/data/processed/iddaw_masks/train/LOWLIGHT/gtSeg/167/00000009_mask.png,train,lowlight,True,261,3145728,3145728,8.296966552734375e-05
dissertation/data/processed/iddaw_masks/train/LOWLIGHT/gtSeg/167/00000020_mask.png,train,lowlight,False,0,3145728,3145728,0.0
dissertation/data/processed/iddaw_masks/train/LOWLIGHT/gtSeg/167/00000016_mask.png,train,lowlight,False,0,3145728,3145728,0.0
dissertation/data/processed/iddaw_masks/train/LOWLIGHT/gtSeg/167/00000004_mask.png,train,lowlight,False,0,3145728,3145728,0.0
dissertation/data/processed/iddaw_masks/train/LOWLIGHT/gtSeg/167/00000008_mask.png,train,lowlight,True,146,3145727,3145728,4.641216481913402e-05
dissertation/data/processed/iddaw_masks/train/LOWLIGHT/gtSeg/167/00000014_mask.png,train,lowlight,False,0,3145615,3145728,0.0
dissertation/data/processed/iddaw_masks/train/LOWLIGHT/gtSeg/167/00000003_mask.png,train,lowlight,False,0,3145728,3145728,0.0
dissertation/data/processed/iddaw_masks/train/LOWLIGHT/gtSeg/127/00000000_mask.png,train,lowlight,False,0,3145728,3145728,0.0
dissertation/data/processed/iddaw_masks/train/LOWLIGHT/gtSeg/119/00000000_mask.png,train,lowlight,False,0,3145699,3145728,0.0
dissertation/data/processed/iddaw_masks/train/LOWLIGHT/gtSeg/119/00000001_mask.png,train,lowlight,False,0,3145728,3145728,0.0
dissertation/data/processed/iddaw_masks/train/LOWLIGHT/gtSeg/170/00000002_mask.png,train,lowlight,False,0,3145728,3145728,0.0
dissertation/data/processed/iddaw_masks/train/LOWLIGHT/gtSeg/170/00000034_mask.png,train,lowlight,False,0,3139658,3145728,0.0
dissertation/data/processed/iddaw_masks/train/LOWLIGHT/gtSeg/170/00000013_mask.png,train,lowlight,False,0,3145728,3145728,0.0
dissertation/data/processed/iddaw_masks/train/LOWLIGHT/gtSeg/170/00000018_mask.png,train,lowlight,False,0,3145728,3145728,0.0
dissertation/data/processed/iddaw_masks/train/LOWLIGHT/gtSeg/170/00000029_mask.png,train,lowlight,False,0,3145728,3145728,0.0
dissertation/data/processed/iddaw_masks/train/LOWLIGHT/gtSeg/170/00000017_mask.png,train,lowlight,False,0,3145728,3145728,0.0
dissertation/data/processed/iddaw_masks/train/LOWLIGHT/gtSeg/170/00000024_mask.png,train,lowlight,False,0,3145728,3145728,0.0
dissertation/data/processed/iddaw_masks/train/LOWLIGHT/gtSeg/170/00000021_mask.png,train,lowlight,False,0,3145728,3145728,0.0
dissertation/data/processed/iddaw_masks/train/LOWLIGHT/gtSeg/170/00000035_mask.png,train,lowlight,False,0,3145726,3145728,0.0
dissertation/data/processed/iddaw_masks/train/LOWLIGHT/gtSeg/170/00000011_mask.png,train,lowlight,False,0,3145670,3145728,0.0
dissertation/data/processed/iddaw_masks/train/LOWLIGHT/gtSeg/170/00000000_mask.png,train,lowlight,False,0,3145728,3145728,0.0
dissertation/data/processed/iddaw_masks/train/LOWLIGHT/gtSeg/170/00000010_mask.png,train,lowlight,False,0,3145695,3145728,0.0
dissertation/data/processed/iddaw_masks/train/LOWLIGHT/gtSeg/170/00000019_mask.png,train,lowlight,False,0,3145611,3145728,0.0
dissertation/data/processed/iddaw_masks/train/LOWLIGHT/gtSeg/170/00000005_mask.png,train,lowlight,False,0,3145728,3145728,0.0
dissertation/data/processed/iddaw_masks/train/LOWLIGHT/gtSeg/170/00000043_mask.png,train,lowlight,False,0,3145705,3145728,0.0
dissertation/data/processed/iddaw_masks/train/LOWLIGHT/gtSeg/170/00000007_mask.png,train,lowlight,False,0,3145728,3145728,0.0
dissertation/data/processed/iddaw_masks/train/LOWLIGHT/gtSeg/170/00000047_mask.png,train,lowlight,False,0,3143751,3145728,0.0
dissertation/data/processed/iddaw_masks/train/LOWLIGHT/gtSeg/170/00000027_mask.png,train,lowlight,False,0,3145687,3145728,0.0
dissertation/data/processed/iddaw_masks/train/LOWLIGHT/gtSeg/170/00000023_mask.png,train,lowlight,False,0,3145714,3145728,0.0
dissertation/data/processed/iddaw_masks/train/LOWLIGHT/gtSeg/170/00000040_mask.png,train,lowlight,False,0,3145726,3145728,0.0
dissertation/data/processed/iddaw_masks/train/LOWLIGHT/gtSeg/170/00000022_mask.png,train,lowlight,False,0,3145728,3145728,0.0
dissertation/data/processed/iddaw_masks/train/LOWLIGHT/gtSeg/170/00000015_mask.png,train,lowlight,False,0,3145728,3145728,0.0
dissertation/data/processed/iddaw_masks/train/LOWLIGHT/gtSeg/170/00000044_mask.png,train,lowlight,False,0,3145728,3145728,0.0
dissertation/data/processed/iddaw_masks/train/LOWLIGHT/gtSeg/170/00000012_mask.png,train,lowlight,False,0,3145716,3145728,0.0
dissertation/data/processed/iddaw_masks/train/LOWLIGHT/gtSeg/170/00000001_mask.png,train,lowlight,False,0,3145546,3145728,0.0
dissertation/data/processed/iddaw_masks/train/LOWLIGHT/gtSeg/170/00000006_mask.png,train,lowlight,False,0,3145728,3145728,0.0
dissertation/data/processed/iddaw_masks/train/LOWLIGHT/gtSeg/170/00000030_mask.png,train,lowlight,False,0,3145728,3145728,0.0
dissertation/data/processed/iddaw_masks/train/LOWLIGHT/gtSeg/170/00000031_mask.png,train,lowlight,False,0,3145728,3145728,0.0
dissertation/data/processed/iddaw_masks/train/LOWLIGHT/gtSeg/170/00000033_mask.png,train,lowlight,False,0,3145581,3145728,0.0
dissertation/data/processed/iddaw_masks/train/LOWLIGHT/gtSeg/170/00000028_mask.png,train,lowlight,False,0,3145704,3145728,0.0
dissertation/data/processed/iddaw_masks/train/LOWLIGHT/gtSeg/170/00000039_mask.png,train,lowlight,False,0,3145642,3145728,0.0
dissertation/data/processed/iddaw_masks/train/LOWLIGHT/gtSeg/170/00000038_mask.png,train,lowlight,False,0,3145549,3145728,0.0
dissertation/data/processed/iddaw_masks/train/LOWLIGHT/gtSeg/170/00000037_mask.png,train,lowlight,False,0,3145649,3145728,0.0
dissertation/data/processed/iddaw_masks/train/LOWLIGHT/gtSeg/170/00000009_mask.png,train,lowlight,False,0,3145720,3145728,0.0
dissertation/data/processed/iddaw_masks/train/LOWLIGHT/gtSeg/170/00000042_mask.png,train,lowlight,False,0,3145728,3145728,0.0
dissertation/data/processed/iddaw_masks/train/LOWLIGHT/gtSeg/170/00000020_mask.png,train,lowlight,False,0,3145728,3145728,0.0
dissertation/data/processed/iddaw_masks/train/LOWLIGHT/gtSeg/170/00000046_mask.png,train,lowlight,False,0,3145696,3145728,0.0
dissertation/data/processed/iddaw_masks/train/LOWLIGHT/gtSeg/170/00000016_mask.png,train,lowlight,False,0,3145728,3145728,0.0
dissertation/data/processed/iddaw_masks/train/LOWLIGHT/gtSeg/170/00000036_mask.png,train,lowlight,False,0,3145704,3145728,0.0
dissertation/data/processed/iddaw_masks/train/LOWLIGHT/gtSeg/170/00000026_mask.png,train,lowlight,False,0,3145728,3145728,0.0
dissertation/data/processed/iddaw_masks/train/LOWLIGHT/gtSeg/170/00000045_mask.png,train,lowlight,False,0,3143681,3145728,0.0
dissertation/data/processed/iddaw_masks/train/LOWLIGHT/gtSeg/170/00000041_mask.png,train,lowlight,False,0,3145728,3145728,0.0
dissertation/data/processed/iddaw_masks/train/LOWLIGHT/gtSeg/170/00000004_mask.png,train,lowlight,False,0,3145728,3145728,0.0
dissertation/data/processed/iddaw_masks/train/LOWLIGHT/gtSeg/170/00000025_mask.png,train,lowlight,False,0,3145726,3145728,0.0
dissertation/data/processed/iddaw_masks/train/LOWLIGHT/gtSeg/170/00000008_mask.png,train,lowlight,False,0,3145728,3145728,0.0
dissertation/data/processed/iddaw_masks/train/LOWLIGHT/gtSeg/170/00000014_mask.png,train,lowlight,False,0,3145728,3145728,0.0
dissertation/data/processed/iddaw_masks/train/LOWLIGHT/gtSeg/170/00000032_mask.png,train,lowlight,False,0,3145248,3145728,0.0
dissertation/data/processed/iddaw_masks/train/LOWLIGHT/gtSeg/170/00000003_mask.png,train,lowlight,False,0,3145728,3145728,0.0
dissertation/data/processed/iddaw_masks/train/LOWLIGHT/gtSeg/166/00000002_mask.png,train,lowlight,False,0,3145728,3145728,0.0
dissertation/data/processed/iddaw_masks/train/LOWLIGHT/gtSeg/166/00000013_mask.png,train,lowlight,False,0,3145643,3145728,0.0
dissertation/data/processed/iddaw_masks/train/LOWLIGHT/gtSeg/166/00000011_mask.png,train,lowlight,False,0,3145728,3145728,0.0
dissertation/data/processed/iddaw_masks/train/LOWLIGHT/gtSeg/166/00000000_mask.png,train,lowlight,False,0,3145728,3145728,0.0
dissertation/data/processed/iddaw_masks/train/LOWLIGHT/gtSeg/166/00000010_mask.png,train,lowlight,False,0,3145625,3145728,0.0
dissertation/data/processed/iddaw_masks/train/LOWLIGHT/gtSeg/166/00000005_mask.png,train,lowlight,True,1032,3144307,3145728,0.00032821222609624316
dissertation/data/processed/iddaw_masks/train/LOWLIGHT/gtSeg/166/00000007_mask.png,train,lowlight,False,0,3145728,3145728,0.0
dissertation/data/processed/iddaw_masks/train/LOWLIGHT/gtSeg/166/00000015_mask.png,train,lowlight,False,0,3145563,3145728,0.0
dissertation/data/processed/iddaw_masks/train/LOWLIGHT/gtSeg/166/00000012_mask.png,train,lowlight,False,0,3145728,3145728,0.0
dissertation/data/processed/iddaw_masks/train/LOWLIGHT/gtSeg/166/00000001_mask.png,train,lowlight,False,0,3145728,3145728,0.0
dissertation/data/processed/iddaw_masks/train/LOWLIGHT/gtSeg/166/00000006_mask.png,train,lowlight,False,0,3145722,3145728,0.0
dissertation/data/processed/iddaw_masks/train/LOWLIGHT/gtSeg/166/00000009_mask.png,train,lowlight,False,0,3145724,3145728,0.0
dissertation/data/processed/iddaw_masks/train/LOWLIGHT/gtSeg/166/00000004_mask.png,train,lowlight,True,47486,3144028,3145728,0.015103555057397708
dissertation/data/processed/iddaw_masks/train/LOWLIGHT/gtSeg/166/00000008_mask.png,train,lowlight,False,0,3145728,3145728,0.0
dissertation/data/processed/iddaw_masks/train/LOWLIGHT/gtSeg/166/00000014_mask.png,train,lowlight,False,0,3145728,3145728,0.0
dissertation/data/processed/iddaw_masks/train/LOWLIGHT/gtSeg/166/00000003_mask.png,train,lowlight,False,0,3139147,3145728,0.0
dissertation/data/processed/iddaw_masks/train/LOWLIGHT/gtSeg/160/00000002_mask.png,train,lowlight,False,0,3145728,3145728,0.0
dissertation/data/processed/iddaw_masks/train/LOWLIGHT/gtSeg/160/00000013_mask.png,train,lowlight,False,0,3145728,3145728,0.0
dissertation/data/processed/iddaw_masks/train/LOWLIGHT/gtSeg/160/00000018_mask.png,train,lowlight,False,0,3145728,3145728,0.0
dissertation/data/processed/iddaw_masks/train/LOWLIGHT/gtSeg/160/00000029_mask.png,train,lowlight,False,0,3141637,3145728,0.0
dissertation/data/processed/iddaw_masks/train/LOWLIGHT/gtSeg/160/00000017_mask.png,train,lowlight,False,0,3145728,3145728,0.0
dissertation/data/processed/iddaw_masks/train/LOWLIGHT/gtSeg/160/00000024_mask.png,train,lowlight,False,0,3145728,3145728,0.0
dissertation/data/processed/iddaw_masks/train/LOWLIGHT/gtSeg/160/00000021_mask.png,train,lowlight,False,0,3143675,3145728,0.0
dissertation/data/processed/iddaw_masks/train/LOWLIGHT/gtSeg/160/00000011_mask.png,train,lowlight,False,0,3145728,3145728,0.0
dissertation/data/processed/iddaw_masks/train/LOWLIGHT/gtSeg/160/00000000_mask.png,train,lowlight,False,0,3145728,3145728,0.0
dissertation/data/processed/iddaw_masks/train/LOWLIGHT/gtSeg/160/00000010_mask.png,train,lowlight,False,0,3145728,3145728,0.0
dissertation/data/processed/iddaw_masks/train/LOWLIGHT/gtSeg/160/00000019_mask.png,train,lowlight,False,0,3145728,3145728,0.0
dissertation/data/processed/iddaw_masks/train/LOWLIGHT/gtSeg/160/00000005_mask.png,train,lowlight,False,0,3145500,3145728,0.0
dissertation/data/processed/iddaw_masks/train/LOWLIGHT/gtSeg/160/00000007_mask.png,train,lowlight,False,0,3145728,3145728,0.0
dissertation/data/processed/iddaw_masks/train/LOWLIGHT/gtSeg/160/00000027_mask.png,train,lowlight,False,0,3145716,3145728,0.0
dissertation/data/processed/iddaw_masks/train/LOWLIGHT/gtSeg/160/00000023_mask.png,train,lowlight,False,0,3145728,3145728,0.0
dissertation/data/processed/iddaw_masks/train/LOWLIGHT/gtSeg/160/00000022_mask.png,train,lowlight,False,0,3145728,3145728,0.0
dissertation/data/processed/iddaw_masks/train/LOWLIGHT/gtSeg/160/00000015_mask.png,train,lowlight,False,0,3145728,3145728,0.0
dissertation/data/processed/iddaw_masks/train/LOWLIGHT/gtSeg/160/00000012_mask.png,train,lowlight,False,0,3145728,3145728,0.0
dissertation/data/processed/iddaw_masks/train/LOWLIGHT/gtSeg/160/00000001_mask.png,train,lowlight,False,0,3145711,3145728,0.0
dissertation/data/processed/iddaw_masks/train/LOWLIGHT/gtSeg/160/00000006_mask.png,train,lowlight,False,0,3143667,3145728,0.0
dissertation/data/processed/iddaw_masks/train/LOWLIGHT/gtSeg/160/00000030_mask.png,train,lowlight,False,0,3145718,3145728,0.0
dissertation/data/processed/iddaw_masks/train/LOWLIGHT/gtSeg/160/00000028_mask.png,train,lowlight,False,0,3145728,3145728,0.0
dissertation/data/processed/iddaw_masks/train/LOWLIGHT/gtSeg/160/00000009_mask.png,train,lowlight,False,0,3145719,3145728,0.0
dissertation/data/processed/iddaw_masks/train/LOWLIGHT/gtSeg/160/00000020_mask.png,train,lowlight,False,0,3145519,3145728,0.0
dissertation/data/processed/iddaw_masks/train/LOWLIGHT/gtSeg/160/00000016_mask.png,train,lowlight,False,0,3145684,3145728,0.0
dissertation/data/processed/iddaw_masks/train/LOWLIGHT/gtSeg/160/00000026_mask.png,train,lowlight,False,0,3145724,3145728,0.0
dissertation/data/processed/iddaw_masks/train/LOWLIGHT/gtSeg/160/00000004_mask.png,train,lowlight,False,0,3145728,3145728,0.0
dissertation/data/processed/iddaw_masks/train/LOWLIGHT/gtSeg/160/00000025_mask.png,train,lowlight,False,0,3145728,3145728,0.0
dissertation/data/processed/iddaw_masks/train/LOWLIGHT/gtSeg/160/00000008_mask.png,train,lowlight,False,0,3145724,3145728,0.0
dissertation/data/processed/iddaw_masks/train/LOWLIGHT/gtSeg/160/00000014_mask.png,train,lowlight,False,0,3145728,3145728,0.0
dissertation/data/processed/iddaw_masks/train/LOWLIGHT/gtSeg/160/00000003_mask.png,train,lowlight,False,0,3145725,3145728,0.0
dissertation/data/processed/iddaw_masks/train/LOWLIGHT/gtSeg/135/00000000_mask.png,train,lowlight,False,0,3145728,3145728,0.0
dissertation/data/processed/iddaw_masks/train/LOWLIGHT/gtSeg/112/00000002_mask.png,train,lowlight,False,0,3145728,3145728,0.0
dissertation/data/processed/iddaw_masks/train/LOWLIGHT/gtSeg/112/00000013_mask.png,train,lowlight,False,0,3145726,3145728,0.0
dissertation/data/processed/iddaw_masks/train/LOWLIGHT/gtSeg/112/00000018_mask.png,train,lowlight,False,0,3145728,3145728,0.0
dissertation/data/processed/iddaw_masks/train/LOWLIGHT/gtSeg/112/00000017_mask.png,train,lowlight,False,0,3145723,3145728,0.0
dissertation/data/processed/iddaw_masks/train/LOWLIGHT/gtSeg/112/00000011_mask.png,train,lowlight,False,0,3145728,3145728,0.0
dissertation/data/processed/iddaw_masks/train/LOWLIGHT/gtSeg/112/00000000_mask.png,train,lowlight,False,0,3145728,3145728,0.0
dissertation/data/processed/iddaw_masks/train/LOWLIGHT/gtSeg/112/00000010_mask.png,train,lowlight,False,0,3145728,3145728,0.0
dissertation/data/processed/iddaw_masks/train/LOWLIGHT/gtSeg/112/00000005_mask.png,train,lowlight,False,0,3145728,3145728,0.0
dissertation/data/processed/iddaw_masks/train/LOWLIGHT/gtSeg/112/00000007_mask.png,train,lowlight,False,0,3141634,3145728,0.0
dissertation/data/processed/iddaw_masks/train/LOWLIGHT/gtSeg/112/00000015_mask.png,train,lowlight,False,0,3145658,3145728,0.0
dissertation/data/processed/iddaw_masks/train/LOWLIGHT/gtSeg/112/00000012_mask.png,train,lowlight,False,0,3145728,3145728,0.0
dissertation/data/processed/iddaw_masks/train/LOWLIGHT/gtSeg/112/00000001_mask.png,train,lowlight,False,0,3145728,3145728,0.0
dissertation/data/processed/iddaw_masks/train/LOWLIGHT/gtSeg/112/00000006_mask.png,train,lowlight,False,0,3145728,3145728,0.0
dissertation/data/processed/iddaw_masks/train/LOWLIGHT/gtSeg/112/00000009_mask.png,train,lowlight,False,0,3145728,3145728,0.0
dissertation/data/processed/iddaw_masks/train/LOWLIGHT/gtSeg/112/00000016_mask.png,train,lowlight,False,0,3145728,3145728,0.0
dissertation/data/processed/iddaw_masks/train/LOWLIGHT/gtSeg/112/00000004_mask.png,train,lowlight,False,0,3145728,3145728,0.0
dissertation/data/processed/iddaw_masks/train/LOWLIGHT/gtSeg/112/00000008_mask.png,train,lowlight,False,0,3145708,3145728,0.0
dissertation/data/processed/iddaw_masks/train/LOWLIGHT/gtSeg/112/00000014_mask.png,train,lowlight,False,0,3145728,3145728,0.0
dissertation/data/processed/iddaw_masks/train/LOWLIGHT/gtSeg/112/00000003_mask.png,train,lowlight,False,0,3145728,3145728,0.0
dissertation/data/processed/iddaw_masks/train/LOWLIGHT/gtSeg/148/00000002_mask.png,train,lowlight,False,0,3144386,3145728,0.0
dissertation/data/processed/iddaw_masks/train/LOWLIGHT/gtSeg/148/00000011_mask.png,train,lowlight,False,0,3145673,3145728,0.0
dissertation/data/processed/iddaw_masks/train/LOWLIGHT/gtSeg/148/00000000_mask.png,train,lowlight,False,0,3145700,3145728,0.0
dissertation/data/processed/iddaw_masks/train/LOWLIGHT/gtSeg/148/00000010_mask.png,train,lowlight,False,0,3145728,3145728,0.0
dissertation/data/processed/iddaw_masks/train/LOWLIGHT/gtSeg/148/00000005_mask.png,train,lowlight,False,0,3145713,3145728,0.0
dissertation/data/processed/iddaw_masks/train/LOWLIGHT/gtSeg/148/00000007_mask.png,train,lowlight,False,0,3143678,3145728,0.0
dissertation/data/processed/iddaw_masks/train/LOWLIGHT/gtSeg/148/00000001_mask.png,train,lowlight,False,0,3145728,3145728,0.0
dissertation/data/processed/iddaw_masks/train/LOWLIGHT/gtSeg/148/00000006_mask.png,train,lowlight,False,0,3145728,3145728,0.0
dissertation/data/processed/iddaw_masks/train/LOWLIGHT/gtSeg/148/00000009_mask.png,train,lowlight,False,0,3145712,3145728,0.0
dissertation/data/processed/iddaw_masks/train/LOWLIGHT/gtSeg/148/00000004_mask.png,train,lowlight,False,0,3145711,3145728,0.0
dissertation/data/processed/iddaw_masks/train/LOWLIGHT/gtSeg/148/00000008_mask.png,train,lowlight,False,0,3145728,3145728,0.0
dissertation/data/processed/iddaw_masks/train/LOWLIGHT/gtSeg/148/00000003_mask.png,train,lowlight,False,0,3145726,3145728,0.0
dissertation/data/processed/iddaw_masks/train/LOWLIGHT/gtSeg/169/00000002_mask.png,train,lowlight,False,0,3145728,3145728,0.0
dissertation/data/processed/iddaw_masks/train/LOWLIGHT/gtSeg/169/00000013_mask.png,train,lowlight,False,0,3145728,3145728,0.0
dissertation/data/processed/iddaw_masks/train/LOWLIGHT/gtSeg/169/00000018_mask.png,train,lowlight,False,0,3145728,3145728,0.0
dissertation/data/processed/iddaw_masks/train/LOWLIGHT/gtSeg/169/00000017_mask.png,train,lowlight,False,0,3145728,3145728,0.0
dissertation/data/processed/iddaw_masks/train/LOWLIGHT/gtSeg/169/00000011_mask.png,train,lowlight,False,0,3145658,3145728,0.0
dissertation/data/processed/iddaw_masks/train/LOWLIGHT/gtSeg/169/00000000_mask.png,train,lowlight,False,0,3145728,3145728,0.0
dissertation/data/processed/iddaw_masks/train/LOWLIGHT/gtSeg/169/00000010_mask.png,train,lowlight,False,0,3145728,3145728,0.0
dissertation/data/processed/iddaw_masks/train/LOWLIGHT/gtSeg/169/00000019_mask.png,train,lowlight,False,0,3145728,3145728,0.0
dissertation/data/processed/iddaw_masks/train/LOWLIGHT/gtSeg/169/00000005_mask.png,train,lowlight,False,0,3145728,3145728,0.0
dissertation/data/processed/iddaw_masks/train/LOWLIGHT/gtSeg/169/00000007_mask.png,train,lowlight,False,0,3145641,3145728,0.0
dissertation/data/processed/iddaw_masks/train/LOWLIGHT/gtSeg/169/00000015_mask.png,train,lowlight,False,0,3145728,3145728,0.0
dissertation/data/processed/iddaw_masks/train/LOWLIGHT/gtSeg/169/00000012_mask.png,train,lowlight,False,0,3145728,3145728,0.0
dissertation/data/processed/iddaw_masks/train/LOWLIGHT/gtSeg/169/00000001_mask.png,train,lowlight,False,0,3145728,3145728,0.0
dissertation/data/processed/iddaw_masks/train/LOWLIGHT/gtSeg/169/00000006_mask.png,train,lowlight,False,0,3143989,3145728,0.0
dissertation/data/processed/iddaw_masks/train/LOWLIGHT/gtSeg/169/00000009_mask.png,train,lowlight,False,0,3145725,3145728,0.0
dissertation/data/processed/iddaw_masks/train/LOWLIGHT/gtSeg/169/00000016_mask.png,train,lowlight,False,0,3145728,3145728,0.0
dissertation/data/processed/iddaw_masks/train/LOWLIGHT/gtSeg/169/00000004_mask.png,train,lowlight,False,0,3145292,3145728,0.0
dissertation/data/processed/iddaw_masks/train/LOWLIGHT/gtSeg/169/00000008_mask.png,train,lowlight,False,0,3144006,3145728,0.0
dissertation/data/processed/iddaw_masks/train/LOWLIGHT/gtSeg/169/00000014_mask.png,train,lowlight,False,0,3144863,3145728,0.0
dissertation/data/processed/iddaw_masks/train/LOWLIGHT/gtSeg/169/00000003_mask.png,train,lowlight,False,0,3145728,3145728,0.0
dissertation/data/processed/iddaw_masks/train/LOWLIGHT/gtSeg/161/00000002_mask.png,train,lowlight,False,0,3145728,3145728,0.0
dissertation/data/processed/iddaw_masks/train/LOWLIGHT/gtSeg/161/00000013_mask.png,train,lowlight,False,0,3145725,3145728,0.0
dissertation/data/processed/iddaw_masks/train/LOWLIGHT/gtSeg/161/00000018_mask.png,train,lowlight,False,0,3143678,3145728,0.0
dissertation/data/processed/iddaw_masks/train/LOWLIGHT/gtSeg/161/00000017_mask.png,train,lowlight,False,0,3145703,3145728,0.0
dissertation/data/processed/iddaw_masks/train/LOWLIGHT/gtSeg/161/00000021_mask.png,train,lowlight,False,0,3145717,3145728,0.0
dissertation/data/processed/iddaw_masks/train/LOWLIGHT/gtSeg/161/00000011_mask.png,train,lowlight,False,0,3145728,3145728,0.0
dissertation/data/processed/iddaw_masks/train/LOWLIGHT/gtSeg/161/00000000_mask.png,train,lowlight,False,0,3145701,3145728,0.0
dissertation/data/processed/iddaw_masks/train/LOWLIGHT/gtSeg/161/00000010_mask.png,train,lowlight,False,0,3145728,3145728,0.0
dissertation/data/processed/iddaw_masks/train/LOWLIGHT/gtSeg/161/00000019_mask.png,train,lowlight,False,0,3145728,3145728,0.0
dissertation/data/processed/iddaw_masks/train/LOWLIGHT/gtSeg/161/00000005_mask.png,train,lowlight,False,0,3145728,3145728,0.0
dissertation/data/processed/iddaw_masks/train/LOWLIGHT/gtSeg/161/00000007_mask.png,train,lowlight,False,0,3145636,3145728,0.0
dissertation/data/processed/iddaw_masks/train/LOWLIGHT/gtSeg/161/00000023_mask.png,train,lowlight,False,0,3145727,3145728,0.0
dissertation/data/processed/iddaw_masks/train/LOWLIGHT/gtSeg/161/00000022_mask.png,train,lowlight,False,0,3145724,3145728,0.0
dissertation/data/processed/iddaw_masks/train/LOWLIGHT/gtSeg/161/00000015_mask.png,train,lowlight,False,0,3145650,3145728,0.0
dissertation/data/processed/iddaw_masks/train/LOWLIGHT/gtSeg/161/00000012_mask.png,train,lowlight,False,0,3145728,3145728,0.0
dissertation/data/processed/iddaw_masks/train/LOWLIGHT/gtSeg/161/00000001_mask.png,train,lowlight,False,0,3145728,3145728,0.0
dissertation/data/processed/iddaw_masks/train/LOWLIGHT/gtSeg/161/00000006_mask.png,train,lowlight,False,0,3145728,3145728,0.0
dissertation/data/processed/iddaw_masks/train/LOWLIGHT/gtSeg/161/00000009_mask.png,train,lowlight,False,0,3145728,3145728,0.0
dissertation/data/processed/iddaw_masks/train/LOWLIGHT/gtSeg/161/00000020_mask.png,train,lowlight,False,0,3145728,3145728,0.0
dissertation/data/processed/iddaw_masks/train/LOWLIGHT/gtSeg/161/00000016_mask.png,train,lowlight,False,0,3145728,3145728,0.0
dissertation/data/processed/iddaw_masks/train/LOWLIGHT/gtSeg/161/00000004_mask.png,train,lowlight,False,0,3142511,3145728,0.0
dissertation/data/processed/iddaw_masks/train/LOWLIGHT/gtSeg/161/00000008_mask.png,train,lowlight,False,0,3145727,3145728,0.0
dissertation/data/processed/iddaw_masks/train/LOWLIGHT/gtSeg/161/00000014_mask.png,train,lowlight,False,0,3145728,3145728,0.0
dissertation/data/processed/iddaw_masks/train/LOWLIGHT/gtSeg/161/00000003_mask.png,train,lowlight,False,0,3145728,3145728,0.0
dissertation/data/processed/iddaw_masks/train/LOWLIGHT/gtSeg/109/00000000_mask.png,train,lowlight,False,0,3145165,3145728,0.0
dissertation/data/processed/iddaw_masks/train/LOWLIGHT/gtSeg/109/00000001_mask.png,train,lowlight,True,702,3145728,3145728,0.0002231597900390625
dissertation/data/processed/iddaw_masks/train/LOWLIGHT/gtSeg/118/00000000_mask.png,train,lowlight,False,0,3145603,3145728,0.0
dissertation/data/processed/iddaw_masks/train/LOWLIGHT/gtSeg/118/00000001_mask.png,train,lowlight,False,0,3145638,3145728,0.0
dissertation/data/processed/iddaw_masks/train/LOWLIGHT/gtSeg/108/00000002_mask.png,train,lowlight,False,0,3145453,3145728,0.0
dissertation/data/processed/iddaw_masks/train/LOWLIGHT/gtSeg/108/00000013_mask.png,train,lowlight,False,0,3145727,3145728,0.0
dissertation/data/processed/iddaw_masks/train/LOWLIGHT/gtSeg/108/00000018_mask.png,train,lowlight,False,0,3145700,3145728,0.0
dissertation/data/processed/iddaw_masks/train/LOWLIGHT/gtSeg/108/00000017_mask.png,train,lowlight,False,0,3145703,3145728,0.0
dissertation/data/processed/iddaw_masks/train/LOWLIGHT/gtSeg/108/00000011_mask.png,train,lowlight,False,0,3145325,3145728,0.0
dissertation/data/processed/iddaw_masks/train/LOWLIGHT/gtSeg/108/00000000_mask.png,train,lowlight,False,0,3145728,3145728,0.0
dissertation/data/processed/iddaw_masks/train/LOWLIGHT/gtSeg/108/00000010_mask.png,train,lowlight,False,0,3145721,3145728,0.0
dissertation/data/processed/iddaw_masks/train/LOWLIGHT/gtSeg/108/00000005_mask.png,train,lowlight,False,0,3145625,3145728,0.0
dissertation/data/processed/iddaw_masks/train/LOWLIGHT/gtSeg/108/00000007_mask.png,train,lowlight,False,0,3145728,3145728,0.0
dissertation/data/processed/iddaw_masks/train/LOWLIGHT/gtSeg/108/00000015_mask.png,train,lowlight,False,0,3145728,3145728,0.0
dissertation/data/processed/iddaw_masks/train/LOWLIGHT/gtSeg/108/00000012_mask.png,train,lowlight,False,0,3145196,3145728,0.0
dissertation/data/processed/iddaw_masks/train/LOWLIGHT/gtSeg/108/00000001_mask.png,train,lowlight,False,0,3145405,3145728,0.0
dissertation/data/processed/iddaw_masks/train/LOWLIGHT/gtSeg/108/00000006_mask.png,train,lowlight,False,0,3145413,3145728,0.0
dissertation/data/processed/iddaw_masks/train/LOWLIGHT/gtSeg/108/00000009_mask.png,train,lowlight,False,0,3145672,3145728,0.0
dissertation/data/processed/iddaw_masks/train/LOWLIGHT/gtSeg/108/00000016_mask.png,train,lowlight,False,0,3145728,3145728,0.0
dissertation/data/processed/iddaw_masks/train/LOWLIGHT/gtSeg/108/00000004_mask.png,train,lowlight,False,0,3143134,3145728,0.0
dissertation/data/processed/iddaw_masks/train/LOWLIGHT/gtSeg/108/00000008_mask.png,train,lowlight,False,0,3143681,3145728,0.0
dissertation/data/processed/iddaw_masks/train/LOWLIGHT/gtSeg/108/00000014_mask.png,train,lowlight,False,0,3145728,3145728,0.0
dissertation/data/processed/iddaw_masks/train/LOWLIGHT/gtSeg/108/00000003_mask.png,train,lowlight,False,0,3145704,3145728,0.0
dissertation/data/processed/iddaw_masks/train/LOWLIGHT/gtSeg/171/00000002_mask.png,train,lowlight,False,0,3145728,3145728,0.0
dissertation/data/processed/iddaw_masks/train/LOWLIGHT/gtSeg/171/00000013_mask.png,train,lowlight,False,0,3145728,3145728,0.0
dissertation/data/processed/iddaw_masks/train/LOWLIGHT/gtSeg/171/00000018_mask.png,train,lowlight,False,0,3145728,3145728,0.0
dissertation/data/processed/iddaw_masks/train/LOWLIGHT/gtSeg/171/00000029_mask.png,train,lowlight,False,0,3145728,3145728,0.0
dissertation/data/processed/iddaw_masks/train/LOWLIGHT/gtSeg/171/00000017_mask.png,train,lowlight,False,0,3145728,3145728,0.0
dissertation/data/processed/iddaw_masks/train/LOWLIGHT/gtSeg/171/00000024_mask.png,train,lowlight,False,0,3144127,3145728,0.0
dissertation/data/processed/iddaw_masks/train/LOWLIGHT/gtSeg/171/00000021_mask.png,train,lowlight,False,0,3145728,3145728,0.0
dissertation/data/processed/iddaw_masks/train/LOWLIGHT/gtSeg/171/00000011_mask.png,train,lowlight,False,0,3145728,3145728,0.0
dissertation/data/processed/iddaw_masks/train/LOWLIGHT/gtSeg/171/00000000_mask.png,train,lowlight,False,0,3145619,3145728,0.0
dissertation/data/processed/iddaw_masks/train/LOWLIGHT/gtSeg/171/00000010_mask.png,train,lowlight,False,0,3143993,3145728,0.0
dissertation/data/processed/iddaw_masks/train/LOWLIGHT/gtSeg/171/00000019_mask.png,train,lowlight,False,0,3145728,3145728,0.0
dissertation/data/processed/iddaw_masks/train/LOWLIGHT/gtSeg/171/00000005_mask.png,train,lowlight,False,0,3145728,3145728,0.0
dissertation/data/processed/iddaw_masks/train/LOWLIGHT/gtSeg/171/00000007_mask.png,train,lowlight,False,0,3145728,3145728,0.0
dissertation/data/processed/iddaw_masks/train/LOWLIGHT/gtSeg/171/00000027_mask.png,train,lowlight,True,7441,3145728,3145728,0.0023654301961263022
dissertation/data/processed/iddaw_masks/train/LOWLIGHT/gtSeg/171/00000023_mask.png,train,lowlight,False,0,3145501,3145728,0.0
dissertation/data/processed/iddaw_masks/train/LOWLIGHT/gtSeg/171/00000022_mask.png,train,lowlight,False,0,3145728,3145728,0.0
dissertation/data/processed/iddaw_masks/train/LOWLIGHT/gtSeg/171/00000015_mask.png,train,lowlight,False,0,3145728,3145728,0.0
dissertation/data/processed/iddaw_masks/train/LOWLIGHT/gtSeg/171/00000012_mask.png,train,lowlight,False,0,3145728,3145728,0.0
dissertation/data/processed/iddaw_masks/train/LOWLIGHT/gtSeg/171/00000001_mask.png,train,lowlight,False,0,3145728,3145728,0.0
dissertation/data/processed/iddaw_masks/train/LOWLIGHT/gtSeg/171/00000006_mask.png,train,lowlight,False,0,3143681,3145728,0.0
dissertation/data/processed/iddaw_masks/train/LOWLIGHT/gtSeg/171/00000030_mask.png,train,lowlight,False,0,3145728,3145728,0.0
dissertation/data/processed/iddaw_masks/train/LOWLIGHT/gtSeg/171/00000031_mask.png,train,lowlight,False,0,3145728,3145728,0.0
dissertation/data/processed/iddaw_masks/train/LOWLIGHT/gtSeg/171/00000028_mask.png,train,lowlight,False,0,3145712,3145728,0.0
dissertation/data/processed/iddaw_masks/train/LOWLIGHT/gtSeg/171/00000009_mask.png,train,lowlight,False,0,3143683,3145728,0.0
dissertation/data/processed/iddaw_masks/train/LOWLIGHT/gtSeg/171/00000020_mask.png,train,lowlight,False,0,3145728,3145728,0.0
dissertation/data/processed/iddaw_masks/train/LOWLIGHT/gtSeg/171/00000016_mask.png,train,lowlight,False,0,3145728,3145728,0.0
dissertation/data/processed/iddaw_masks/train/LOWLIGHT/gtSeg/171/00000026_mask.png,train,lowlight,False,0,3145728,3145728,0.0
dissertation/data/processed/iddaw_masks/train/LOWLIGHT/gtSeg/171/00000004_mask.png,train,lowlight,False,0,3143681,3145728,0.0
dissertation/data/processed/iddaw_masks/train/LOWLIGHT/gtSeg/171/00000025_mask.png,train,lowlight,False,0,3145711,3145728,0.0
dissertation/data/processed/iddaw_masks/train/LOWLIGHT/gtSeg/171/00000008_mask.png,train,lowlight,False,0,3143682,3145728,0.0
dissertation/data/processed/iddaw_masks/train/LOWLIGHT/gtSeg/171/00000014_mask.png,train,lowlight,False,0,3145728,3145728,0.0
dissertation/data/processed/iddaw_masks/train/LOWLIGHT/gtSeg/171/00000003_mask.png,train,lowlight,False,0,3145728,3145728,0.0
dissertation/data/processed/iddaw_masks/train/LOWLIGHT/gtSeg/142/00000000_mask.png,train,lowlight,False,0,3143797,3145728,0.0
dissertation/data/processed/iddaw_masks/train/LOWLIGHT/gtSeg/107/00000002_mask.png,train,lowlight,False,0,3145669,3145728,0.0
dissertation/data/processed/iddaw_masks/train/LOWLIGHT/gtSeg/107/00000000_mask.png,train,lowlight,False,0,3145576,3145728,0.0
dissertation/data/processed/iddaw_masks/train/LOWLIGHT/gtSeg/107/00000001_mask.png,train,lowlight,False,0,3145533,3145728,0.0
dissertation/data/processed/iddaw_masks/train/LOWLIGHT/gtSeg/107/00000004_mask.png,train,lowlight,False,0,3145701,3145728,0.0
dissertation/data/processed/iddaw_masks/train/LOWLIGHT/gtSeg/107/00000003_mask.png,train,lowlight,False,0,3145661,3145728,0.0
dissertation/data/processed/iddaw_masks/train/LOWLIGHT/gtSeg/155/00000002_mask.png,train,lowlight,False,0,3145728,3145728,0.0
dissertation/data/processed/iddaw_masks/train/LOWLIGHT/gtSeg/155/00000000_mask.png,train,lowlight,False,0,3145723,3145728,0.0
dissertation/data/processed/iddaw_masks/train/LOWLIGHT/gtSeg/155/00000001_mask.png,train,lowlight,False,0,3145727,3145728,0.0
dissertation/data/processed/iddaw_masks/train/LOWLIGHT/gtSeg/155/00000004_mask.png,train,lowlight,False,0,3145728,3145728,0.0
dissertation/data/processed/iddaw_masks/train/LOWLIGHT/gtSeg/155/00000003_mask.png,train,lowlight,False,0,3145721,3145728,0.0
dissertation/data/processed/iddaw_masks/train/LOWLIGHT/gtSeg/157/00000000_mask.png,train,lowlight,False,0,3145422,3145728,0.0
dissertation/data/processed/iddaw_masks/train/LOWLIGHT/gtSeg/121/00000000_mask.png,train,lowlight,False,0,3145728,3145728,0.0
dissertation/data/processed/iddaw_masks/train/LOWLIGHT/gtSeg/121/00000001_mask.png,train,lowlight,False,0,3145715,3145728,0.0
dissertation/data/processed/iddaw_masks/train/LOWLIGHT/gtSeg/110/00000000_mask.png,train,lowlight,False,0,3145556,3145728,0.0
dissertation/data/processed/iddaw_masks/train/LOWLIGHT/gtSeg/136/00000002_mask.png,train,lowlight,False,0,3145728,3145728,0.0
dissertation/data/processed/iddaw_masks/train/LOWLIGHT/gtSeg/136/00000000_mask.png,train,lowlight,False,0,3145728,3145728,0.0
dissertation/data/processed/iddaw_masks/train/LOWLIGHT/gtSeg/136/00000005_mask.png,train,lowlight,False,0,3145728,3145728,0.0
dissertation/data/processed/iddaw_masks/train/LOWLIGHT/gtSeg/136/00000007_mask.png,train,lowlight,False,0,3145728,3145728,0.0
dissertation/data/processed/iddaw_masks/train/LOWLIGHT/gtSeg/136/00000001_mask.png,train,lowlight,False,0,3145682,3145728,0.0
dissertation/data/processed/iddaw_masks/train/LOWLIGHT/gtSeg/136/00000006_mask.png,train,lowlight,False,0,3145726,3145728,0.0
dissertation/data/processed/iddaw_masks/train/LOWLIGHT/gtSeg/136/00000009_mask.png,train,lowlight,False,0,3145728,3145728,0.0
dissertation/data/processed/iddaw_masks/train/LOWLIGHT/gtSeg/136/00000004_mask.png,train,lowlight,False,0,3132411,3145728,0.0
dissertation/data/processed/iddaw_masks/train/LOWLIGHT/gtSeg/136/00000008_mask.png,train,lowlight,False,0,3145728,3145728,0.0
dissertation/data/processed/iddaw_masks/train/LOWLIGHT/gtSeg/136/00000003_mask.png,train,lowlight,False,0,3145728,3145728,0.0
dissertation/data/processed/iddaw_masks/train/LOWLIGHT/gtSeg/116/00000000_mask.png,train,lowlight,False,0,3145408,3145728,0.0
dissertation/data/processed/iddaw_masks/train/LOWLIGHT/gtSeg/143/00000002_mask.png,train,lowlight,False,0,3145728,3145728,0.0
dissertation/data/processed/iddaw_masks/train/LOWLIGHT/gtSeg/143/00000013_mask.png,train,lowlight,False,0,3145728,3145728,0.0
dissertation/data/processed/iddaw_masks/train/LOWLIGHT/gtSeg/143/00000018_mask.png,train,lowlight,False,0,3145728,3145728,0.0
dissertation/data/processed/iddaw_masks/train/LOWLIGHT/gtSeg/143/00000029_mask.png,train,lowlight,False,0,3145728,3145728,0.0
dissertation/data/processed/iddaw_masks/train/LOWLIGHT/gtSeg/143/00000017_mask.png,train,lowlight,False,0,3145727,3145728,0.0
dissertation/data/processed/iddaw_masks/train/LOWLIGHT/gtSeg/143/00000024_mask.png,train,lowlight,False,0,3145258,3145728,0.0
dissertation/data/processed/iddaw_masks/train/LOWLIGHT/gtSeg/143/00000021_mask.png,train,lowlight,False,0,3145728,3145728,0.0
dissertation/data/processed/iddaw_masks/train/LOWLIGHT/gtSeg/143/00000011_mask.png,train,lowlight,False,0,3145728,3145728,0.0
dissertation/data/processed/iddaw_masks/train/LOWLIGHT/gtSeg/143/00000000_mask.png,train,lowlight,False,0,3145658,3145728,0.0
dissertation/data/processed/iddaw_masks/train/LOWLIGHT/gtSeg/143/00000010_mask.png,train,lowlight,False,0,3145728,3145728,0.0
dissertation/data/processed/iddaw_masks/train/LOWLIGHT/gtSeg/143/00000019_mask.png,train,lowlight,False,0,3145728,3145728,0.0
dissertation/data/processed/iddaw_masks/train/LOWLIGHT/gtSeg/143/00000005_mask.png,train,lowlight,False,0,3145728,3145728,0.0
dissertation/data/processed/iddaw_masks/train/LOWLIGHT/gtSeg/143/00000007_mask.png,train,lowlight,False,0,3145728,3145728,0.0
dissertation/data/processed/iddaw_masks/train/LOWLIGHT/gtSeg/143/00000027_mask.png,train,lowlight,False,0,3145728,3145728,0.0
dissertation/data/processed/iddaw_masks/train/LOWLIGHT/gtSeg/143/00000023_mask.png,train,lowlight,False,0,3145728,3145728,0.0
dissertation/data/processed/iddaw_masks/train/LOWLIGHT/gtSeg/143/00000022_mask.png,train,lowlight,False,0,3145728,3145728,0.0
dissertation/data/processed/iddaw_masks/train/LOWLIGHT/gtSeg/143/00000015_mask.png,train,lowlight,False,0,3142803,3145728,0.0
dissertation/data/processed/iddaw_masks/train/LOWLIGHT/gtSeg/143/00000012_mask.png,train,lowlight,False,0,3145728,3145728,0.0
dissertation/data/processed/iddaw_masks/train/LOWLIGHT/gtSeg/143/00000001_mask.png,train,lowlight,False,0,3145728,3145728,0.0
dissertation/data/processed/iddaw_masks/train/LOWLIGHT/gtSeg/143/00000006_mask.png,train,lowlight,False,0,3145728,3145728,0.0
dissertation/data/processed/iddaw_masks/train/LOWLIGHT/gtSeg/143/00000030_mask.png,train,lowlight,False,0,3145728,3145728,0.0
dissertation/data/processed/iddaw_masks/train/LOWLIGHT/gtSeg/143/00000031_mask.png,train,lowlight,False,0,3145728,3145728,0.0
dissertation/data/processed/iddaw_masks/train/LOWLIGHT/gtSeg/143/00000033_mask.png,train,lowlight,False,0,3145706,3145728,0.0
dissertation/data/processed/iddaw_masks/train/LOWLIGHT/gtSeg/143/00000028_mask.png,train,lowlight,False,0,3145608,3145728,0.0
dissertation/data/processed/iddaw_masks/train/LOWLIGHT/gtSeg/143/00000009_mask.png,train,lowlight,False,0,3145713,3145728,0.0
dissertation/data/processed/iddaw_masks/train/LOWLIGHT/gtSeg/143/00000020_mask.png,train,lowlight,False,0,3145728,3145728,0.0
dissertation/data/processed/iddaw_masks/train/LOWLIGHT/gtSeg/143/00000016_mask.png,train,lowlight,False,0,3145728,3145728,0.0
dissertation/data/processed/iddaw_masks/train/LOWLIGHT/gtSeg/143/00000026_mask.png,train,lowlight,False,0,3145728,3145728,0.0
dissertation/data/processed/iddaw_masks/train/LOWLIGHT/gtSeg/143/00000004_mask.png,train,lowlight,False,0,3145728,3145728,0.0
dissertation/data/processed/iddaw_masks/train/LOWLIGHT/gtSeg/143/00000025_mask.png,train,lowlight,False,0,3145728,3145728,0.0
dissertation/data/processed/iddaw_masks/train/LOWLIGHT/gtSeg/143/00000008_mask.png,train,lowlight,False,0,3145728,3145728,0.0
dissertation/data/processed/iddaw_masks/train/LOWLIGHT/gtSeg/143/00000014_mask.png,train,lowlight,False,0,3145728,3145728,0.0
dissertation/data/processed/iddaw_masks/train/LOWLIGHT/gtSeg/143/00000032_mask.png,train,lowlight,False,0,3145728,3145728,0.0
dissertation/data/processed/iddaw_masks/train/LOWLIGHT/gtSeg/143/00000003_mask.png,train,lowlight,False,0,3145728,3145728,0.0
dissertation/data/processed/iddaw_masks/train/LOWLIGHT/gtSeg/125/00000002_mask.png,train,lowlight,False,0,3145728,3145728,0.0
dissertation/data/processed/iddaw_masks/train/LOWLIGHT/gtSeg/125/00000000_mask.png,train,lowlight,False,0,3145728,3145728,0.0
dissertation/data/processed/iddaw_masks/train/LOWLIGHT/gtSeg/125/00000005_mask.png,train,lowlight,False,0,3145720,3145728,0.0
dissertation/data/processed/iddaw_masks/train/LOWLIGHT/gtSeg/125/00000001_mask.png,train,lowlight,False,0,3145728,3145728,0.0
dissertation/data/processed/iddaw_masks/train/LOWLIGHT/gtSeg/125/00000004_mask.png,train,lowlight,False,0,3145728,3145728,0.0
dissertation/data/processed/iddaw_masks/train/LOWLIGHT/gtSeg/125/00000003_mask.png,train,lowlight,False,0,3145728,3145728,0.0
dissertation/data/processed/iddaw_masks/train/LOWLIGHT/gtSeg/146/00000000_mask.png,train,lowlight,False,0,3145725,3145728,0.0
dissertation/data/processed/iddaw_masks/train/LOWLIGHT/gtSeg/146/00000001_mask.png,train,lowlight,False,0,3145728,3145728,0.0
dissertation/data/processed/iddaw_masks/train/LOWLIGHT/gtSeg/140/00000002_mask.png,train,lowlight,False,0,3145728,3145728,0.0
dissertation/data/processed/iddaw_masks/train/LOWLIGHT/gtSeg/140/00000034_mask.png,train,lowlight,False,0,3145728,3145728,0.0
dissertation/data/processed/iddaw_masks/train/LOWLIGHT/gtSeg/140/00000013_mask.png,train,lowlight,False,0,3145728,3145728,0.0
dissertation/data/processed/iddaw_masks/train/LOWLIGHT/gtSeg/140/00000049_mask.png,train,lowlight,False,0,3145728,3145728,0.0
dissertation/data/processed/iddaw_masks/train/LOWLIGHT/gtSeg/140/00000018_mask.png,train,lowlight,False,0,3145685,3145728,0.0
dissertation/data/processed/iddaw_masks/train/LOWLIGHT/gtSeg/140/00000050_mask.png,train,lowlight,False,0,3145728,3145728,0.0
dissertation/data/processed/iddaw_masks/train/LOWLIGHT/gtSeg/140/00000029_mask.png,train,lowlight,False,0,3145728,3145728,0.0
dissertation/data/processed/iddaw_masks/train/LOWLIGHT/gtSeg/140/00000057_mask.png,train,lowlight,False,0,3145678,3145728,0.0
dissertation/data/processed/iddaw_masks/train/LOWLIGHT/gtSeg/140/00000017_mask.png,train,lowlight,False,0,3145661,3145728,0.0
dissertation/data/processed/iddaw_masks/train/LOWLIGHT/gtSeg/140/00000024_mask.png,train,lowlight,False,0,3145728,3145728,0.0
dissertation/data/processed/iddaw_masks/train/LOWLIGHT/gtSeg/140/00000021_mask.png,train,lowlight,False,0,3145726,3145728,0.0
dissertation/data/processed/iddaw_masks/train/LOWLIGHT/gtSeg/140/00000035_mask.png,train,lowlight,False,0,3145685,3145728,0.0
dissertation/data/processed/iddaw_masks/train/LOWLIGHT/gtSeg/140/00000011_mask.png,train,lowlight,False,0,3145728,3145728,0.0
dissertation/data/processed/iddaw_masks/train/LOWLIGHT/gtSeg/140/00000000_mask.png,train,lowlight,False,0,3145727,3145728,0.0
dissertation/data/processed/iddaw_masks/train/LOWLIGHT/gtSeg/140/00000010_mask.png,train,lowlight,False,0,3145728,3145728,0.0
dissertation/data/processed/iddaw_masks/train/LOWLIGHT/gtSeg/140/00000019_mask.png,train,lowlight,False,0,3145719,3145728,0.0
dissertation/data/processed/iddaw_masks/train/LOWLIGHT/gtSeg/140/00000005_mask.png,train,lowlight,False,0,3145701,3145728,0.0
dissertation/data/processed/iddaw_masks/train/LOWLIGHT/gtSeg/140/00000043_mask.png,train,lowlight,False,0,3145728,3145728,0.0
dissertation/data/processed/iddaw_masks/train/LOWLIGHT/gtSeg/140/00000059_mask.png,train,lowlight,False,0,3144518,3145728,0.0
dissertation/data/processed/iddaw_masks/train/LOWLIGHT/gtSeg/140/00000007_mask.png,train,lowlight,False,0,3145705,3145728,0.0
dissertation/data/processed/iddaw_masks/train/LOWLIGHT/gtSeg/140/00000047_mask.png,train,lowlight,False,0,3145672,3145728,0.0
dissertation/data/processed/iddaw_masks/train/LOWLIGHT/gtSeg/140/00000027_mask.png,train,lowlight,False,0,3145724,3145728,0.0
dissertation/data/processed/iddaw_masks/train/LOWLIGHT/gtSeg/140/00000023_mask.png,train,lowlight,False,0,3145590,3145728,0.0
dissertation/data/processed/iddaw_masks/train/LOWLIGHT/gtSeg/140/00000040_mask.png,train,lowlight,False,0,3145728,3145728,0.0
dissertation/data/processed/iddaw_masks/train/LOWLIGHT/gtSeg/140/00000022_mask.png,train,lowlight,False,0,3145633,3145728,0.0
dissertation/data/processed/iddaw_masks/train/LOWLIGHT/gtSeg/140/00000015_mask.png,train,lowlight,False,0,3145719,3145728,0.0
dissertation/data/processed/iddaw_masks/train/LOWLIGHT/gtSeg/140/00000044_mask.png,train,lowlight,False,0,3145728,3145728,0.0
dissertation/data/processed/iddaw_masks/train/LOWLIGHT/gtSeg/140/00000012_mask.png,train,lowlight,False,0,3145728,3145728,0.0
dissertation/data/processed/iddaw_masks/train/LOWLIGHT/gtSeg/140/00000001_mask.png,train,lowlight,False,0,3145728,3145728,0.0
dissertation/data/processed/iddaw_masks/train/LOWLIGHT/gtSeg/140/00000006_mask.png,train,lowlight,False,0,3145728,3145728,0.0
dissertation/data/processed/iddaw_masks/train/LOWLIGHT/gtSeg/140/00000048_mask.png,train,lowlight,False,0,3145728,3145728,0.0
dissertation/data/processed/iddaw_masks/train/LOWLIGHT/gtSeg/140/00000030_mask.png,train,lowlight,False,0,3145728,3145728,0.0
dissertation/data/processed/iddaw_masks/train/LOWLIGHT/gtSeg/140/00000031_mask.png,train,lowlight,False,0,3145728,3145728,0.0
dissertation/data/processed/iddaw_masks/train/LOWLIGHT/gtSeg/140/00000033_mask.png,train,lowlight,False,0,3142579,3145728,0.0
dissertation/data/processed/iddaw_masks/train/LOWLIGHT/gtSeg/140/00000055_mask.png,train,lowlight,False,0,3145728,3145728,0.0
dissertation/data/processed/iddaw_masks/train/LOWLIGHT/gtSeg/140/00000028_mask.png,train,lowlight,False,0,3145728,3145728,0.0
dissertation/data/processed/iddaw_masks/train/LOWLIGHT/gtSeg/140/00000039_mask.png,train,lowlight,False,0,3145728,3145728,0.0
dissertation/data/processed/iddaw_masks/train/LOWLIGHT/gtSeg/140/00000038_mask.png,train,lowlight,False,0,3145696,3145728,0.0
dissertation/data/processed/iddaw_masks/train/LOWLIGHT/gtSeg/140/00000052_mask.png,train,lowlight,False,0,3145728,3145728,0.0
dissertation/data/processed/iddaw_masks/train/LOWLIGHT/gtSeg/140/00000051_mask.png,train,lowlight,False,0,3145128,3145728,0.0
dissertation/data/processed/iddaw_masks/train/LOWLIGHT/gtSeg/140/00000037_mask.png,train,lowlight,False,0,3145716,3145728,0.0
dissertation/data/processed/iddaw_masks/train/LOWLIGHT/gtSeg/140/00000009_mask.png,train,lowlight,False,0,3145692,3145728,0.0
dissertation/data/processed/iddaw_masks/train/LOWLIGHT/gtSeg/140/00000042_mask.png,train,lowlight,False,0,3145621,3145728,0.0
dissertation/data/processed/iddaw_masks/train/LOWLIGHT/gtSeg/140/00000054_mask.png,train,lowlight,False,0,3145728,3145728,0.0
dissertation/data/processed/iddaw_masks/train/LOWLIGHT/gtSeg/140/00000020_mask.png,train,lowlight,False,0,3145728,3145728,0.0
dissertation/data/processed/iddaw_masks/train/LOWLIGHT/gtSeg/140/00000058_mask.png,train,lowlight,False,0,3145687,3145728,0.0
dissertation/data/processed/iddaw_masks/train/LOWLIGHT/gtSeg/140/00000056_mask.png,train,lowlight,False,0,3145728,3145728,0.0
dissertation/data/processed/iddaw_masks/train/LOWLIGHT/gtSeg/140/00000046_mask.png,train,lowlight,False,0,3145728,3145728,0.0
dissertation/data/processed/iddaw_masks/train/LOWLIGHT/gtSeg/140/00000016_mask.png,train,lowlight,False,0,3145704,3145728,0.0
dissertation/data/processed/iddaw_masks/train/LOWLIGHT/gtSeg/140/00000061_mask.png,train,lowlight,False,0,3145701,3145728,0.0
dissertation/data/processed/iddaw_masks/train/LOWLIGHT/gtSeg/140/00000036_mask.png,train,lowlight,False,0,3145728,3145728,0.0
dissertation/data/processed/iddaw_masks/train/LOWLIGHT/gtSeg/140/00000026_mask.png,train,lowlight,False,0,3145728,3145728,0.0
dissertation/data/processed/iddaw_masks/train/LOWLIGHT/gtSeg/140/00000045_mask.png,train,lowlight,False,0,3145728,3145728,0.0
dissertation/data/processed/iddaw_masks/train/LOWLIGHT/gtSeg/140/00000041_mask.png,train,lowlight,False,0,3145728,3145728,0.0
dissertation/data/processed/iddaw_masks/train/LOWLIGHT/gtSeg/140/00000004_mask.png,train,lowlight,False,0,3145728,3145728,0.0
dissertation/data/processed/iddaw_masks/train/LOWLIGHT/gtSeg/140/00000025_mask.png,train,lowlight,False,0,3145728,3145728,0.0
dissertation/data/processed/iddaw_masks/train/LOWLIGHT/gtSeg/140/00000008_mask.png,train,lowlight,False,0,3145718,3145728,0.0
dissertation/data/processed/iddaw_masks/train/LOWLIGHT/gtSeg/140/00000060_mask.png,train,lowlight,False,0,3145728,3145728,0.0
dissertation/data/processed/iddaw_masks/train/LOWLIGHT/gtSeg/140/00000014_mask.png,train,lowlight,False,0,3145728,3145728,0.0
dissertation/data/processed/iddaw_masks/train/LOWLIGHT/gtSeg/140/00000032_mask.png,train,lowlight,False,0,3145728,3145728,0.0
dissertation/data/processed/iddaw_masks/train/LOWLIGHT/gtSeg/140/00000053_mask.png,train,lowlight,False,0,3145728,3145728,0.0
dissertation/data/processed/iddaw_masks/train/LOWLIGHT/gtSeg/140/00000003_mask.png,train,lowlight,False,0,3145728,3145728,0.0
dissertation/data/processed/iddaw_masks/train/LOWLIGHT/gtSeg/114/00000002_mask.png,train,lowlight,False,0,3145728,3145728,0.0
dissertation/data/processed/iddaw_masks/train/LOWLIGHT/gtSeg/114/00000000_mask.png,train,lowlight,False,0,3145728,3145728,0.0
dissertation/data/processed/iddaw_masks/train/LOWLIGHT/gtSeg/114/00000005_mask.png,train,lowlight,False,0,3145728,3145728,0.0
dissertation/data/processed/iddaw_masks/train/LOWLIGHT/gtSeg/114/00000001_mask.png,train,lowlight,False,0,3145728,3145728,0.0
dissertation/data/processed/iddaw_masks/train/LOWLIGHT/gtSeg/114/00000004_mask.png,train,lowlight,False,0,3145728,3145728,0.0
dissertation/data/processed/iddaw_masks/train/LOWLIGHT/gtSeg/114/00000003_mask.png,train,lowlight,False,0,3145728,3145728,0.0
